<?xml version="1.0" encoding="UTF-8"?>
<osm version="0.6" generator="openstreetmap-cgimap 2.1.0 (244700 spike-07.openstreetmap.org)" copyright="OpenStreetMap and contributors" attribution="http://www.openstreetmap.org/copyright" license="http://opendatacommons.org/licenses/odbl/1-0/">
 <bounds minlat="30.3570000" minlon="119.9670000" maxlat="30.3700000" maxlon="119.9770000"/>
 <node id="2659340033" visible="true" version="2" changeset="122536708" timestamp="2022-06-18T08:35:15Z" user="萧苏晏" uid="6088120" lat="30.3517156" lon="119.9658504"/>
 <node id="2659340035" visible="true" version="2" changeset="122536708" timestamp="2022-06-18T08:35:15Z" user="萧苏晏" uid="6088120" lat="30.3517402" lon="119.9660613"/>
 <node id="2659340078" visible="true" version="2" changeset="122536708" timestamp="2022-06-18T08:35:15Z" user="萧苏晏" uid="6088120" lat="30.3527252" lon="119.9660277"/>
 <node id="2659340079" visible="true" version="1" changeset="20429591" timestamp="2014-02-07T12:36:28Z" user="katpatuka" uid="17497" lat="30.3528470" lon="119.9662515"/>
 <node id="2659340081" visible="true" version="1" changeset="20429591" timestamp="2014-02-07T12:36:28Z" user="katpatuka" uid="17497" lat="30.3541094" lon="119.9664824"/>
 <node id="2659340082" visible="true" version="1" changeset="20429591" timestamp="2014-02-07T12:36:28Z" user="katpatuka" uid="17497" lat="30.3541426" lon="119.9666980"/>
 <node id="2963479479" visible="true" version="1" changeset="24150523" timestamp="2014-07-14T22:24:20Z" user="Rub21" uid="510836" lat="30.3550114" lon="119.9670089"/>
 <node id="2963479480" visible="true" version="1" changeset="24150523" timestamp="2014-07-14T22:24:20Z" user="Rub21" uid="510836" lat="30.3558141" lon="119.9670849"/>
 <node id="2963479481" visible="true" version="1" changeset="24150523" timestamp="2014-07-14T22:24:20Z" user="Rub21" uid="510836" lat="30.3565530" lon="119.9675596"/>
 <node id="2963479482" visible="true" version="2" changeset="122536708" timestamp="2022-06-18T08:35:15Z" user="萧苏晏" uid="6088120" lat="30.3571587" lon="119.9675731"/>
 <node id="2963479483" visible="true" version="1" changeset="24150523" timestamp="2014-07-14T22:24:20Z" user="Rub21" uid="510836" lat="30.3577614" lon="119.9679962"/>
 <node id="2963479484" visible="true" version="1" changeset="24150523" timestamp="2014-07-14T22:24:20Z" user="Rub21" uid="510836" lat="30.3581833" lon="119.9679303"/>
 <node id="2963479485" visible="true" version="1" changeset="24150523" timestamp="2014-07-14T22:24:20Z" user="Rub21" uid="510836" lat="30.3589388" lon="119.9681992"/>
 <node id="2963479486" visible="true" version="1" changeset="24150523" timestamp="2014-07-14T22:24:20Z" user="Rub21" uid="510836" lat="30.3591176" lon="119.9684630"/>
 <node id="2963479487" visible="true" version="1" changeset="24150523" timestamp="2014-07-14T22:24:20Z" user="Rub21" uid="510836" lat="30.3594490" lon="119.9683536"/>
 <node id="2963479488" visible="true" version="1" changeset="24150523" timestamp="2014-07-14T22:24:20Z" user="Rub21" uid="510836" lat="30.3597435" lon="119.9686544"/>
 <node id="2963479489" visible="true" version="1" changeset="24150523" timestamp="2014-07-14T22:24:20Z" user="Rub21" uid="510836" lat="30.3599592" lon="119.9684771"/>
 <node id="2963479490" visible="true" version="1" changeset="24150523" timestamp="2014-07-14T22:24:20Z" user="Rub21" uid="510836" lat="30.3602250" lon="119.9687433"/>
 <node id="2963479491" visible="true" version="1" changeset="24150523" timestamp="2014-07-14T22:24:20Z" user="Rub21" uid="510836" lat="30.3605780" lon="119.9685910"/>
 <node id="2963479492" visible="true" version="1" changeset="24150523" timestamp="2014-07-14T22:24:20Z" user="Rub21" uid="510836" lat="30.3605794" lon="119.9688027"/>
 <node id="2963479493" visible="true" version="1" changeset="24150523" timestamp="2014-07-14T22:24:20Z" user="Rub21" uid="510836" lat="30.3611060" lon="119.9688810"/>
 <node id="2963479494" visible="true" version="1" changeset="24150523" timestamp="2014-07-14T22:24:20Z" user="Rub21" uid="510836" lat="30.3611312" lon="119.9686741"/>
 <node id="2963479495" visible="true" version="1" changeset="24150523" timestamp="2014-07-14T22:24:20Z" user="Rub21" uid="510836" lat="30.3615840" lon="119.9687098"/>
 <node id="2963479496" visible="true" version="1" changeset="24150523" timestamp="2014-07-14T22:24:20Z" user="Rub21" uid="510836" lat="30.3619400" lon="119.9689333"/>
 <node id="2963479497" visible="true" version="1" changeset="24150523" timestamp="2014-07-14T22:24:20Z" user="Rub21" uid="510836" lat="30.3624794" lon="119.9687335"/>
 <node id="2963479498" visible="true" version="1" changeset="24150523" timestamp="2014-07-14T22:24:20Z" user="Rub21" uid="510836" lat="30.3630177" lon="119.9689475"/>
 <node id="2963479499" visible="true" version="1" changeset="24150523" timestamp="2014-07-14T22:24:20Z" user="Rub21" uid="510836" lat="30.3636227" lon="119.9687715"/>
 <node id="2963479500" visible="true" version="1" changeset="24150523" timestamp="2014-07-14T22:24:20Z" user="Rub21" uid="510836" lat="30.3642307" lon="119.9689760"/>
 <node id="2963479501" visible="true" version="1" changeset="24150523" timestamp="2014-07-14T22:24:20Z" user="Rub21" uid="510836" lat="30.3647824" lon="119.9687858"/>
 <node id="2963479502" visible="true" version="1" changeset="24150523" timestamp="2014-07-14T22:24:20Z" user="Rub21" uid="510836" lat="30.3657448" lon="119.9690116"/>
 <node id="2963479503" visible="true" version="1" changeset="24150523" timestamp="2014-07-14T22:24:20Z" user="Rub21" uid="510836" lat="30.3658786" lon="119.9688095"/>
 <node id="2963479504" visible="true" version="1" changeset="24150523" timestamp="2014-07-14T22:24:20Z" user="Rub21" uid="510836" lat="30.3673634" lon="119.9690496"/>
 <node id="2963479505" visible="true" version="1" changeset="24150523" timestamp="2014-07-14T22:24:20Z" user="Rub21" uid="510836" lat="30.3673681" lon="119.9688522"/>
 <node id="2963479506" visible="true" version="1" changeset="24150523" timestamp="2014-07-14T22:24:20Z" user="Rub21" uid="510836" lat="30.3685831" lon="119.9688736"/>
 <node id="2963479507" visible="true" version="2" changeset="121181518" timestamp="2022-05-19T08:17:52Z" user="萧苏晏" uid="6088120" lat="30.3689553" lon="119.9690876"/>
 <node id="2963479508" visible="true" version="1" changeset="24150523" timestamp="2014-07-14T22:24:20Z" user="Rub21" uid="510836" lat="30.3695440" lon="119.9689045"/>
 <node id="2963479509" visible="true" version="1" changeset="24150523" timestamp="2014-07-14T22:24:20Z" user="Rub21" uid="510836" lat="30.3703451" lon="119.9689235"/>
 <node id="2963479510" visible="true" version="1" changeset="24150523" timestamp="2014-07-14T22:24:20Z" user="Rub21" uid="510836" lat="30.3703998" lon="119.9691256"/>
 <node id="2963479511" visible="true" version="1" changeset="24150523" timestamp="2014-07-14T22:24:20Z" user="Rub21" uid="510836" lat="30.3715846" lon="119.9689401"/>
 <node id="2963479512" visible="true" version="1" changeset="24150523" timestamp="2014-07-14T22:24:20Z" user="Rub21" uid="510836" lat="30.3717930" lon="119.9691565"/>
 <node id="2963479513" visible="true" version="1" changeset="24150523" timestamp="2014-07-14T22:24:20Z" user="Rub21" uid="510836" lat="30.3729429" lon="119.9689710"/>
 <node id="2963479516" visible="true" version="1" changeset="24150523" timestamp="2014-07-14T22:24:20Z" user="Rub21" uid="510836" lat="30.3744262" lon="119.9690161"/>
 <node id="2963479517" visible="true" version="1" changeset="24150523" timestamp="2014-07-14T22:24:20Z" user="Rub21" uid="510836" lat="30.3758828" lon="119.9690398"/>
 <node id="2963479519" visible="true" version="1" changeset="24150523" timestamp="2014-07-14T22:24:20Z" user="Rub21" uid="510836" lat="30.3770895" lon="119.9690636"/>
 <node id="2963491771" visible="true" version="2" changeset="121181518" timestamp="2022-05-19T08:17:52Z" user="萧苏晏" uid="6088120" lat="30.3691167" lon="119.9690923"/>
 <node id="2963491772" visible="true" version="2" changeset="121181518" timestamp="2022-05-19T08:17:52Z" user="萧苏晏" uid="6088120" lat="30.3691224" lon="119.9716289"/>
 <node id="2963491773" visible="true" version="2" changeset="121181518" timestamp="2022-05-19T08:17:52Z" user="萧苏晏" uid="6088120" lat="30.3691085" lon="119.9704956"/>
 <node id="2963491775" visible="true" version="1" changeset="24150705" timestamp="2014-07-14T22:42:09Z" user="Rub21" uid="510836" lat="30.3691745" lon="119.9724127"/>
 <node id="2963491780" visible="true" version="1" changeset="24150705" timestamp="2014-07-14T22:42:09Z" user="Rub21" uid="510836" lat="30.3696497" lon="119.9771629"/>
 <node id="2963491781" visible="true" version="1" changeset="24150705" timestamp="2014-07-14T22:42:10Z" user="Rub21" uid="510836" lat="30.3697308" lon="119.9781755"/>
 <node id="2963491782" visible="true" version="1" changeset="24150705" timestamp="2014-07-14T22:42:10Z" user="Rub21" uid="510836" lat="30.3698148" lon="119.9789999"/>
 <node id="2963491784" visible="true" version="1" changeset="24150705" timestamp="2014-07-14T22:42:10Z" user="Rub21" uid="510836" lat="30.3700510" lon="119.9813037"/>
 <node id="2963491785" visible="true" version="1" changeset="24150705" timestamp="2014-07-14T22:42:10Z" user="Rub21" uid="510836" lat="30.3701698" lon="119.9825798"/>
 <node id="2963491804" visible="true" version="3" changeset="124879002" timestamp="2022-08-14T09:01:07Z" user="萧苏晏" uid="6088120" lat="30.3778359" lon="119.9725869"/>
 <node id="2963509662" visible="true" version="1" changeset="24150850" timestamp="2014-07-14T22:55:54Z" user="Rub21" uid="510836" lat="30.3700075" lon="119.9808824"/>
 <node id="2963509663" visible="true" version="3" changeset="117183756" timestamp="2022-02-09T04:02:10Z" user="SNH48-林忆宁" uid="5888135" lat="30.3691197" lon="119.9662932"/>
 <node id="2963509679" visible="true" version="1" changeset="24150850" timestamp="2014-07-14T22:55:54Z" user="Rub21" uid="510836" lat="30.3779095" lon="119.9691036"/>
 <node id="3313332478" visible="true" version="8" changeset="179429836" timestamp="2026-03-06T07:18:49Z" user="Higashimado" uid="23239738" lat="30.3699746" lon="119.9709155">
  <tag k="capital" v="8"/>
  <tag k="name" v="瓶窑镇"/>
  <tag k="name:en" v="Pingyao"/>
  <tag k="name:ru" v="Пинъяо"/>
  <tag k="name:uk" v="Пін'яо"/>
  <tag k="name:zh" v="瓶窑镇"/>
  <tag k="name:zh-Hans" v="瓶窑镇"/>
  <tag k="name:zh-Hant" v="瓶窯鎮"/>
  <tag k="name:zh-Latn-pinyin" v="Píngyáo Zhèn"/>
  <tag k="place" v="town"/>
  <tag k="place:CN" v="town"/>
  <tag k="wikidata" v="Q14005388"/>
  <tag k="wikipedia" v="zh:瓶窑镇"/>
 </node>
 <node id="5257163847" visible="true" version="3" changeset="126317908" timestamp="2022-09-18T05:15:18Z" user="Quintindom" uid="16828775" lat="30.3722290" lon="119.9693428"/>
 <node id="5257163848" visible="true" version="3" changeset="126317908" timestamp="2022-09-18T05:15:18Z" user="Quintindom" uid="16828775" lat="30.3722452" lon="119.9722986"/>
 <node id="5257163849" visible="true" version="3" changeset="126317908" timestamp="2022-09-18T05:15:18Z" user="Quintindom" uid="16828775" lat="30.3692506" lon="119.9723180"/>
 <node id="5257163850" visible="true" version="3" changeset="126317908" timestamp="2022-09-18T05:15:18Z" user="Quintindom" uid="16828775" lat="30.3692210" lon="119.9692479"/>
 <node id="5257163851" visible="true" version="3" changeset="124334242" timestamp="2022-08-01T09:12:32Z" user="萧苏晏" uid="6088120" lat="30.3711599" lon="119.9708488"/>
 <node id="5257163852" visible="true" version="3" changeset="124334242" timestamp="2022-08-01T09:12:32Z" user="萧苏晏" uid="6088120" lat="30.3711029" lon="119.9706213"/>
 <node id="5257163853" visible="true" version="3" changeset="124334242" timestamp="2022-08-01T09:12:32Z" user="萧苏晏" uid="6088120" lat="30.3709892" lon="119.9704245"/>
 <node id="5257163854" visible="true" version="3" changeset="124334242" timestamp="2022-08-01T09:12:32Z" user="萧苏晏" uid="6088120" lat="30.3708294" lon="119.9702768"/>
 <node id="5257163855" visible="true" version="3" changeset="124334242" timestamp="2022-08-01T09:12:32Z" user="萧苏晏" uid="6088120" lat="30.3706386" lon="119.9701920"/>
 <node id="5257163856" visible="true" version="3" changeset="124334242" timestamp="2022-08-01T09:12:32Z" user="萧苏晏" uid="6088120" lat="30.3704347" lon="119.9701780"/>
 <node id="5257163857" visible="true" version="3" changeset="124334242" timestamp="2022-08-01T09:12:32Z" user="萧苏晏" uid="6088120" lat="30.3702366" lon="119.9702362"/>
 <node id="5257163858" visible="true" version="3" changeset="124334242" timestamp="2022-08-01T09:12:32Z" user="萧苏晏" uid="6088120" lat="30.3698393" lon="119.9710767"/>
 <node id="5257163859" visible="true" version="3" changeset="124334242" timestamp="2022-08-01T09:12:32Z" user="萧苏晏" uid="6088120" lat="30.3699458" lon="119.9713841"/>
 <node id="5257163860" visible="true" version="3" changeset="124334242" timestamp="2022-08-01T09:12:32Z" user="萧苏晏" uid="6088120" lat="30.3700743" lon="119.9715469"/>
 <node id="5257163861" visible="true" version="3" changeset="124334242" timestamp="2022-08-01T09:12:32Z" user="萧苏晏" uid="6088120" lat="30.3702372" lon="119.9716610"/>
 <node id="5257163862" visible="true" version="3" changeset="124334242" timestamp="2022-08-01T09:12:32Z" user="萧苏晏" uid="6088120" lat="30.3704212" lon="119.9717173"/>
 <node id="5257163863" visible="true" version="3" changeset="124334242" timestamp="2022-08-01T09:12:32Z" user="萧苏晏" uid="6088120" lat="30.3707153" lon="119.9716802"/>
 <node id="5257163864" visible="true" version="3" changeset="124334242" timestamp="2022-08-01T09:12:32Z" user="萧苏晏" uid="6088120" lat="30.3708941" lon="119.9715713"/>
 <node id="5257163865" visible="true" version="3" changeset="124334242" timestamp="2022-08-01T09:12:32Z" user="萧苏晏" uid="6088120" lat="30.3710366" lon="119.9714055"/>
 <node id="5257163866" visible="true" version="3" changeset="124334242" timestamp="2022-08-01T09:12:32Z" user="萧苏晏" uid="6088120" lat="30.3700630" lon="119.9703611"/>
 <node id="5257163867" visible="true" version="3" changeset="124334242" timestamp="2022-08-01T09:12:32Z" user="萧苏晏" uid="6088120" lat="30.3698855" lon="119.9706398"/>
 <node id="5257163868" visible="true" version="3" changeset="124334242" timestamp="2022-08-01T09:12:32Z" user="萧苏晏" uid="6088120" lat="30.3698350" lon="119.9708544"/>
 <node id="5257163869" visible="true" version="3" changeset="124334242" timestamp="2022-08-01T09:12:32Z" user="萧苏晏" uid="6088120" lat="30.3711299" lon="119.9711978"/>
 <node id="5257163870" visible="true" version="2" changeset="121181518" timestamp="2022-05-19T08:17:52Z" user="萧苏晏" uid="6088120" lat="30.3698121" lon="119.9705544"/>
 <node id="5257163871" visible="true" version="2" changeset="121181518" timestamp="2022-05-19T08:17:52Z" user="萧苏晏" uid="6088120" lat="30.3697885" lon="119.9712723"/>
 <node id="5257163872" visible="true" version="2" changeset="121181518" timestamp="2022-05-19T08:17:52Z" user="萧苏晏" uid="6088120" lat="30.3693122" lon="119.9712513"/>
 <node id="5257163873" visible="true" version="2" changeset="121181518" timestamp="2022-05-19T08:17:52Z" user="萧苏晏" uid="6088120" lat="30.3693357" lon="119.9705335"/>
 <node id="5257163875" visible="true" version="1" changeset="54225904" timestamp="2017-12-01T07:00:57Z" user="chenliang0571" uid="649394" lat="30.3691172" lon="119.9712409"/>
 <node id="5257163890" visible="true" version="2" changeset="124879002" timestamp="2022-08-14T09:01:07Z" user="萧苏晏" uid="6088120" lat="30.3723411" lon="119.9691790"/>
 <node id="5257163891" visible="true" version="3" changeset="124929861" timestamp="2022-08-15T13:57:48Z" user="萧苏晏" uid="6088120" lat="30.3723460" lon="119.9724354"/>
 <node id="5257163897" visible="true" version="3" changeset="124334242" timestamp="2022-08-01T09:12:32Z" user="萧苏晏" uid="6088120" lat="30.3711653" lon="119.9709674"/>
 <node id="5265915224" visible="true" version="1" changeset="54367615" timestamp="2017-12-05T14:49:58Z" user="chenliang0571" uid="649394" lat="30.3692604" lon="119.9732384"/>
 <node id="5265915225" visible="true" version="1" changeset="54367615" timestamp="2017-12-05T14:49:58Z" user="chenliang0571" uid="649394" lat="30.3695767" lon="119.9732413"/>
 <node id="5265915226" visible="true" version="1" changeset="54367615" timestamp="2017-12-05T14:49:58Z" user="chenliang0571" uid="649394" lat="30.3695581" lon="119.9726887"/>
 <node id="5265915227" visible="true" version="1" changeset="54367615" timestamp="2017-12-05T14:49:58Z" user="chenliang0571" uid="649394" lat="30.3704499" lon="119.9726496"/>
 <node id="5265915228" visible="true" version="1" changeset="54367615" timestamp="2017-12-05T14:49:58Z" user="chenliang0571" uid="649394" lat="30.3704499" lon="119.9738780"/>
 <node id="5265915229" visible="true" version="1" changeset="54367615" timestamp="2017-12-05T14:49:58Z" user="chenliang0571" uid="649394" lat="30.3696122" lon="119.9738941"/>
 <node id="5265915234" visible="true" version="1" changeset="54367615" timestamp="2017-12-05T14:49:58Z" user="chenliang0571" uid="649394" lat="30.3699286" lon="119.9727871"/>
 <node id="5265915235" visible="true" version="1" changeset="54367615" timestamp="2017-12-05T14:49:58Z" user="chenliang0571" uid="649394" lat="30.3697758" lon="119.9727856"/>
 <node id="5265915236" visible="true" version="1" changeset="54367615" timestamp="2017-12-05T14:49:58Z" user="chenliang0571" uid="649394" lat="30.3697725" lon="119.9732414"/>
 <node id="5265915237" visible="true" version="1" changeset="54367615" timestamp="2017-12-05T14:49:58Z" user="chenliang0571" uid="649394" lat="30.3699252" lon="119.9732429"/>
 <node id="5265915242" visible="true" version="1" changeset="54367615" timestamp="2017-12-05T14:49:58Z" user="chenliang0571" uid="649394" lat="30.3699415" lon="119.9733784"/>
 <node id="5265915243" visible="true" version="1" changeset="54367615" timestamp="2017-12-05T14:49:58Z" user="chenliang0571" uid="649394" lat="30.3697842" lon="119.9733800"/>
 <node id="5265915244" visible="true" version="1" changeset="54367615" timestamp="2017-12-05T14:49:58Z" user="chenliang0571" uid="649394" lat="30.3697874" lon="119.9738037"/>
 <node id="5265915245" visible="true" version="1" changeset="54367615" timestamp="2017-12-05T14:49:58Z" user="chenliang0571" uid="649394" lat="30.3699447" lon="119.9738021"/>
 <node id="5323154286" visible="true" version="2" changeset="121181518" timestamp="2022-05-19T08:17:52Z" user="萧苏晏" uid="6088120" lat="30.3739979" lon="119.9724862"/>
 <node id="5793321731" visible="true" version="2" changeset="124334242" timestamp="2022-08-01T09:12:32Z" user="萧苏晏" uid="6088120" lat="30.3718812" lon="119.9741906"/>
 <node id="5793321732" visible="true" version="1" changeset="61156589" timestamp="2018-07-29T05:57:24Z" user="SNH48-林忆宁" uid="5888135" lat="30.3693399" lon="119.9741045"/>
 <node id="5793321743" visible="true" version="3" changeset="147076019" timestamp="2024-02-05T02:57:44Z" user="萧苏晏" uid="6088120" lat="30.3722225" lon="119.9758849"/>
 <node id="5793321744" visible="true" version="3" changeset="147076019" timestamp="2024-02-05T02:57:44Z" user="萧苏晏" uid="6088120" lat="30.3695132" lon="119.9759748"/>
 <node id="6537162757" visible="true" version="1" changeset="71103957" timestamp="2019-06-10T13:55:39Z" user="阿道夫" uid="9957936" lat="30.3719777" lon="119.9792730"/>
 <node id="6537162760" visible="true" version="1" changeset="71103957" timestamp="2019-06-10T13:55:39Z" user="阿道夫" uid="9957936" lat="30.3719565" lon="119.9779746"/>
 <node id="6537162761" visible="true" version="1" changeset="71103957" timestamp="2019-06-10T13:55:39Z" user="阿道夫" uid="9957936" lat="30.3714636" lon="119.9779907"/>
 <node id="6537162762" visible="true" version="1" changeset="71103957" timestamp="2019-06-10T13:55:39Z" user="阿道夫" uid="9957936" lat="30.3699131" lon="119.9782160"/>
 <node id="6537162763" visible="true" version="1" changeset="71103957" timestamp="2019-06-10T13:55:39Z" user="阿道夫" uid="9957936" lat="30.3696979" lon="119.9761507"/>
 <node id="6537162764" visible="true" version="1" changeset="71103957" timestamp="2019-06-10T13:55:39Z" user="阿道夫" uid="9957936" lat="30.3697534" lon="119.9760622"/>
 <node id="6537162765" visible="true" version="1" changeset="71103957" timestamp="2019-06-10T13:55:39Z" user="阿道夫" uid="9957936" lat="30.3723638" lon="119.9759415"/>
 <node id="6537162766" visible="true" version="1" changeset="71103957" timestamp="2019-06-10T13:55:39Z" user="阿道夫" uid="9957936" lat="30.3733149" lon="119.9761721"/>
 <node id="6537162767" visible="true" version="1" changeset="71103957" timestamp="2019-06-10T13:55:39Z" user="阿道夫" uid="9957936" lat="30.3737707" lon="119.9765611"/>
 <node id="6537162768" visible="true" version="1" changeset="71103957" timestamp="2019-06-10T13:55:39Z" user="阿道夫" uid="9957936" lat="30.3744927" lon="119.9773094"/>
 <node id="6537162769" visible="true" version="1" changeset="71103957" timestamp="2019-06-10T13:55:39Z" user="阿道夫" uid="9957936" lat="30.3740345" lon="119.9778378"/>
 <node id="6537162770" visible="true" version="1" changeset="71103957" timestamp="2019-06-10T13:55:39Z" user="阿道夫" uid="9957936" lat="30.3738540" lon="119.9782401"/>
 <node id="6537162771" visible="true" version="1" changeset="71103957" timestamp="2019-06-10T13:55:39Z" user="阿道夫" uid="9957936" lat="30.3738448" lon="119.9784011"/>
 <node id="6537162772" visible="true" version="1" changeset="71103957" timestamp="2019-06-10T13:55:39Z" user="阿道夫" uid="9957936" lat="30.3738726" lon="119.9785352"/>
 <node id="6537162773" visible="true" version="1" changeset="71103957" timestamp="2019-06-10T13:55:39Z" user="阿道夫" uid="9957936" lat="30.3719958" lon="119.9803805"/>
 <node id="6537162774" visible="true" version="1" changeset="71103957" timestamp="2019-06-10T13:55:39Z" user="阿道夫" uid="9957936" lat="30.3731668" lon="119.9804556"/>
 <node id="6537162775" visible="true" version="1" changeset="71103957" timestamp="2019-06-10T13:55:39Z" user="阿道夫" uid="9957936" lat="30.3731876" lon="119.9808687"/>
 <node id="6537162776" visible="true" version="1" changeset="71103957" timestamp="2019-06-10T13:55:39Z" user="阿道夫" uid="9957936" lat="30.3750250" lon="119.9809304"/>
 <node id="6537162777" visible="true" version="1" changeset="71103957" timestamp="2019-06-10T13:55:39Z" user="阿道夫" uid="9957936" lat="30.3750180" lon="119.9788356"/>
 <node id="8974966986" visible="true" version="2" changeset="122536708" timestamp="2022-06-18T08:35:15Z" user="萧苏晏" uid="6088120" lat="30.3543969" lon="119.9666005"/>
 <node id="8974966987" visible="true" version="1" changeset="109042531" timestamp="2021-08-02T16:11:27Z" user="BJMTR" uid="13793923" lat="30.3543688" lon="119.9667790"/>
 <node id="8983729839" visible="true" version="1" changeset="109210383" timestamp="2021-08-05T15:48:39Z" user="BJMTR" uid="13793923" lat="30.3811211" lon="119.9752443"/>
 <node id="8983729840" visible="true" version="1" changeset="109210383" timestamp="2021-08-05T15:48:39Z" user="BJMTR" uid="13793923" lat="30.3820466" lon="119.9757178"/>
 <node id="9491302648" visible="true" version="1" changeset="117183756" timestamp="2022-02-09T04:02:10Z" user="SNH48-林忆宁" uid="5888135" lat="30.3581745" lon="119.9602153"/>
 <node id="9491302649" visible="true" version="1" changeset="117183756" timestamp="2022-02-09T04:02:10Z" user="SNH48-林忆宁" uid="5888135" lat="30.3581815" lon="119.9681408"/>
 <node id="9491302650" visible="true" version="2" changeset="147076019" timestamp="2024-02-05T02:57:44Z" user="萧苏晏" uid="6088120" lat="30.3580306" lon="119.9680909"/>
 <node id="9491302651" visible="true" version="2" changeset="147076019" timestamp="2024-02-05T02:57:44Z" user="萧苏晏" uid="6088120" lat="30.3580345" lon="119.9678766"/>
 <node id="9491302652" visible="true" version="2" changeset="122536708" timestamp="2022-06-18T08:35:15Z" user="萧苏晏" uid="6088120" lat="30.3580143" lon="119.9624077"/>
 <node id="9491302654" visible="true" version="1" changeset="117183756" timestamp="2022-02-09T04:02:10Z" user="SNH48-林忆宁" uid="5888135" lat="30.3581811" lon="119.9660085"/>
 <node id="9491302655" visible="true" version="1" changeset="117183756" timestamp="2022-02-09T04:02:10Z" user="SNH48-林忆宁" uid="5888135" lat="30.3580121" lon="119.9660084"/>
 <node id="9491302670" visible="true" version="2" changeset="121181518" timestamp="2022-05-19T08:17:52Z" user="萧苏晏" uid="6088120" lat="30.3689574" lon="119.9688854"/>
 <node id="9491302671" visible="true" version="2" changeset="121181518" timestamp="2022-05-19T08:17:52Z" user="萧苏晏" uid="6088120" lat="30.3689906" lon="119.9712309"/>
 <node id="9491302672" visible="true" version="2" changeset="121181518" timestamp="2022-05-19T08:17:52Z" user="萧苏晏" uid="6088120" lat="30.3690401" lon="119.9723617"/>
 <node id="9491302673" visible="true" version="2" changeset="122536708" timestamp="2022-06-18T08:35:15Z" user="萧苏晏" uid="6088120" lat="30.3698720" lon="119.9808892"/>
 <node id="9491302674" visible="true" version="3" changeset="134646586" timestamp="2023-04-08T10:30:48Z" user="Quintindom" uid="16828775" lat="30.3700304" lon="119.9828401"/>
 <node id="9491302675" visible="true" version="3" changeset="134646586" timestamp="2023-04-08T10:30:48Z" user="Quintindom" uid="16828775" lat="30.3700598" lon="119.9831927"/>
 <node id="9491302676" visible="true" version="2" changeset="122536708" timestamp="2022-06-18T08:35:15Z" user="萧苏晏" uid="6088120" lat="30.3702265" lon="119.9831510"/>
 <node id="9753874507" visible="true" version="1" changeset="121181518" timestamp="2022-05-19T08:17:52Z" user="萧苏晏" uid="6088120" lat="30.3689518" lon="119.9662883"/>
 <node id="9753874508" visible="true" version="1" changeset="121181518" timestamp="2022-05-19T08:17:52Z" user="萧苏晏" uid="6088120" lat="30.3691169" lon="119.9688906"/>
 <node id="9753874509" visible="true" version="2" changeset="125775807" timestamp="2022-09-04T14:50:11Z" user="萧苏晏" uid="6088120" lat="30.3689494" lon="119.9693040"/>
 <node id="9753874510" visible="true" version="2" changeset="124334242" timestamp="2022-08-01T09:12:32Z" user="萧苏晏" uid="6088120" lat="30.3698979" lon="119.9712884"/>
 <node id="9753874511" visible="true" version="2" changeset="124334242" timestamp="2022-08-01T09:12:32Z" user="萧苏晏" uid="6088120" lat="30.3699301" lon="119.9705410"/>
 <node id="9753874512" visible="true" version="2" changeset="124334242" timestamp="2022-08-01T09:12:32Z" user="萧苏晏" uid="6088120" lat="30.3703275" lon="119.9716968"/>
 <node id="9753874513" visible="true" version="2" changeset="124334242" timestamp="2022-08-01T09:12:32Z" user="萧苏晏" uid="6088120" lat="30.3706173" lon="119.9717099"/>
 <node id="9753874514" visible="true" version="2" changeset="124334242" timestamp="2022-08-01T09:12:32Z" user="萧苏晏" uid="6088120" lat="30.3708082" lon="119.9716336"/>
 <node id="9753874515" visible="true" version="2" changeset="124334242" timestamp="2022-08-01T09:12:32Z" user="萧苏晏" uid="6088120" lat="30.3709708" lon="119.9714947"/>
 <node id="9753874516" visible="true" version="2" changeset="124334242" timestamp="2022-08-01T09:12:32Z" user="萧苏晏" uid="6088120" lat="30.3710900" lon="119.9713058"/>
 <node id="9753874517" visible="true" version="2" changeset="124334242" timestamp="2022-08-01T09:12:32Z" user="萧苏晏" uid="6088120" lat="30.3711551" lon="119.9710842"/>
 <node id="9753874518" visible="true" version="2" changeset="124334242" timestamp="2022-08-01T09:12:32Z" user="萧苏晏" uid="6088120" lat="30.3711389" lon="119.9707325"/>
 <node id="9753874519" visible="true" version="2" changeset="124334242" timestamp="2022-08-01T09:12:32Z" user="萧苏晏" uid="6088120" lat="30.3710525" lon="119.9705179"/>
 <node id="9753874520" visible="true" version="2" changeset="124334242" timestamp="2022-08-01T09:12:32Z" user="萧苏晏" uid="6088120" lat="30.3709142" lon="119.9703436"/>
 <node id="9753874521" visible="true" version="2" changeset="124334242" timestamp="2022-08-01T09:12:32Z" user="萧苏晏" uid="6088120" lat="30.3707369" lon="119.9702259"/>
 <node id="9753874522" visible="true" version="2" changeset="124334242" timestamp="2022-08-01T09:12:32Z" user="萧苏晏" uid="6088120" lat="30.3705371" lon="119.9701759"/>
 <node id="9753874523" visible="true" version="2" changeset="124334242" timestamp="2022-08-01T09:12:32Z" user="萧苏晏" uid="6088120" lat="30.3703337" lon="119.9701983"/>
 <node id="9753874524" visible="true" version="2" changeset="124334242" timestamp="2022-08-01T09:12:32Z" user="萧苏晏" uid="6088120" lat="30.3701456" lon="119.9702909"/>
 <node id="9753874525" visible="true" version="2" changeset="124334242" timestamp="2022-08-01T09:12:32Z" user="萧苏晏" uid="6088120" lat="30.3699905" lon="119.9704452"/>
 <node id="9753874526" visible="true" version="2" changeset="124334242" timestamp="2022-08-01T09:12:32Z" user="萧苏晏" uid="6088120" lat="30.3698535" lon="119.9707450"/>
 <node id="9753874527" visible="true" version="2" changeset="124334242" timestamp="2022-08-01T09:12:32Z" user="萧苏晏" uid="6088120" lat="30.3698302" lon="119.9709657"/>
 <node id="9753874528" visible="true" version="2" changeset="124334242" timestamp="2022-08-01T09:12:32Z" user="萧苏晏" uid="6088120" lat="30.3698620" lon="119.9711850"/>
 <node id="9753874529" visible="true" version="2" changeset="124334242" timestamp="2022-08-01T09:12:32Z" user="萧苏晏" uid="6088120" lat="30.3700050" lon="119.9714708"/>
 <node id="9753874530" visible="true" version="2" changeset="124334242" timestamp="2022-08-01T09:12:32Z" user="萧苏晏" uid="6088120" lat="30.3701522" lon="119.9716107"/>
 <node id="9753874539" visible="true" version="1" changeset="121181518" timestamp="2022-05-19T08:17:52Z" user="萧苏晏" uid="6088120" lat="30.3691715" lon="119.9723672"/>
 <node id="9753874540" visible="true" version="1" changeset="121181518" timestamp="2022-05-19T08:17:52Z" user="萧苏晏" uid="6088120" lat="30.3705166" lon="119.9724086"/>
 <node id="9753874541" visible="true" version="2" changeset="124334242" timestamp="2022-08-01T09:12:32Z" user="萧苏晏" uid="6088120" lat="30.3705166" lon="119.9717221"/>
 <node id="9753874773" visible="true" version="2" changeset="134646586" timestamp="2023-04-08T10:30:48Z" user="Quintindom" uid="16828775" lat="30.3687228" lon="119.9693119"/>
 <node id="9753874774" visible="true" version="1" changeset="121181518" timestamp="2022-05-19T08:17:52Z" user="萧苏晏" uid="6088120" lat="30.3654754" lon="119.9691935"/>
 <node id="9753874775" visible="true" version="1" changeset="121181518" timestamp="2022-05-19T08:17:52Z" user="萧苏晏" uid="6088120" lat="30.3628426" lon="119.9691474"/>
 <node id="9753874776" visible="true" version="1" changeset="121181518" timestamp="2022-05-19T08:17:52Z" user="萧苏晏" uid="6088120" lat="30.3614983" lon="119.9691105"/>
 <node id="9753874777" visible="true" version="1" changeset="121181518" timestamp="2022-05-19T08:17:52Z" user="萧苏晏" uid="6088120" lat="30.3606790" lon="119.9690183"/>
 <node id="9753874778" visible="true" version="1" changeset="121181518" timestamp="2022-05-19T08:17:52Z" user="萧苏晏" uid="6088120" lat="30.3599233" lon="119.9688708"/>
 <node id="9753874779" visible="true" version="1" changeset="121181518" timestamp="2022-05-19T08:17:52Z" user="萧苏晏" uid="6088120" lat="30.3592790" lon="119.9687141"/>
 <node id="9753874780" visible="true" version="2" changeset="134646586" timestamp="2023-04-08T10:30:48Z" user="Quintindom" uid="16828775" lat="30.3583971" lon="119.9684947"/>
 <node id="9753874781" visible="true" version="2" changeset="134646586" timestamp="2023-04-08T10:30:48Z" user="Quintindom" uid="16828775" lat="30.3583774" lon="119.9708272"/>
 <node id="9753874784" visible="true" version="2" changeset="134646586" timestamp="2023-04-08T10:30:48Z" user="Quintindom" uid="16828775" lat="30.3584551" lon="119.9740845"/>
 <node id="9753874785" visible="true" version="2" changeset="134646586" timestamp="2023-04-08T10:30:48Z" user="Quintindom" uid="16828775" lat="30.3630409" lon="119.9756551"/>
 <node id="9753874786" visible="true" version="2" changeset="134646586" timestamp="2023-04-08T10:30:48Z" user="Quintindom" uid="16828775" lat="30.3654322" lon="119.9755114"/>
 <node id="9753874788" visible="true" version="2" changeset="134646586" timestamp="2023-04-08T10:30:48Z" user="Quintindom" uid="16828775" lat="30.3665983" lon="119.9755151"/>
 <node id="9753874789" visible="true" version="2" changeset="134646586" timestamp="2023-04-08T10:30:48Z" user="Quintindom" uid="16828775" lat="30.3668790" lon="119.9753244"/>
 <node id="9753874790" visible="true" version="2" changeset="134646586" timestamp="2023-04-08T10:30:48Z" user="Quintindom" uid="16828775" lat="30.3620808" lon="119.9757171"/>
 <node id="9827528668" visible="true" version="1" changeset="122536708" timestamp="2022-06-18T08:35:15Z" user="萧苏晏" uid="6088120" lat="30.3557064" lon="119.9670468"/>
 <node id="9827528674" visible="true" version="1" changeset="122536708" timestamp="2022-06-18T08:35:15Z" user="萧苏晏" uid="6088120" lat="30.3518719" lon="119.9658676"/>
 <node id="9827528707" visible="true" version="1" changeset="122536708" timestamp="2022-06-18T08:35:15Z" user="萧苏晏" uid="6088120" lat="30.3523293" lon="119.9661439"/>
 <node id="9827528828" visible="true" version="2" changeset="147076019" timestamp="2024-02-05T02:57:44Z" user="萧苏晏" uid="6088120" lat="30.3697652" lon="119.9799677"/>
 <node id="9827528829" visible="true" version="2" changeset="147076019" timestamp="2024-02-05T02:57:44Z" user="萧苏晏" uid="6088120" lat="30.3699104" lon="119.9799490"/>
 <node id="9827528830" visible="true" version="4" changeset="147076019" timestamp="2024-02-05T02:57:44Z" user="萧苏晏" uid="6088120" lat="30.3700929" lon="119.9836273"/>
 <node id="9827528832" visible="true" version="2" changeset="147076019" timestamp="2024-02-05T02:57:44Z" user="萧苏晏" uid="6088120" lat="30.3603872" lon="119.9827585"/>
 <node id="9827528837" visible="true" version="2" changeset="147076019" timestamp="2024-02-05T02:57:44Z" user="萧苏晏" uid="6088120" lat="30.3603856" lon="119.9829063"/>
 <node id="9827528840" visible="true" version="3" changeset="147076019" timestamp="2024-02-05T02:57:44Z" user="萧苏晏" uid="6088120" lat="30.3646096" lon="119.9762142"/>
 <node id="9827528841" visible="true" version="1" changeset="122536708" timestamp="2022-06-18T08:35:15Z" user="萧苏晏" uid="6088120" lat="30.3647061" lon="119.9799665"/>
 <node id="9827528842" visible="true" version="1" changeset="122536708" timestamp="2022-06-18T08:35:15Z" user="萧苏晏" uid="6088120" lat="30.3648045" lon="119.9831532"/>
 <node id="9827528843" visible="true" version="1" changeset="122536708" timestamp="2022-06-18T08:35:15Z" user="萧苏晏" uid="6088120" lat="30.3648093" lon="119.9833200"/>
 <node id="9837638766" visible="true" version="1" changeset="122690294" timestamp="2022-06-22T04:04:14Z" user="AUV" uid="2607646" lat="30.3581223" lon="119.9825272"/>
 <node id="9837638767" visible="true" version="2" changeset="147076019" timestamp="2024-02-05T02:57:44Z" user="萧苏晏" uid="6088120" lat="30.3580527" lon="119.9794646"/>
 <node id="9837638769" visible="true" version="2" changeset="147076019" timestamp="2024-02-05T02:57:44Z" user="萧苏晏" uid="6088120" lat="30.3611770" lon="119.9764028"/>
 <node id="9837638770" visible="true" version="1" changeset="122690294" timestamp="2022-06-22T04:04:14Z" user="AUV" uid="2607646" lat="30.3581478" lon="119.9763334"/>
 <node id="9837638771" visible="true" version="2" changeset="147076019" timestamp="2024-02-05T02:57:44Z" user="萧苏晏" uid="6088120" lat="30.3604015" lon="119.9763889"/>
 <node id="9837638772" visible="true" version="2" changeset="147076019" timestamp="2024-02-05T02:57:44Z" user="萧苏晏" uid="6088120" lat="30.3678207" lon="119.9835548"/>
 <node id="9837638773" visible="true" version="1" changeset="122690294" timestamp="2022-06-22T04:04:14Z" user="AUV" uid="2607646" lat="30.3582106" lon="119.9560426"/>
 <node id="9837638774" visible="true" version="2" changeset="134646586" timestamp="2023-04-08T10:30:48Z" user="Quintindom" uid="16828775" lat="30.3581930" lon="119.9556931"/>
 <node id="9837638776" visible="true" version="1" changeset="122690294" timestamp="2022-06-22T04:04:14Z" user="AUV" uid="2607646" lat="30.3581782" lon="119.9597838"/>
 <node id="9837638782" visible="true" version="2" changeset="134646586" timestamp="2023-04-08T10:30:48Z" user="Quintindom" uid="16828775" lat="30.3581720" lon="119.9601023"/>
 <node id="9837638785" visible="true" version="2" changeset="147076019" timestamp="2024-02-05T02:57:44Z" user="萧苏晏" uid="6088120" lat="30.3693803" lon="119.9759808"/>
 <node id="9952326112" visible="true" version="1" changeset="124879002" timestamp="2022-08-14T09:01:07Z" user="萧苏晏" uid="6088120" lat="30.3816396" lon="119.9755683"/>
 <node id="9952326145" visible="true" version="1" changeset="124879002" timestamp="2022-08-14T09:01:07Z" user="萧苏晏" uid="6088120" lat="30.3808797" lon="119.9750792"/>
 <node id="9952326146" visible="true" version="1" changeset="124879002" timestamp="2022-08-14T09:01:07Z" user="萧苏晏" uid="6088120" lat="30.3806243" lon="119.9747059"/>
 <node id="9952326147" visible="true" version="1" changeset="124879002" timestamp="2022-08-14T09:01:07Z" user="萧苏晏" uid="6088120" lat="30.3804115" lon="119.9741818"/>
 <node id="9952326148" visible="true" version="1" changeset="124879002" timestamp="2022-08-14T09:01:07Z" user="萧苏晏" uid="6088120" lat="30.3798947" lon="119.9737628"/>
 <node id="9952326149" visible="true" version="1" changeset="124879002" timestamp="2022-08-14T09:01:07Z" user="萧苏晏" uid="6088120" lat="30.3792630" lon="119.9734944"/>
 <node id="9952326150" visible="true" version="1" changeset="124879002" timestamp="2022-08-14T09:01:07Z" user="萧苏晏" uid="6088120" lat="30.3789072" lon="119.9732562"/>
 <node id="9952326151" visible="true" version="1" changeset="124879002" timestamp="2022-08-14T09:01:07Z" user="萧苏晏" uid="6088120" lat="30.3782207" lon="119.9725162"/>
 <node id="9952326152" visible="true" version="1" changeset="124879002" timestamp="2022-08-14T09:01:07Z" user="萧苏晏" uid="6088120" lat="30.3772553" lon="119.9720506"/>
 <node id="9952326153" visible="true" version="1" changeset="124879002" timestamp="2022-08-14T09:01:07Z" user="萧苏晏" uid="6088120" lat="30.3769578" lon="119.9711246"/>
 <node id="9952326154" visible="true" version="1" changeset="124879002" timestamp="2022-08-14T09:01:07Z" user="萧苏晏" uid="6088120" lat="30.3767120" lon="119.9706427"/>
 <node id="9952326155" visible="true" version="1" changeset="124879002" timestamp="2022-08-14T09:01:07Z" user="萧苏晏" uid="6088120" lat="30.3759977" lon="119.9699007"/>
 <node id="9952326156" visible="true" version="1" changeset="124879002" timestamp="2022-08-14T09:01:07Z" user="萧苏晏" uid="6088120" lat="30.3755322" lon="119.9697787"/>
 <node id="9952326157" visible="true" version="1" changeset="124879002" timestamp="2022-08-14T09:01:07Z" user="萧苏晏" uid="6088120" lat="30.3750745" lon="119.9696291"/>
 <node id="9952326158" visible="true" version="1" changeset="124879002" timestamp="2022-08-14T09:01:07Z" user="萧苏晏" uid="6088120" lat="30.3738371" lon="119.9696566"/>
 <node id="9952326159" visible="true" version="1" changeset="124879002" timestamp="2022-08-14T09:01:07Z" user="萧苏晏" uid="6088120" lat="30.3724691" lon="119.9695770"/>
 <node id="9952326160" visible="true" version="1" changeset="124879002" timestamp="2022-08-14T09:01:07Z" user="萧苏晏" uid="6088120" lat="30.3705084" lon="119.9695355"/>
 <node id="9952326161" visible="true" version="1" changeset="124879002" timestamp="2022-08-14T09:01:07Z" user="萧苏晏" uid="6088120" lat="30.3701508" lon="119.9695906"/>
 <node id="9952326162" visible="true" version="4" changeset="134646586" timestamp="2023-04-08T10:30:48Z" user="Quintindom" uid="16828775" lat="30.3634863" lon="119.9758822"/>
 <node id="9952326163" visible="true" version="1" changeset="124879002" timestamp="2022-08-14T09:01:07Z" user="萧苏晏" uid="6088120" lat="30.3723419" lon="119.9689573"/>
 <node id="9999844408" visible="true" version="1" changeset="125775807" timestamp="2022-09-04T14:50:11Z" user="萧苏晏" uid="6088120" lat="30.3691152" lon="119.9692789"/>
 <node id="9999844409" visible="true" version="1" changeset="125775807" timestamp="2022-09-04T14:50:11Z" user="萧苏晏" uid="6088120" lat="30.3691121" lon="119.9699270"/>
 <node id="9999844410" visible="true" version="1" changeset="125775807" timestamp="2022-09-04T14:50:11Z" user="萧苏晏" uid="6088120" lat="30.3689523" lon="119.9699295"/>
 <node id="10030997050" visible="true" version="1" changeset="126287329" timestamp="2022-09-17T07:26:40Z" user="Quintindom" uid="16828775" lat="30.3505095" lon="119.9698185"/>
 <node id="10030997051" visible="true" version="1" changeset="126287329" timestamp="2022-09-17T07:26:40Z" user="Quintindom" uid="16828775" lat="30.3522093" lon="119.9698566"/>
 <node id="10030997052" visible="true" version="1" changeset="126287329" timestamp="2022-09-17T07:26:40Z" user="Quintindom" uid="16828775" lat="30.3553290" lon="119.9696202"/>
 <node id="10030997053" visible="true" version="2" changeset="147076019" timestamp="2024-02-05T02:57:44Z" user="萧苏晏" uid="6088120" lat="30.3553962" lon="119.9761767"/>
 <node id="10030997054" visible="true" version="1" changeset="126287329" timestamp="2022-09-17T07:26:40Z" user="Quintindom" uid="16828775" lat="30.3603177" lon="119.9759386"/>
 <node id="10030997058" visible="true" version="1" changeset="126287329" timestamp="2022-09-17T07:26:40Z" user="Quintindom" uid="16828775" lat="30.3613933" lon="119.9758839"/>
 <node id="10030997059" visible="true" version="1" changeset="126287329" timestamp="2022-09-17T07:26:40Z" user="Quintindom" uid="16828775" lat="30.3615225" lon="119.9779108"/>
 <node id="10030997060" visible="true" version="2" changeset="134646586" timestamp="2023-04-08T10:30:48Z" user="Quintindom" uid="16828775" lat="30.3614720" lon="119.9785234"/>
 <node id="10030997062" visible="true" version="3" changeset="147076019" timestamp="2024-02-05T02:57:44Z" user="萧苏晏" uid="6088120" lat="30.3614382" lon="119.9819776"/>
 <node id="10030997063" visible="true" version="1" changeset="126287329" timestamp="2022-09-17T07:26:40Z" user="Quintindom" uid="16828775" lat="30.3494768" lon="119.9695107"/>
 <node id="10030997067" visible="true" version="2" changeset="147076019" timestamp="2024-02-05T02:57:44Z" user="萧苏晏" uid="6088120" lat="30.3582861" lon="119.9760561"/>
 <node id="10030997068" visible="true" version="1" changeset="126287329" timestamp="2022-09-17T07:26:40Z" user="Quintindom" uid="16828775" lat="30.3581130" lon="119.9760667"/>
 <node id="10030997071" visible="true" version="2" changeset="147076019" timestamp="2024-02-05T02:57:44Z" user="萧苏晏" uid="6088120" lat="30.3579257" lon="119.9760673"/>
 <node id="10030997072" visible="true" version="1" changeset="126287329" timestamp="2022-09-17T07:26:40Z" user="Quintindom" uid="16828775" lat="30.3575342" lon="119.9695940"/>
 <node id="10030997073" visible="true" version="1" changeset="126287329" timestamp="2022-09-17T07:26:40Z" user="Quintindom" uid="16828775" lat="30.3575761" lon="119.9760979"/>
 <node id="10030997074" visible="true" version="1" changeset="126287329" timestamp="2022-09-17T07:26:40Z" user="Quintindom" uid="16828775" lat="30.3579585" lon="119.9695880"/>
 <node id="10030997077" visible="true" version="1" changeset="126287329" timestamp="2022-09-17T07:26:40Z" user="Quintindom" uid="16828775" lat="30.3582115" lon="119.9695844"/>
 <node id="10032774347" visible="true" version="1" changeset="126317908" timestamp="2022-09-18T05:15:18Z" user="Quintindom" uid="16828775" lat="30.3704899" lon="119.9724839"/>
 <node id="10032774348" visible="true" version="2" changeset="176527130" timestamp="2025-12-28T12:52:19Z" user="meongseolin" uid="18160068" lat="30.3703060" lon="119.9740288"/>
 <node id="10032774349" visible="true" version="2" changeset="176527130" timestamp="2025-12-28T12:52:19Z" user="meongseolin" uid="18160068" lat="30.3694119" lon="119.9740356"/>
 <node id="10032774350" visible="true" version="1" changeset="126317908" timestamp="2022-09-18T05:15:18Z" user="Quintindom" uid="16828775" lat="30.3692904" lon="119.9724993"/>
 <node id="10032774351" visible="true" version="1" changeset="126317908" timestamp="2022-09-18T05:15:18Z" user="Quintindom" uid="16828775" lat="30.3704586" lon="119.9742954"/>
 <node id="10032774352" visible="true" version="1" changeset="126317908" timestamp="2022-09-18T05:15:18Z" user="Quintindom" uid="16828775" lat="30.3704658" lon="119.9749793"/>
 <node id="10032774353" visible="true" version="1" changeset="126317908" timestamp="2022-09-18T05:15:18Z" user="Quintindom" uid="16828775" lat="30.3696179" lon="119.9749641"/>
 <node id="10032774354" visible="true" version="1" changeset="126317908" timestamp="2022-09-18T05:15:18Z" user="Quintindom" uid="16828775" lat="30.3694887" lon="119.9742786"/>
 <node id="10032774359" visible="true" version="1" changeset="126317908" timestamp="2022-09-18T05:15:18Z" user="Quintindom" uid="16828775" lat="30.3704595" lon="119.9740320"/>
 <node id="10032774360" visible="true" version="1" changeset="126317908" timestamp="2022-09-18T05:15:18Z" user="Quintindom" uid="16828775" lat="30.3704872" lon="119.9726229"/>
 <node id="10032774367" visible="true" version="1" changeset="126317908" timestamp="2022-09-18T05:15:18Z" user="Quintindom" uid="16828775" lat="30.3705549" lon="119.9757942"/>
 <node id="10032774368" visible="true" version="1" changeset="126317908" timestamp="2022-09-18T05:15:18Z" user="Quintindom" uid="16828775" lat="30.3704593" lon="119.9743570"/>
 <node id="10032774370" visible="true" version="1" changeset="126317908" timestamp="2022-09-18T05:15:18Z" user="Quintindom" uid="16828775" lat="30.3697362" lon="119.9757488"/>
 <node id="10032774385" visible="true" version="1" changeset="126317908" timestamp="2022-09-18T05:15:18Z" user="Quintindom" uid="16828775" lat="30.3701311" lon="119.9675534"/>
 <node id="10032774386" visible="true" version="1" changeset="126317908" timestamp="2022-09-18T05:15:18Z" user="Quintindom" uid="16828775" lat="30.3693741" lon="119.9675457"/>
 <node id="10032774387" visible="true" version="1" changeset="126317908" timestamp="2022-09-18T05:15:18Z" user="Quintindom" uid="16828775" lat="30.3693459" lon="119.9685884"/>
 <node id="10032774388" visible="true" version="1" changeset="126317908" timestamp="2022-09-18T05:15:18Z" user="Quintindom" uid="16828775" lat="30.3694646" lon="119.9687268"/>
 <node id="10032774389" visible="true" version="1" changeset="126317908" timestamp="2022-09-18T05:15:18Z" user="Quintindom" uid="16828775" lat="30.3702488" lon="119.9687725"/>
 <node id="10032774390" visible="true" version="1" changeset="126317908" timestamp="2022-09-18T05:15:18Z" user="Quintindom" uid="16828775" lat="30.3700723" lon="119.9664763"/>
 <node id="10032774391" visible="true" version="1" changeset="126317908" timestamp="2022-09-18T05:15:18Z" user="Quintindom" uid="16828775" lat="30.3695106" lon="119.9664628"/>
 <node id="10032774392" visible="true" version="1" changeset="126317908" timestamp="2022-09-18T05:15:18Z" user="Quintindom" uid="16828775" lat="30.3693756" lon="119.9665320"/>
 <node id="10111604808" visible="true" version="1" changeset="127735061" timestamp="2022-10-18T15:49:04Z" user="Quintindom" uid="16828775" lat="30.3620005" lon="119.9662316"/>
 <node id="10111604809" visible="true" version="1" changeset="127735061" timestamp="2022-10-18T15:49:04Z" user="Quintindom" uid="16828775" lat="30.3583297" lon="119.9661595"/>
 <node id="10111604810" visible="true" version="1" changeset="127735061" timestamp="2022-10-18T15:49:04Z" user="Quintindom" uid="16828775" lat="30.3583162" lon="119.9677321"/>
 <node id="10111604811" visible="true" version="1" changeset="127735061" timestamp="2022-10-18T15:49:04Z" user="Quintindom" uid="16828775" lat="30.3593770" lon="119.9681611"/>
 <node id="10111604812" visible="true" version="1" changeset="127735061" timestamp="2022-10-18T15:49:04Z" user="Quintindom" uid="16828775" lat="30.3607539" lon="119.9684754"/>
 <node id="10111604813" visible="true" version="1" changeset="127735061" timestamp="2022-10-18T15:49:04Z" user="Quintindom" uid="16828775" lat="30.3623785" lon="119.9685359"/>
 <node id="10111604814" visible="true" version="1" changeset="127735061" timestamp="2022-10-18T15:49:04Z" user="Quintindom" uid="16828775" lat="30.3625293" lon="119.9685359"/>
 <node id="10111604815" visible="true" version="1" changeset="127735061" timestamp="2022-10-18T15:49:04Z" user="Quintindom" uid="16828775" lat="30.3623441" lon="119.9665272"/>
 <node id="10111668830" visible="true" version="1" changeset="127735061" timestamp="2022-10-18T15:49:04Z" user="Quintindom" uid="16828775" lat="30.3578612" lon="119.9650707"/>
 <node id="10111668831" visible="true" version="1" changeset="127735061" timestamp="2022-10-18T15:49:04Z" user="Quintindom" uid="16828775" lat="30.3558528" lon="119.9650677"/>
 <node id="10111668832" visible="true" version="1" changeset="127735061" timestamp="2022-10-18T15:49:04Z" user="Quintindom" uid="16828775" lat="30.3558068" lon="119.9669163"/>
 <node id="10111668833" visible="true" version="1" changeset="127735061" timestamp="2022-10-18T15:49:04Z" user="Quintindom" uid="16828775" lat="30.3575660" lon="119.9675213"/>
 <node id="10111668834" visible="true" version="1" changeset="127735061" timestamp="2022-10-18T15:49:04Z" user="Quintindom" uid="16828775" lat="30.3577567" lon="119.9675956"/>
 <node id="10111668835" visible="true" version="1" changeset="127735061" timestamp="2022-10-18T15:49:04Z" user="Quintindom" uid="16828775" lat="30.3578810" lon="119.9674915"/>
 <node id="10111668879" visible="true" version="1" changeset="127735061" timestamp="2022-10-18T15:49:04Z" user="Quintindom" uid="16828775" lat="30.3581785" lon="119.9637193"/>
 <node id="10111668887" visible="true" version="1" changeset="127735061" timestamp="2022-10-18T15:49:04Z" user="Quintindom" uid="16828775" lat="30.3751378" lon="119.9690277"/>
 <node id="10794969443" visible="true" version="1" changeset="134646586" timestamp="2023-04-08T10:30:48Z" user="Quintindom" uid="16828775" lat="30.3584075" lon="119.9757834"/>
 <node id="10794969444" visible="true" version="1" changeset="134646586" timestamp="2023-04-08T10:30:48Z" user="Quintindom" uid="16828775" lat="30.3590138" lon="119.9757987"/>
 <node id="10794969445" visible="true" version="1" changeset="134646586" timestamp="2023-04-08T10:30:48Z" user="Quintindom" uid="16828775" lat="30.3585168" lon="119.9695602"/>
 <node id="10794969446" visible="true" version="2" changeset="147076019" timestamp="2024-02-05T02:57:44Z" user="萧苏晏" uid="6088120" lat="30.3590977" lon="119.9691470"/>
 <node id="10794969447" visible="true" version="2" changeset="147076019" timestamp="2024-02-05T02:57:44Z" user="萧苏晏" uid="6088120" lat="30.3614219" lon="119.9695051"/>
 <node id="10794969448" visible="true" version="1" changeset="134646586" timestamp="2023-04-08T10:30:48Z" user="Quintindom" uid="16828775" lat="30.3615130" lon="119.9758838"/>
 <node id="10794969449" visible="true" version="2" changeset="147076019" timestamp="2024-02-05T02:57:44Z" user="萧苏晏" uid="6088120" lat="30.3644112" lon="119.9696005"/>
 <node id="10794969450" visible="true" version="1" changeset="134646586" timestamp="2023-04-08T10:30:48Z" user="Quintindom" uid="16828775" lat="30.3626426" lon="119.9696738"/>
 <node id="10794969451" visible="true" version="2" changeset="147076019" timestamp="2024-02-05T02:57:44Z" user="萧苏晏" uid="6088120" lat="30.3660910" lon="119.9756477"/>
 <node id="10794969452" visible="true" version="2" changeset="147076019" timestamp="2024-02-05T02:57:44Z" user="萧苏晏" uid="6088120" lat="30.3679494" lon="119.9755996"/>
 <node id="10794969454" visible="true" version="1" changeset="134646586" timestamp="2023-04-08T10:30:48Z" user="Quintindom" uid="16828775" lat="30.3689971" lon="119.9770863"/>
 <node id="10794969455" visible="true" version="2" changeset="147076019" timestamp="2024-02-05T02:57:44Z" user="萧苏晏" uid="6088120" lat="30.3690773" lon="119.9782363"/>
 <node id="10794969456" visible="true" version="1" changeset="134646586" timestamp="2023-04-08T10:30:48Z" user="Quintindom" uid="16828775" lat="30.3690637" lon="119.9795001"/>
 <node id="10794969457" visible="true" version="1" changeset="134646586" timestamp="2023-04-08T10:30:48Z" user="Quintindom" uid="16828775" lat="30.3687930" lon="119.9811908"/>
 <node id="10794969458" visible="true" version="1" changeset="134646586" timestamp="2023-04-08T10:30:48Z" user="Quintindom" uid="16828775" lat="30.3691624" lon="119.9821265"/>
 <node id="10794969459" visible="true" version="1" changeset="134646586" timestamp="2023-04-08T10:30:48Z" user="Quintindom" uid="16828775" lat="30.3693134" lon="119.9826494"/>
 <node id="10794969460" visible="true" version="1" changeset="134646586" timestamp="2023-04-08T10:30:48Z" user="Quintindom" uid="16828775" lat="30.3698167" lon="119.9830343"/>
 <node id="10794969462" visible="true" version="2" changeset="147076019" timestamp="2024-02-05T02:57:44Z" user="萧苏晏" uid="6088120" lat="30.3682069" lon="119.9758253"/>
 <node id="10794969463" visible="true" version="1" changeset="134646586" timestamp="2023-04-08T10:30:48Z" user="Quintindom" uid="16828775" lat="30.3688465" lon="119.9715236"/>
 <node id="10794969464" visible="true" version="1" changeset="134646586" timestamp="2023-04-08T10:30:48Z" user="Quintindom" uid="16828775" lat="30.3691895" lon="119.9757184"/>
 <node id="10794969465" visible="true" version="1" changeset="134646586" timestamp="2023-04-08T10:30:48Z" user="Quintindom" uid="16828775" lat="30.3686875" lon="119.9757575"/>
 <node id="10794969466" visible="true" version="1" changeset="134646586" timestamp="2023-04-08T10:30:48Z" user="Quintindom" uid="16828775" lat="30.3681459" lon="119.9753514"/>
 <node id="10794969467" visible="true" version="1" changeset="134646586" timestamp="2023-04-08T10:30:48Z" user="Quintindom" uid="16828775" lat="30.3670652" lon="119.9696522"/>
 <node id="10794969468" visible="true" version="2" changeset="147076019" timestamp="2024-02-05T02:57:44Z" user="萧苏晏" uid="6088120" lat="30.3670941" lon="119.9755709"/>
 <node id="10794969469" visible="true" version="1" changeset="134646586" timestamp="2023-04-08T10:30:48Z" user="Quintindom" uid="16828775" lat="30.3700973" lon="119.9837894"/>
 <node id="10794969470" visible="true" version="2" changeset="147076019" timestamp="2024-02-05T02:57:44Z" user="萧苏晏" uid="6088120" lat="30.3580461" lon="119.9823469"/>
 <node id="10794969471" visible="true" version="1" changeset="134646586" timestamp="2023-04-08T10:30:48Z" user="Quintindom" uid="16828775" lat="30.3581230" lon="119.9823619"/>
 <node id="10794969472" visible="true" version="1" changeset="134646586" timestamp="2023-04-08T10:30:48Z" user="Quintindom" uid="16828775" lat="30.3672873" lon="119.9762943"/>
 <node id="10794969473" visible="true" version="1" changeset="134646586" timestamp="2023-04-08T10:30:48Z" user="Quintindom" uid="16828775" lat="30.3648276" lon="119.9764336"/>
 <node id="10794969474" visible="true" version="1" changeset="134646586" timestamp="2023-04-08T10:30:48Z" user="Quintindom" uid="16828775" lat="30.3648800" lon="119.9798468"/>
 <node id="10794969475" visible="true" version="1" changeset="134646586" timestamp="2023-04-08T10:30:48Z" user="Quintindom" uid="16828775" lat="30.3674351" lon="119.9799170"/>
 <node id="10794969476" visible="true" version="1" changeset="134646586" timestamp="2023-04-08T10:30:48Z" user="Quintindom" uid="16828775" lat="30.3673712" lon="119.9693849"/>
 <node id="10794969477" visible="true" version="1" changeset="134646586" timestamp="2023-04-08T10:30:48Z" user="Quintindom" uid="16828775" lat="30.3673833" lon="119.9699071"/>
 <node id="10794969478" visible="true" version="2" changeset="147076019" timestamp="2024-02-05T02:57:44Z" user="萧苏晏" uid="6088120" lat="30.3673813" lon="119.9753700"/>
 <node id="10794969479" visible="true" version="2" changeset="147076019" timestamp="2024-02-05T02:57:44Z" user="萧苏晏" uid="6088120" lat="30.3673897" lon="119.9759269"/>
 <node id="10794969480" visible="true" version="2" changeset="147076019" timestamp="2024-02-05T02:57:44Z" user="萧苏晏" uid="6088120" lat="30.3673866" lon="119.9760694"/>
 <node id="10794969481" visible="true" version="2" changeset="147076019" timestamp="2024-02-05T02:57:44Z" user="萧苏晏" uid="6088120" lat="30.3678198" lon="119.9833979"/>
 <node id="10794969482" visible="true" version="2" changeset="147076019" timestamp="2024-02-05T02:57:44Z" user="萧苏晏" uid="6088120" lat="30.3580517" lon="119.9798866"/>
 <node id="10794969483" visible="true" version="2" changeset="147076019" timestamp="2024-02-05T02:57:44Z" user="萧苏晏" uid="6088120" lat="30.3581606" lon="119.9798869"/>
 <node id="10794969486" visible="true" version="2" changeset="147076019" timestamp="2024-02-05T02:57:44Z" user="萧苏晏" uid="6088120" lat="30.3675886" lon="119.9799605"/>
 <node id="10794969490" visible="true" version="2" changeset="147076019" timestamp="2024-02-05T02:57:44Z" user="萧苏晏" uid="6088120" lat="30.3604169" lon="119.9799319"/>
 <node id="10794969495" visible="true" version="1" changeset="134646586" timestamp="2023-04-08T10:30:48Z" user="Quintindom" uid="16828775" lat="30.3644678" lon="119.9764855"/>
 <node id="10794969496" visible="true" version="1" changeset="134646586" timestamp="2023-04-08T10:30:48Z" user="Quintindom" uid="16828775" lat="30.3617103" lon="119.9766490"/>
 <node id="10794969497" visible="true" version="1" changeset="134646586" timestamp="2023-04-08T10:30:48Z" user="Quintindom" uid="16828775" lat="30.3616595" lon="119.9798307"/>
 <node id="10794969498" visible="true" version="1" changeset="134646586" timestamp="2023-04-08T10:30:48Z" user="Quintindom" uid="16828775" lat="30.3645772" lon="119.9798853"/>
 <node id="10794969499" visible="true" version="2" changeset="147076019" timestamp="2024-02-05T02:57:44Z" user="萧苏晏" uid="6088120" lat="30.3585507" lon="119.9758831"/>
 <node id="10794969629" visible="true" version="1" changeset="134646586" timestamp="2023-04-08T10:30:48Z" user="Quintindom" uid="16828775" lat="30.3582055" lon="119.9559404"/>
 <node id="10794969630" visible="true" version="1" changeset="134646586" timestamp="2023-04-08T10:30:48Z" user="Quintindom" uid="16828775" lat="30.3581995" lon="119.9558220"/>
 <node id="11585933563" visible="true" version="1" changeset="147076019" timestamp="2024-02-05T02:57:44Z" user="萧苏晏" uid="6088120" lat="30.3687901" lon="119.9765826"/>
 <node id="11585933564" visible="true" version="1" changeset="147076019" timestamp="2024-02-05T02:57:44Z" user="萧苏晏" uid="6088120" lat="30.3673786" lon="119.9773753"/>
 <node id="11585933565" visible="true" version="1" changeset="147076019" timestamp="2024-02-05T02:57:44Z" user="萧苏晏" uid="6088120" lat="30.3616178" lon="119.9763964"/>
 <node id="11585933566" visible="true" version="1" changeset="147076019" timestamp="2024-02-05T02:57:44Z" user="萧苏晏" uid="6088120" lat="30.3685024" lon="119.9761815"/>
 <node id="11585933567" visible="true" version="1" changeset="147076019" timestamp="2024-02-05T02:57:44Z" user="萧苏晏" uid="6088120" lat="30.3680999" lon="119.9760367"/>
 <node id="11585933568" visible="true" version="1" changeset="147076019" timestamp="2024-02-05T02:57:44Z" user="萧苏晏" uid="6088120" lat="30.3686660" lon="119.9760159"/>
 <node id="11585941369" visible="true" version="1" changeset="147076019" timestamp="2024-02-05T02:57:44Z" user="萧苏晏" uid="6088120" lat="30.3580403" lon="119.9763277"/>
 <node id="11585941370" visible="true" version="1" changeset="147076019" timestamp="2024-02-05T02:57:44Z" user="萧苏晏" uid="6088120" lat="30.3653234" lon="119.9697965"/>
 <node id="11585941371" visible="true" version="1" changeset="147076019" timestamp="2024-02-05T02:57:44Z" user="萧苏晏" uid="6088120" lat="30.3661352" lon="119.9696372"/>
 <node id="11585941372" visible="true" version="1" changeset="147076019" timestamp="2024-02-05T02:57:44Z" user="萧苏晏" uid="6088120" lat="30.3683743" lon="119.9695644"/>
 <node id="11585941373" visible="true" version="1" changeset="147076019" timestamp="2024-02-05T02:57:44Z" user="萧苏晏" uid="6088120" lat="30.3692874" lon="119.9697282"/>
 <node id="11585941374" visible="true" version="1" changeset="147076019" timestamp="2024-02-05T02:57:44Z" user="萧苏晏" uid="6088120" lat="30.3688308" lon="119.9697534"/>
 <node id="11585941375" visible="true" version="1" changeset="147076019" timestamp="2024-02-05T02:57:44Z" user="萧苏晏" uid="6088120" lat="30.3621803" lon="119.9697389"/>
 <node id="11585941376" visible="true" version="1" changeset="147076019" timestamp="2024-02-05T02:57:44Z" user="萧苏晏" uid="6088120" lat="30.3586660" lon="119.9693319"/>
 <node id="11585941377" visible="true" version="1" changeset="147076019" timestamp="2024-02-05T02:57:44Z" user="萧苏晏" uid="6088120" lat="30.3580385" lon="119.9699231"/>
 <node id="11585941378" visible="true" version="1" changeset="147076019" timestamp="2024-02-05T02:57:44Z" user="萧苏晏" uid="6088120" lat="30.3580406" lon="119.9693760"/>
 <node id="11585941379" visible="true" version="1" changeset="147076019" timestamp="2024-02-05T02:57:44Z" user="萧苏晏" uid="6088120" lat="30.3581758" lon="119.9693710"/>
 <node id="11585941380" visible="true" version="1" changeset="147076019" timestamp="2024-02-05T02:57:44Z" user="萧苏晏" uid="6088120" lat="30.3581754" lon="119.9699281"/>
 <node id="11585941381" visible="true" version="1" changeset="147076019" timestamp="2024-02-05T02:57:44Z" user="萧苏晏" uid="6088120" lat="30.3583299" lon="119.9759284"/>
 <node id="11812080597" visible="true" version="1" changeset="149916217" timestamp="2024-04-12T15:20:58Z" user="Mondal" uid="6547685" lat="30.3667726" lon="119.9699569"/>
 <node id="11812080598" visible="true" version="1" changeset="149916217" timestamp="2024-04-12T15:20:58Z" user="Mondal" uid="6547685" lat="30.3667738" lon="119.9707555"/>
 <node id="11812080599" visible="true" version="1" changeset="149916217" timestamp="2024-04-12T15:20:58Z" user="Mondal" uid="6547685" lat="30.3665383" lon="119.9707560"/>
 <node id="11812080600" visible="true" version="1" changeset="149916217" timestamp="2024-04-12T15:20:58Z" user="Mondal" uid="6547685" lat="30.3665371" lon="119.9699573"/>
 <node id="11812080601" visible="true" version="2" changeset="180545265" timestamp="2026-03-28T14:48:53Z" user="Mondal" uid="6547685" lat="30.3667848" lon="119.9709403"/>
 <node id="11812080602" visible="true" version="2" changeset="180545265" timestamp="2026-03-28T14:48:53Z" user="Mondal" uid="6547685" lat="30.3667873" lon="119.9715625"/>
 <node id="11812080603" visible="true" version="2" changeset="180545265" timestamp="2026-03-28T14:48:53Z" user="Mondal" uid="6547685" lat="30.3659553" lon="119.9715669"/>
 <node id="11812080604" visible="true" version="2" changeset="180545265" timestamp="2026-03-28T14:48:53Z" user="Mondal" uid="6547685" lat="30.3659529" lon="119.9709447"/>
 <node id="11812080605" visible="true" version="2" changeset="180545265" timestamp="2026-03-28T14:48:53Z" user="Mondal" uid="6547685" lat="30.3658623" lon="119.9709253"/>
 <node id="11812080606" visible="true" version="2" changeset="180545265" timestamp="2026-03-28T14:48:53Z" user="Mondal" uid="6547685" lat="30.3658678" lon="119.9715547"/>
 <node id="11812080607" visible="true" version="2" changeset="180545265" timestamp="2026-03-28T14:48:53Z" user="Mondal" uid="6547685" lat="30.3653327" lon="119.9715610"/>
 <node id="11812080608" visible="true" version="2" changeset="180545265" timestamp="2026-03-28T14:48:53Z" user="Mondal" uid="6547685" lat="30.3653271" lon="119.9709316"/>
 <node id="11812080609" visible="true" version="2" changeset="180545265" timestamp="2026-03-28T14:48:53Z" user="Mondal" uid="6547685" lat="30.3602544" lon="119.9708421"/>
 <node id="11812080610" visible="true" version="2" changeset="180545265" timestamp="2026-03-28T14:48:53Z" user="Mondal" uid="6547685" lat="30.3602436" lon="119.9716453"/>
 <node id="11812080611" visible="true" version="2" changeset="180545265" timestamp="2026-03-28T14:48:53Z" user="Mondal" uid="6547685" lat="30.3588456" lon="119.9716200"/>
 <node id="11812080612" visible="true" version="2" changeset="180545265" timestamp="2026-03-28T14:48:53Z" user="Mondal" uid="6547685" lat="30.3588563" lon="119.9708170"/>
 <node id="11812080613" visible="true" version="1" changeset="149916217" timestamp="2024-04-12T15:20:58Z" user="Mondal" uid="6547685" lat="30.3603755" lon="119.9687685"/>
 <node id="11812080614" visible="true" version="1" changeset="149916217" timestamp="2024-04-12T15:20:58Z" user="Mondal" uid="6547685" lat="30.3603934" lon="119.9737271"/>
 <node id="11812080615" visible="true" version="1" changeset="149916217" timestamp="2024-04-12T15:20:58Z" user="Mondal" uid="6547685" lat="30.3631845" lon="119.9737767"/>
 <node id="11812080616" visible="true" version="1" changeset="149916217" timestamp="2024-04-12T15:20:58Z" user="Mondal" uid="6547685" lat="30.3647228" lon="119.9737484"/>
 <node id="11812080617" visible="true" version="1" changeset="149916217" timestamp="2024-04-12T15:20:58Z" user="Mondal" uid="6547685" lat="30.3647484" lon="119.9762070"/>
 <node id="11812080618" visible="true" version="2" changeset="169229150" timestamp="2025-07-21T08:15:17Z" user="osm202507" uid="23114716" lat="30.3603758" lon="119.9695988">
  <tag k="entrance" v="yes"/>
  <tag k="name" v="西门"/>
 </node>
 <node id="11812080619" visible="true" version="1" changeset="149916217" timestamp="2024-04-12T15:20:58Z" user="Mondal" uid="6547685" lat="30.3603770" lon="119.9691459"/>
 <node id="11812080620" visible="true" version="1" changeset="149916217" timestamp="2024-04-12T15:20:58Z" user="Mondal" uid="6547685" lat="30.3647444" lon="119.9760305"/>
 <node id="11812080621" visible="true" version="2" changeset="169229150" timestamp="2025-07-21T08:15:17Z" user="osm202507" uid="23114716" lat="30.3647327" lon="119.9755084">
  <tag k="entrance" v="yes"/>
  <tag k="name" v="东门"/>
 </node>
 <node id="11812080622" visible="true" version="1" changeset="149916217" timestamp="2024-04-12T15:20:58Z" user="Mondal" uid="6547685" lat="30.3673826" lon="119.9716959"/>
 <node id="11812080623" visible="true" version="1" changeset="149916217" timestamp="2024-04-12T15:20:58Z" user="Mondal" uid="6547685" lat="30.3668405" lon="119.9717217"/>
 <node id="11812080624" visible="true" version="1" changeset="149916217" timestamp="2024-04-12T15:20:58Z" user="Mondal" uid="6547685" lat="30.3647197" lon="119.9717131"/>
 <node id="11812080625" visible="true" version="2" changeset="169229150" timestamp="2025-07-21T08:15:17Z" user="osm202507" uid="23114716" lat="30.3668509" lon="119.9717212">
  <tag k="entrance" v="yes"/>
  <tag k="name" v="北门"/>
 </node>
 <node id="11812080626" visible="true" version="1" changeset="149916217" timestamp="2024-04-12T15:20:58Z" user="Mondal" uid="6547685" lat="30.3672996" lon="119.9716998"/>
 <node id="11812080627" visible="true" version="1" changeset="149916217" timestamp="2024-04-12T15:20:58Z" user="Mondal" uid="6547685" lat="30.3587425" lon="119.9737500"/>
 <node id="11812080628" visible="true" version="1" changeset="149916217" timestamp="2024-04-12T15:20:58Z" user="Mondal" uid="6547685" lat="30.3581589" lon="119.9737585"/>
 <node id="11812080629" visible="true" version="1" changeset="149916217" timestamp="2024-04-12T15:20:58Z" user="Mondal" uid="6547685" lat="30.3584090" lon="119.9737549"/>
 <node id="11812080630" visible="true" version="2" changeset="169229150" timestamp="2025-07-21T08:15:17Z" user="osm202507" uid="23114716" lat="30.3586695" lon="119.9737511">
  <tag k="entrance" v="yes"/>
  <tag k="name" v="南门"/>
 </node>
 <node id="11812080631" visible="true" version="1" changeset="149916217" timestamp="2024-04-12T15:20:58Z" user="Mondal" uid="6547685" lat="30.3603848" lon="119.9717046"/>
 <node id="11812080635" visible="true" version="1" changeset="149916217" timestamp="2024-04-12T15:20:58Z" user="Mondal" uid="6547685" lat="30.3572753" lon="119.9678206"/>
 <node id="11879101701" visible="true" version="1" changeset="150882562" timestamp="2024-05-04T14:21:47Z" user="萧苏晏" uid="6088120" lat="30.3687993" lon="119.9797723"/>
 <node id="11879101702" visible="true" version="1" changeset="150882562" timestamp="2024-05-04T14:21:47Z" user="萧苏晏" uid="6088120" lat="30.3688583" lon="119.9792787"/>
 <node id="11879101703" visible="true" version="1" changeset="150882562" timestamp="2024-05-04T14:21:47Z" user="萧苏晏" uid="6088120" lat="30.3688621" lon="119.9786274"/>
 <node id="11879101704" visible="true" version="1" changeset="150882562" timestamp="2024-05-04T14:21:47Z" user="萧苏晏" uid="6088120" lat="30.3688508" lon="119.9780569"/>
 <node id="11879101705" visible="true" version="1" changeset="150882562" timestamp="2024-05-04T14:21:47Z" user="萧苏晏" uid="6088120" lat="30.3688011" lon="119.9774599"/>
 <node id="11879101706" visible="true" version="1" changeset="150882562" timestamp="2024-05-04T14:21:47Z" user="萧苏晏" uid="6088120" lat="30.3686967" lon="119.9769896"/>
 <node id="11879101707" visible="true" version="1" changeset="150882562" timestamp="2024-05-04T14:21:47Z" user="萧苏晏" uid="6088120" lat="30.3684839" lon="119.9765908"/>
 <node id="11879101708" visible="true" version="1" changeset="150882562" timestamp="2024-05-04T14:21:47Z" user="萧苏晏" uid="6088120" lat="30.3682274" lon="119.9762850"/>
 <node id="11879101709" visible="true" version="1" changeset="150882562" timestamp="2024-05-04T14:21:47Z" user="萧苏晏" uid="6088120" lat="30.3680852" lon="119.9762453"/>
 <node id="11879101710" visible="true" version="1" changeset="150882562" timestamp="2024-05-04T14:21:47Z" user="萧苏晏" uid="6088120" lat="30.3676819" lon="119.9762670"/>
 <node id="11879101711" visible="true" version="1" changeset="150882562" timestamp="2024-05-04T14:21:47Z" user="萧苏晏" uid="6088120" lat="30.3676042" lon="119.9763838"/>
 <node id="11879101712" visible="true" version="1" changeset="150882562" timestamp="2024-05-04T14:21:47Z" user="萧苏晏" uid="6088120" lat="30.3677452" lon="119.9796636"/>
 <node id="11879101713" visible="true" version="1" changeset="150882562" timestamp="2024-05-04T14:21:47Z" user="萧苏晏" uid="6088120" lat="30.3678458" lon="119.9797361"/>
 <node id="11879101714" visible="true" version="1" changeset="150882562" timestamp="2024-05-04T14:21:47Z" user="萧苏晏" uid="6088120" lat="30.3679789" lon="119.9797659"/>
 <node id="11879101715" visible="true" version="1" changeset="150882562" timestamp="2024-05-04T14:21:47Z" user="萧苏晏" uid="6088120" lat="30.3676058" lon="119.9780237"/>
 <node id="11879101716" visible="true" version="1" changeset="150882562" timestamp="2024-05-04T14:21:47Z" user="萧苏晏" uid="6088120" lat="30.3675617" lon="119.9772481"/>
 <node id="11879101717" visible="true" version="1" changeset="150882562" timestamp="2024-05-04T14:21:47Z" user="萧苏晏" uid="6088120" lat="30.3676698" lon="119.9789126"/>
 <node id="12157091467" visible="true" version="2" changeset="180548476" timestamp="2026-03-28T15:58:18Z" user="Sarafat Islam" uid="15378341" lat="30.3668299" lon="119.9728691"/>
 <node id="12157091468" visible="true" version="2" changeset="180548476" timestamp="2026-03-28T15:58:18Z" user="Sarafat Islam" uid="15378341" lat="30.3668256" lon="119.9737531"/>
 <node id="12157091469" visible="true" version="2" changeset="180548476" timestamp="2026-03-28T15:58:18Z" user="Sarafat Islam" uid="15378341" lat="30.3666127" lon="119.9737517"/>
 <node id="12157091470" visible="true" version="2" changeset="180548476" timestamp="2026-03-28T15:58:18Z" user="Sarafat Islam" uid="15378341" lat="30.3666171" lon="119.9728677"/>
 <node id="12157091471" visible="true" version="2" changeset="180548476" timestamp="2026-03-28T15:58:18Z" user="Sarafat Islam" uid="15378341" lat="30.3668158" lon="119.9738371"/>
 <node id="12157091472" visible="true" version="2" changeset="180548476" timestamp="2026-03-28T15:58:18Z" user="Sarafat Islam" uid="15378341" lat="30.3668040" lon="119.9747059"/>
 <node id="12157091473" visible="true" version="2" changeset="180548476" timestamp="2026-03-28T15:58:18Z" user="Sarafat Islam" uid="15378341" lat="30.3666170" lon="119.9747025"/>
 <node id="12157091474" visible="true" version="2" changeset="180548476" timestamp="2026-03-28T15:58:18Z" user="Sarafat Islam" uid="15378341" lat="30.3666289" lon="119.9738336"/>
 <node id="12157091475" visible="true" version="1" changeset="156213331" timestamp="2024-09-05T05:43:58Z" user="Sarafat Islam" uid="15378341" lat="30.3668630" lon="119.9748346"/>
 <node id="12157091476" visible="true" version="1" changeset="156213331" timestamp="2024-09-05T05:43:58Z" user="Sarafat Islam" uid="15378341" lat="30.3668579" lon="119.9753561"/>
 <node id="12157091477" visible="true" version="1" changeset="156213331" timestamp="2024-09-05T05:43:58Z" user="Sarafat Islam" uid="15378341" lat="30.3667003" lon="119.9753540"/>
 <node id="12157091478" visible="true" version="1" changeset="156213331" timestamp="2024-09-05T05:43:58Z" user="Sarafat Islam" uid="15378341" lat="30.3667055" lon="119.9748325"/>
 <node id="12157091479" visible="true" version="2" changeset="180548476" timestamp="2026-03-28T15:58:18Z" user="Sarafat Islam" uid="15378341" lat="30.3661731" lon="119.9728871"/>
 <node id="12157091480" visible="true" version="2" changeset="180548476" timestamp="2026-03-28T15:58:18Z" user="Sarafat Islam" uid="15378341" lat="30.3661740" lon="119.9737547"/>
 <node id="12157091481" visible="true" version="2" changeset="180548476" timestamp="2026-03-28T15:58:18Z" user="Sarafat Islam" uid="15378341" lat="30.3659910" lon="119.9737550"/>
 <node id="12157091482" visible="true" version="2" changeset="180548476" timestamp="2026-03-28T15:58:18Z" user="Sarafat Islam" uid="15378341" lat="30.3659899" lon="119.9728874"/>
 <node id="12157091483" visible="true" version="2" changeset="180548476" timestamp="2026-03-28T15:58:18Z" user="Sarafat Islam" uid="15378341" lat="30.3661627" lon="119.9738367"/>
 <node id="12157091484" visible="true" version="2" changeset="180548476" timestamp="2026-03-28T15:58:18Z" user="Sarafat Islam" uid="15378341" lat="30.3661647" lon="119.9747157"/>
 <node id="12157091485" visible="true" version="2" changeset="180548476" timestamp="2026-03-28T15:58:18Z" user="Sarafat Islam" uid="15378341" lat="30.3660096" lon="119.9747161"/>
 <node id="12157091486" visible="true" version="2" changeset="180548476" timestamp="2026-03-28T15:58:18Z" user="Sarafat Islam" uid="15378341" lat="30.3660075" lon="119.9738371"/>
 <node id="12157091487" visible="true" version="2" changeset="180548476" timestamp="2026-03-28T15:58:18Z" user="Sarafat Islam" uid="15378341" lat="30.3661649" lon="119.9748213"/>
 <node id="12157091488" visible="true" version="2" changeset="180548476" timestamp="2026-03-28T15:58:18Z" user="Sarafat Islam" uid="15378341" lat="30.3661694" lon="119.9753634"/>
 <node id="12157091489" visible="true" version="2" changeset="180548476" timestamp="2026-03-28T15:58:18Z" user="Sarafat Islam" uid="15378341" lat="30.3660181" lon="119.9753652"/>
 <node id="12157091490" visible="true" version="2" changeset="180548476" timestamp="2026-03-28T15:58:18Z" user="Sarafat Islam" uid="15378341" lat="30.3660135" lon="119.9748230"/>
 <node id="12157091491" visible="true" version="3" changeset="180548476" timestamp="2026-03-28T15:58:18Z" user="Sarafat Islam" uid="15378341" lat="30.3655927" lon="119.9728901"/>
 <node id="12157091492" visible="true" version="3" changeset="180548476" timestamp="2026-03-28T15:58:18Z" user="Sarafat Islam" uid="15378341" lat="30.3656102" lon="119.9737188"/>
 <node id="12157091493" visible="true" version="3" changeset="180548476" timestamp="2026-03-28T15:58:18Z" user="Sarafat Islam" uid="15378341" lat="30.3654134" lon="119.9737244"/>
 <node id="12157091494" visible="true" version="3" changeset="180548476" timestamp="2026-03-28T15:58:18Z" user="Sarafat Islam" uid="15378341" lat="30.3653957" lon="119.9728957"/>
 <node id="12157091495" visible="true" version="2" changeset="180549526" timestamp="2026-03-28T16:21:35Z" user="Sarafat Islam" uid="15378341" lat="30.3655823" lon="119.9738387"/>
 <node id="12157091496" visible="true" version="2" changeset="180549526" timestamp="2026-03-28T16:21:35Z" user="Sarafat Islam" uid="15378341" lat="30.3655944" lon="119.9746822"/>
 <node id="12157091497" visible="true" version="2" changeset="180549526" timestamp="2026-03-28T16:21:35Z" user="Sarafat Islam" uid="15378341" lat="30.3653980" lon="119.9746860"/>
 <node id="12157091498" visible="true" version="2" changeset="180549526" timestamp="2026-03-28T16:21:35Z" user="Sarafat Islam" uid="15378341" lat="30.3653858" lon="119.9738425"/>
 <node id="12157091499" visible="true" version="2" changeset="180548476" timestamp="2026-03-28T15:58:18Z" user="Sarafat Islam" uid="15378341" lat="30.3654430" lon="119.9748046"/>
 <node id="12157091500" visible="true" version="2" changeset="180548476" timestamp="2026-03-28T15:58:18Z" user="Sarafat Islam" uid="15378341" lat="30.3654539" lon="119.9754033"/>
 <node id="12157091701" visible="true" version="2" changeset="180548476" timestamp="2026-03-28T15:58:18Z" user="Sarafat Islam" uid="15378341" lat="30.3656034" lon="119.9753997"/>
 <node id="12157091702" visible="true" version="2" changeset="180548476" timestamp="2026-03-28T15:58:18Z" user="Sarafat Islam" uid="15378341" lat="30.3655926" lon="119.9748009"/>
 <node id="12157091703" visible="true" version="1" changeset="156213331" timestamp="2024-09-05T05:43:58Z" user="Sarafat Islam" uid="15378341" lat="30.3652820" lon="119.9729113"/>
 <node id="12157091704" visible="true" version="1" changeset="156213331" timestamp="2024-09-05T05:43:58Z" user="Sarafat Islam" uid="15378341" lat="30.3652881" lon="119.9737569"/>
 <node id="12157091705" visible="true" version="1" changeset="156213331" timestamp="2024-09-05T05:43:58Z" user="Sarafat Islam" uid="15378341" lat="30.3648658" lon="119.9737610"/>
 <node id="12157091706" visible="true" version="1" changeset="156213331" timestamp="2024-09-05T05:43:58Z" user="Sarafat Islam" uid="15378341" lat="30.3648595" lon="119.9729155"/>
 <node id="12157091707" visible="true" version="2" changeset="180548476" timestamp="2026-03-28T15:58:18Z" user="Sarafat Islam" uid="15378341" lat="30.3648432" lon="119.9738362"/>
 <node id="12157091708" visible="true" version="2" changeset="180548476" timestamp="2026-03-28T15:58:18Z" user="Sarafat Islam" uid="15378341" lat="30.3648441" lon="119.9746940"/>
 <node id="12157091709" visible="true" version="2" changeset="180548476" timestamp="2026-03-28T15:58:18Z" user="Sarafat Islam" uid="15378341" lat="30.3650311" lon="119.9746937"/>
 <node id="12157091710" visible="true" version="2" changeset="180548476" timestamp="2026-03-28T15:58:18Z" user="Sarafat Islam" uid="15378341" lat="30.3650300" lon="119.9738359"/>
 <node id="12157091711" visible="true" version="2" changeset="180548476" timestamp="2026-03-28T15:58:18Z" user="Sarafat Islam" uid="15378341" lat="30.3648518" lon="119.9748063"/>
 <node id="12157091712" visible="true" version="2" changeset="180548476" timestamp="2026-03-28T15:58:18Z" user="Sarafat Islam" uid="15378341" lat="30.3648451" lon="119.9754007"/>
 <node id="12157091713" visible="true" version="2" changeset="180548476" timestamp="2026-03-28T15:58:18Z" user="Sarafat Islam" uid="15378341" lat="30.3649806" lon="119.9754028"/>
 <node id="12157091714" visible="true" version="2" changeset="180548476" timestamp="2026-03-28T15:58:18Z" user="Sarafat Islam" uid="15378341" lat="30.3649874" lon="119.9748084"/>
 <node id="12157091715" visible="true" version="1" changeset="156213331" timestamp="2024-09-05T05:43:58Z" user="Sarafat Islam" uid="15378341" lat="30.3607108" lon="119.9749215"/>
 <node id="12157091716" visible="true" version="1" changeset="156213331" timestamp="2024-09-05T05:43:58Z" user="Sarafat Islam" uid="15378341" lat="30.3607139" lon="119.9755735"/>
 <node id="12157091717" visible="true" version="1" changeset="156213331" timestamp="2024-09-05T05:43:58Z" user="Sarafat Islam" uid="15378341" lat="30.3604978" lon="119.9755749"/>
 <node id="12157091718" visible="true" version="1" changeset="156213331" timestamp="2024-09-05T05:43:58Z" user="Sarafat Islam" uid="15378341" lat="30.3604948" lon="119.9749229"/>
 <node id="12157091719" visible="true" version="1" changeset="156213331" timestamp="2024-09-05T05:43:58Z" user="Sarafat Islam" uid="15378341" lat="30.3608936" lon="119.9739944"/>
 <node id="12157091720" visible="true" version="1" changeset="156213331" timestamp="2024-09-05T05:43:58Z" user="Sarafat Islam" uid="15378341" lat="30.3608876" lon="119.9747081"/>
 <node id="12157091721" visible="true" version="1" changeset="156213331" timestamp="2024-09-05T05:43:58Z" user="Sarafat Islam" uid="15378341" lat="30.3604863" lon="119.9747036"/>
 <node id="12157091722" visible="true" version="1" changeset="156213331" timestamp="2024-09-05T05:43:58Z" user="Sarafat Islam" uid="15378341" lat="30.3604922" lon="119.9739899"/>
 <node id="12157091723" visible="true" version="2" changeset="180545265" timestamp="2026-03-28T14:48:53Z" user="Mondal" uid="6547685" lat="30.3610317" lon="119.9739197"/>
 <node id="12157091724" visible="true" version="2" changeset="180545265" timestamp="2026-03-28T14:48:53Z" user="Mondal" uid="6547685" lat="30.3610494" lon="119.9747830"/>
 <node id="12157091725" visible="true" version="2" changeset="180545265" timestamp="2026-03-28T14:48:53Z" user="Mondal" uid="6547685" lat="30.3612527" lon="119.9747775"/>
 <node id="12157091726" visible="true" version="2" changeset="180545265" timestamp="2026-03-28T14:48:53Z" user="Mondal" uid="6547685" lat="30.3612351" lon="119.9739141"/>
 <node id="12157091727" visible="true" version="1" changeset="156213331" timestamp="2024-09-05T05:43:58Z" user="Sarafat Islam" uid="15378341" lat="30.3610775" lon="119.9749217"/>
 <node id="12157091728" visible="true" version="1" changeset="156213331" timestamp="2024-09-05T05:43:58Z" user="Sarafat Islam" uid="15378341" lat="30.3610755" lon="119.9755621"/>
 <node id="12157091729" visible="true" version="1" changeset="156213331" timestamp="2024-09-05T05:43:58Z" user="Sarafat Islam" uid="15378341" lat="30.3612607" lon="119.9755629"/>
 <node id="12157091730" visible="true" version="1" changeset="156213331" timestamp="2024-09-05T05:43:58Z" user="Sarafat Islam" uid="15378341" lat="30.3612628" lon="119.9749225"/>
 <node id="12157091731" visible="true" version="1" changeset="156213331" timestamp="2024-09-05T05:43:58Z" user="Sarafat Islam" uid="15378341" lat="30.3616052" lon="119.9739490"/>
 <node id="12157091732" visible="true" version="1" changeset="156213331" timestamp="2024-09-05T05:43:58Z" user="Sarafat Islam" uid="15378341" lat="30.3615883" lon="119.9748087"/>
 <node id="12157091733" visible="true" version="1" changeset="156213331" timestamp="2024-09-05T05:43:58Z" user="Sarafat Islam" uid="15378341" lat="30.3617762" lon="119.9748136"/>
 <node id="12157091734" visible="true" version="1" changeset="156213331" timestamp="2024-09-05T05:43:58Z" user="Sarafat Islam" uid="15378341" lat="30.3617929" lon="119.9739539"/>
 <node id="12157091735" visible="true" version="2" changeset="180545265" timestamp="2026-03-28T14:48:53Z" user="Mondal" uid="6547685" lat="30.3616025" lon="119.9749012"/>
 <node id="12157091736" visible="true" version="2" changeset="180545265" timestamp="2026-03-28T14:48:53Z" user="Mondal" uid="6547685" lat="30.3615929" lon="119.9755549"/>
 <node id="12157091737" visible="true" version="2" changeset="180545265" timestamp="2026-03-28T14:48:53Z" user="Mondal" uid="6547685" lat="30.3617739" lon="119.9755585"/>
 <node id="12157091738" visible="true" version="2" changeset="180545265" timestamp="2026-03-28T14:48:53Z" user="Mondal" uid="6547685" lat="30.3617834" lon="119.9749047"/>
 <node id="12157091739" visible="true" version="2" changeset="180545265" timestamp="2026-03-28T14:48:53Z" user="Mondal" uid="6547685" lat="30.3621218" lon="119.9739237"/>
 <node id="12157091740" visible="true" version="2" changeset="180545265" timestamp="2026-03-28T14:48:53Z" user="Mondal" uid="6547685" lat="30.3621253" lon="119.9747708"/>
 <node id="12157091741" visible="true" version="2" changeset="180545265" timestamp="2026-03-28T14:48:53Z" user="Mondal" uid="6547685" lat="30.3622992" lon="119.9747698"/>
 <node id="12157091742" visible="true" version="2" changeset="180545265" timestamp="2026-03-28T14:48:53Z" user="Mondal" uid="6547685" lat="30.3622959" lon="119.9739228"/>
 <node id="12157091743" visible="true" version="2" changeset="180545265" timestamp="2026-03-28T14:48:53Z" user="Mondal" uid="6547685" lat="30.3621430" lon="119.9748725"/>
 <node id="12157091744" visible="true" version="2" changeset="180545265" timestamp="2026-03-28T14:48:53Z" user="Mondal" uid="6547685" lat="30.3621485" lon="119.9755131"/>
 <node id="12157091745" visible="true" version="2" changeset="180545265" timestamp="2026-03-28T14:48:53Z" user="Mondal" uid="6547685" lat="30.3623070" lon="119.9755113"/>
 <node id="12157091746" visible="true" version="2" changeset="180545265" timestamp="2026-03-28T14:48:53Z" user="Mondal" uid="6547685" lat="30.3623016" lon="119.9748707"/>
 <node id="12178609040" visible="true" version="1" changeset="156655501" timestamp="2024-09-15T16:35:10Z" user="Quintindom" uid="16828775" lat="30.3643617" lon="119.9687806"/>
 <node id="12178609041" visible="true" version="1" changeset="156655501" timestamp="2024-09-15T16:35:10Z" user="Quintindom" uid="16828775" lat="30.3642644" lon="119.9629704"/>
 <node id="12178609044" visible="true" version="1" changeset="156655501" timestamp="2024-09-15T16:35:10Z" user="Quintindom" uid="16828775" lat="30.3642665" lon="119.9630984"/>
 <node id="12178609047" visible="true" version="1" changeset="156655501" timestamp="2024-09-15T16:35:10Z" user="Quintindom" uid="16828775" lat="30.3627434" lon="119.9616440"/>
 <node id="12178609049" visible="true" version="1" changeset="156655501" timestamp="2024-09-15T16:35:10Z" user="Quintindom" uid="16828775" lat="30.3626759" lon="119.9691428"/>
 <node id="12178609050" visible="true" version="1" changeset="156655501" timestamp="2024-09-15T16:35:10Z" user="Quintindom" uid="16828775" lat="30.3626549" lon="119.9686977"/>
 <node id="12178609057" visible="true" version="1" changeset="156655501" timestamp="2024-09-15T16:35:10Z" user="Quintindom" uid="16828775" lat="30.3604081" lon="119.9779136"/>
 <node id="12178609058" visible="true" version="1" changeset="156655501" timestamp="2024-09-15T16:35:10Z" user="Quintindom" uid="16828775" lat="30.3581535" lon="119.9779238"/>
 <node id="12185752345" visible="true" version="1" changeset="156809013" timestamp="2024-09-19T09:01:34Z" user="viosson" uid="21972774" lat="30.3612593" lon="119.9765941"/>
 <node id="12185752346" visible="true" version="1" changeset="156809013" timestamp="2024-09-19T09:01:34Z" user="viosson" uid="21972774" lat="30.3605388" lon="119.9765983"/>
 <node id="12185752347" visible="true" version="1" changeset="156809013" timestamp="2024-09-19T09:01:34Z" user="viosson" uid="21972774" lat="30.3605098" lon="119.9766990"/>
 <node id="12185752348" visible="true" version="1" changeset="156809013" timestamp="2024-09-19T09:01:34Z" user="viosson" uid="21972774" lat="30.3604989" lon="119.9797413"/>
 <node id="12185752349" visible="true" version="1" changeset="156809013" timestamp="2024-09-19T09:01:34Z" user="viosson" uid="21972774" lat="30.3605931" lon="119.9798462"/>
 <node id="12185752350" visible="true" version="1" changeset="156809013" timestamp="2024-09-19T09:01:34Z" user="viosson" uid="21972774" lat="30.3612919" lon="119.9798294"/>
 <node id="12185752351" visible="true" version="1" changeset="156809013" timestamp="2024-09-19T09:01:34Z" user="viosson" uid="21972774" lat="30.3613498" lon="119.9795315"/>
 <node id="12185752352" visible="true" version="1" changeset="156809013" timestamp="2024-09-19T09:01:34Z" user="viosson" uid="21972774" lat="30.3614005" lon="119.9776767"/>
 <node id="13014963338" visible="true" version="2" changeset="180545265" timestamp="2026-03-28T14:48:53Z" user="Mondal" uid="6547685" lat="30.3642939" lon="119.9742869"/>
 <node id="13014963339" visible="true" version="2" changeset="180545265" timestamp="2026-03-28T14:48:53Z" user="Mondal" uid="6547685" lat="30.3642965" lon="119.9751369"/>
 <node id="13014963340" visible="true" version="2" changeset="180545265" timestamp="2026-03-28T14:48:53Z" user="Mondal" uid="6547685" lat="30.3640272" lon="119.9751380"/>
 <node id="13014963341" visible="true" version="2" changeset="180545265" timestamp="2026-03-28T14:48:53Z" user="Mondal" uid="6547685" lat="30.3640237" lon="119.9740713"/>
 <node id="13014963342" visible="true" version="2" changeset="180545265" timestamp="2026-03-28T14:48:53Z" user="Mondal" uid="6547685" lat="30.3630242" lon="119.9740757"/>
 <node id="13014963343" visible="true" version="2" changeset="180545265" timestamp="2026-03-28T14:48:53Z" user="Mondal" uid="6547685" lat="30.3630288" lon="119.9754929"/>
 <node id="13014963344" visible="true" version="2" changeset="180545265" timestamp="2026-03-28T14:48:53Z" user="Mondal" uid="6547685" lat="30.3646164" lon="119.9754860"/>
 <node id="13014963345" visible="true" version="2" changeset="180545265" timestamp="2026-03-28T14:48:53Z" user="Mondal" uid="6547685" lat="30.3646126" lon="119.9742856"/>
 <node id="13014963346" visible="true" version="2" changeset="180545265" timestamp="2026-03-28T14:48:53Z" user="Mondal" uid="6547685" lat="30.3647432" lon="119.9700501"/>
 <node id="13014963347" visible="true" version="2" changeset="180545265" timestamp="2026-03-28T14:48:53Z" user="Mondal" uid="6547685" lat="30.3638313" lon="119.9700179"/>
 <node id="13014963348" visible="true" version="2" changeset="180545265" timestamp="2026-03-28T14:48:53Z" user="Mondal" uid="6547685" lat="30.3638360" lon="119.9705221"/>
 <node id="13014963349" visible="true" version="2" changeset="180545265" timestamp="2026-03-28T14:48:53Z" user="Mondal" uid="6547685" lat="30.3637619" lon="119.9705248"/>
 <node id="13014963350" visible="true" version="2" changeset="180545265" timestamp="2026-03-28T14:48:53Z" user="Mondal" uid="6547685" lat="30.3637688" lon="119.9710318"/>
 <node id="13014963351" visible="true" version="2" changeset="180545265" timestamp="2026-03-28T14:48:53Z" user="Mondal" uid="6547685" lat="30.3635328" lon="119.9710264"/>
 <node id="13014963352" visible="true" version="2" changeset="180545265" timestamp="2026-03-28T14:48:53Z" user="Mondal" uid="6547685" lat="30.3635328" lon="119.9701896"/>
 <node id="13014963353" visible="true" version="2" changeset="180545265" timestamp="2026-03-28T14:48:53Z" user="Mondal" uid="6547685" lat="30.3631926" lon="119.9701922"/>
 <node id="13014963354" visible="true" version="2" changeset="180545265" timestamp="2026-03-28T14:48:53Z" user="Mondal" uid="6547685" lat="30.3631903" lon="119.9714019"/>
 <node id="13014963355" visible="true" version="2" changeset="180545265" timestamp="2026-03-28T14:48:53Z" user="Mondal" uid="6547685" lat="30.3641993" lon="119.9713965"/>
 <node id="13014963356" visible="true" version="2" changeset="180545265" timestamp="2026-03-28T14:48:53Z" user="Mondal" uid="6547685" lat="30.3642039" lon="119.9703854"/>
 <node id="13014963357" visible="true" version="2" changeset="180545265" timestamp="2026-03-28T14:48:53Z" user="Mondal" uid="6547685" lat="30.3644284" lon="119.9703800"/>
 <node id="13014963358" visible="true" version="2" changeset="180545265" timestamp="2026-03-28T14:48:53Z" user="Mondal" uid="6547685" lat="30.3644261" lon="119.9711900"/>
 <node id="13014963359" visible="true" version="2" changeset="180545265" timestamp="2026-03-28T14:48:53Z" user="Mondal" uid="6547685" lat="30.3647524" lon="119.9711927"/>
 <node id="13014963360" visible="true" version="1" changeset="169229150" timestamp="2025-07-21T08:15:17Z" user="osm202507" uid="23114716" lat="30.3618595" lon="119.9702471"/>
 <node id="13014963361" visible="true" version="1" changeset="169229150" timestamp="2025-07-21T08:15:17Z" user="osm202507" uid="23114716" lat="30.3618572" lon="119.9710813"/>
 <node id="13014963362" visible="true" version="1" changeset="169229150" timestamp="2025-07-21T08:15:17Z" user="osm202507" uid="23114716" lat="30.3615749" lon="119.9710813"/>
 <node id="13014963363" visible="true" version="1" changeset="169229150" timestamp="2025-07-21T08:15:17Z" user="osm202507" uid="23114716" lat="30.3615656" lon="119.9700701"/>
 <node id="13014963364" visible="true" version="1" changeset="169229150" timestamp="2025-07-21T08:15:17Z" user="osm202507" uid="23114716" lat="30.3606399" lon="119.9700674"/>
 <node id="13014963365" visible="true" version="1" changeset="169229150" timestamp="2025-07-21T08:15:17Z" user="osm202507" uid="23114716" lat="30.3606468" lon="119.9712208"/>
 <node id="13014963366" visible="true" version="1" changeset="169229150" timestamp="2025-07-21T08:15:17Z" user="osm202507" uid="23114716" lat="30.3609199" lon="119.9712154"/>
 <node id="13014963367" visible="true" version="1" changeset="169229150" timestamp="2025-07-21T08:15:17Z" user="osm202507" uid="23114716" lat="30.3609222" lon="119.9703893"/>
 <node id="13014963368" visible="true" version="1" changeset="169229150" timestamp="2025-07-21T08:15:17Z" user="osm202507" uid="23114716" lat="30.3612277" lon="119.9703974"/>
 <node id="13014963369" visible="true" version="1" changeset="169229150" timestamp="2025-07-21T08:15:17Z" user="osm202507" uid="23114716" lat="30.3612300" lon="119.9714246"/>
 <node id="13014963370" visible="true" version="1" changeset="169229150" timestamp="2025-07-21T08:15:17Z" user="osm202507" uid="23114716" lat="30.3621419" lon="119.9714112"/>
 <node id="13014963371" visible="true" version="1" changeset="169229150" timestamp="2025-07-21T08:15:17Z" user="osm202507" uid="23114716" lat="30.3621373" lon="119.9702632"/>
 <node id="13055713980" visible="true" version="1" changeset="170090520" timestamp="2025-08-07T07:06:50Z" user="Herman Lee" uid="6921384" lat="30.3688995" lon="119.9670204">
  <tag k="bus" v="yes"/>
  <tag k="highway" v="bus_stop"/>
  <tag k="name" v="前程路溪东路口"/>
  <tag k="name:zh" v="前程路溪东路口"/>
  <tag k="public_transport" v="platform"/>
 </node>
 <node id="13055713981" visible="true" version="1" changeset="170090520" timestamp="2025-08-07T07:06:50Z" user="Herman Lee" uid="6921384" lat="30.3689534" lon="119.9670312">
  <tag k="bus" v="yes"/>
  <tag k="name" v="前程路溪东路口"/>
  <tag k="name:zh" v="前程路溪东路口"/>
  <tag k="public_transport" v="stop_position"/>
 </node>
 <node id="13055849928" visible="true" version="1" changeset="170094883" timestamp="2025-08-07T08:58:35Z" user="Herman Lee" uid="6921384" lat="30.3692142" lon="119.9715748">
  <tag k="bus" v="yes"/>
  <tag k="highway" v="bus_stop"/>
  <tag k="name" v="瓶窑镇政府"/>
  <tag k="name:zh" v="瓶窑镇政府"/>
  <tag k="public_transport" v="platform"/>
 </node>
 <node id="13055849929" visible="true" version="1" changeset="170094883" timestamp="2025-08-07T08:58:35Z" user="Herman Lee" uid="6921384" lat="30.3691219" lon="119.9715940">
  <tag k="bus" v="yes"/>
  <tag k="name" v="瓶窑镇政府"/>
  <tag k="name:zh" v="瓶窑镇政府"/>
  <tag k="public_transport" v="stop_position"/>
 </node>
 <node id="13055849930" visible="true" version="1" changeset="170094883" timestamp="2025-08-07T08:58:35Z" user="Herman Lee" uid="6921384" lat="30.3690546" lon="119.9731037">
  <tag k="bus" v="yes"/>
  <tag k="highway" v="bus_stop"/>
  <tag k="name" v="丁家"/>
  <tag k="name:zh" v="丁家"/>
  <tag k="public_transport" v="platform"/>
 </node>
 <node id="13055849931" visible="true" version="1" changeset="170094883" timestamp="2025-08-07T08:58:35Z" user="Herman Lee" uid="6921384" lat="30.3691101" lon="119.9731064">
  <tag k="bus" v="yes"/>
  <tag k="name" v="丁家"/>
  <tag k="name:zh" v="丁家"/>
  <tag k="public_transport" v="stop_position"/>
 </node>
 <node id="13055849932" visible="true" version="1" changeset="170094883" timestamp="2025-08-07T08:58:35Z" user="Herman Lee" uid="6921384" lat="30.3695081" lon="119.9750698">
  <tag k="bus" v="yes"/>
  <tag k="highway" v="bus_stop"/>
  <tag k="name" v="丁家"/>
  <tag k="name:zh" v="丁家"/>
  <tag k="public_transport" v="platform"/>
 </node>
 <node id="13055849933" visible="true" version="1" changeset="170094883" timestamp="2025-08-07T08:58:35Z" user="Herman Lee" uid="6921384" lat="30.3694296" lon="119.9750724">
  <tag k="bus" v="yes"/>
  <tag k="name" v="丁家"/>
  <tag k="name:zh" v="丁家"/>
  <tag k="public_transport" v="stop_position"/>
 </node>
 <node id="13055849934" visible="true" version="2" changeset="187943483" timestamp="2026-08-24T14:58:17Z" user="Topiours" uid="21363326" lat="30.3654178" lon="119.9761721">
  <tag k="bus" v="yes"/>
  <tag k="name" v="北航杭州国际校园东"/>
  <tag k="name:zh" v="北航杭州国际校园东"/>
  <tag k="public_transport" v="stop_position"/>
 </node>
 <node id="13055849935" visible="true" version="2" changeset="187943483" timestamp="2026-08-24T14:58:17Z" user="Topiours" uid="21363326" lat="30.3638630" lon="119.9762597">
  <tag k="bus" v="yes"/>
  <tag k="name" v="北航杭州国际校园东"/>
  <tag k="name:zh" v="北航杭州国际校园东"/>
  <tag k="public_transport" v="stop_position"/>
 </node>
 <node id="13055849936" visible="true" version="2" changeset="187943483" timestamp="2026-08-24T14:58:17Z" user="Topiours" uid="21363326" lat="30.3638452" lon="119.9761480">
  <tag k="bus" v="yes"/>
  <tag k="highway" v="bus_stop"/>
  <tag k="name" v="北航杭州国际校园东"/>
  <tag k="name:zh" v="北航杭州国际校园东"/>
  <tag k="public_transport" v="platform"/>
 </node>
 <node id="13055849937" visible="true" version="2" changeset="187943483" timestamp="2026-08-24T14:58:17Z" user="Topiours" uid="21363326" lat="30.3654050" lon="119.9763197">
  <tag k="bus" v="yes"/>
  <tag k="highway" v="bus_stop"/>
  <tag k="name" v="北航杭州国际校园东"/>
  <tag k="name:zh" v="北航杭州国际校园东"/>
  <tag k="public_transport" v="platform"/>
 </node>
 <node id="13055849938" visible="true" version="1" changeset="170094883" timestamp="2025-08-07T08:58:35Z" user="Herman Lee" uid="6921384" lat="30.3597164" lon="119.9762660">
  <tag k="bus" v="yes"/>
  <tag k="highway" v="bus_stop"/>
  <tag k="name" v="北棋盘"/>
  <tag k="name:zh" v="北棋盘"/>
  <tag k="public_transport" v="platform"/>
 </node>
 <node id="13055849939" visible="true" version="1" changeset="170094883" timestamp="2025-08-07T08:58:35Z" user="Herman Lee" uid="6921384" lat="30.3597163" lon="119.9763720">
  <tag k="bus" v="yes"/>
  <tag k="name" v="北棋盘"/>
  <tag k="name:zh" v="北棋盘"/>
  <tag k="public_transport" v="stop_position"/>
 </node>
 <node id="13055849940" visible="true" version="1" changeset="170094883" timestamp="2025-08-07T08:58:35Z" user="Herman Lee" uid="6921384" lat="30.3609523" lon="119.9764967">
  <tag k="bus" v="yes"/>
  <tag k="highway" v="bus_stop"/>
  <tag k="name" v="北棋盘"/>
  <tag k="name:zh" v="北棋盘"/>
  <tag k="public_transport" v="platform"/>
 </node>
 <node id="13055849941" visible="true" version="1" changeset="170094883" timestamp="2025-08-07T08:58:35Z" user="Herman Lee" uid="6921384" lat="30.3609705" lon="119.9763991">
  <tag k="bus" v="yes"/>
  <tag k="name" v="北棋盘"/>
  <tag k="name:zh" v="北棋盘"/>
  <tag k="public_transport" v="stop_position"/>
 </node>
 <node id="13055849943" visible="true" version="1" changeset="170094883" timestamp="2025-08-07T08:58:35Z" user="Herman Lee" uid="6921384" lat="30.3580503" lon="119.9804986">
  <tag k="bus" v="yes"/>
  <tag k="name" v="瓶窑二小"/>
  <tag k="name:zh" v="瓶窑二小"/>
  <tag k="public_transport" v="stop_position"/>
 </node>
 <node id="13055849945" visible="true" version="1" changeset="170094883" timestamp="2025-08-07T08:58:35Z" user="Herman Lee" uid="6921384" lat="30.3581579" lon="119.9791306">
  <tag k="bus" v="yes"/>
  <tag k="name" v="瓶窑二小"/>
  <tag k="name:zh" v="瓶窑二小"/>
  <tag k="public_transport" v="stop_position"/>
 </node>
 <node id="13413084399" visible="true" version="1" changeset="176527130" timestamp="2025-12-28T12:52:19Z" user="meongseolin" uid="18160068" lat="30.3704711" lon="119.9741544"/>
 <node id="13413084400" visible="true" version="1" changeset="176527130" timestamp="2025-12-28T12:52:19Z" user="meongseolin" uid="18160068" lat="30.3694618" lon="119.9741153"/>
 <node id="13686553351" visible="true" version="1" changeset="180545265" timestamp="2026-03-28T14:48:53Z" user="Mondal" uid="6547685" lat="30.3600632" lon="119.9741080"/>
 <node id="13686553352" visible="true" version="1" changeset="180545265" timestamp="2026-03-28T14:48:53Z" user="Mondal" uid="6547685" lat="30.3600708" lon="119.9754503"/>
 <node id="13686553353" visible="true" version="1" changeset="180545265" timestamp="2026-03-28T14:48:53Z" user="Mondal" uid="6547685" lat="30.3589092" lon="119.9754592"/>
 <node id="13686553354" visible="true" version="1" changeset="180545265" timestamp="2026-03-28T14:48:53Z" user="Mondal" uid="6547685" lat="30.3589016" lon="119.9741167"/>
 <node id="13686553355" visible="true" version="1" changeset="180545265" timestamp="2026-03-28T14:48:53Z" user="Mondal" uid="6547685" lat="30.3609611" lon="119.9718308"/>
 <node id="13686553356" visible="true" version="1" changeset="180545265" timestamp="2026-03-28T14:48:53Z" user="Mondal" uid="6547685" lat="30.3609622" lon="119.9735544"/>
 <node id="13686553357" visible="true" version="1" changeset="180545265" timestamp="2026-03-28T14:48:53Z" user="Mondal" uid="6547685" lat="30.3645000" lon="119.9735514"/>
 <node id="13686553358" visible="true" version="1" changeset="180545265" timestamp="2026-03-28T14:48:53Z" user="Mondal" uid="6547685" lat="30.3644987" lon="119.9718274"/>
 <node id="13686553359" visible="true" version="1" changeset="180545265" timestamp="2026-03-28T14:48:53Z" user="Mondal" uid="6547685" lat="30.3601013" lon="119.9696211"/>
 <node id="13686553360" visible="true" version="1" changeset="180545265" timestamp="2026-03-28T14:48:53Z" user="Mondal" uid="6547685" lat="30.3599582" lon="119.9695644"/>
 <node id="13686553361" visible="true" version="1" changeset="180545265" timestamp="2026-03-28T14:48:53Z" user="Mondal" uid="6547685" lat="30.3597458" lon="119.9695018"/>
 <node id="13686553362" visible="true" version="1" changeset="180545265" timestamp="2026-03-28T14:48:53Z" user="Mondal" uid="6547685" lat="30.3594590" lon="119.9694946"/>
 <node id="13686553363" visible="true" version="1" changeset="180545265" timestamp="2026-03-28T14:48:53Z" user="Mondal" uid="6547685" lat="30.3591597" lon="119.9695380"/>
 <node id="13686553364" visible="true" version="1" changeset="180545265" timestamp="2026-03-28T14:48:53Z" user="Mondal" uid="6547685" lat="30.3589757" lon="119.9695886"/>
 <node id="13686553365" visible="true" version="1" changeset="180545265" timestamp="2026-03-28T14:48:53Z" user="Mondal" uid="6547685" lat="30.3588915" lon="119.9696211"/>
 <node id="13686553366" visible="true" version="1" changeset="180545265" timestamp="2026-03-28T14:48:53Z" user="Mondal" uid="6547685" lat="30.3588853" lon="119.9696717"/>
 <node id="13686553367" visible="true" version="1" changeset="180545265" timestamp="2026-03-28T14:48:53Z" user="Mondal" uid="6547685" lat="30.3589151" lon="119.9696927"/>
 <node id="13686553368" visible="true" version="2" changeset="180564280" timestamp="2026-03-29T01:27:28Z" user="smallCat" uid="22252985" lat="30.3600795" lon="119.9696949"/>
 <node id="13686553369" visible="true" version="1" changeset="180545265" timestamp="2026-03-28T14:48:53Z" user="Mondal" uid="6547685" lat="30.3601105" lon="119.9696472"/>
 <node id="13686553370" visible="true" version="1" changeset="180545265" timestamp="2026-03-28T14:48:53Z" user="Mondal" uid="6547685" lat="30.3601009" lon="119.9696740"/>
 <node id="13686553371" visible="true" version="1" changeset="180545265" timestamp="2026-03-28T14:48:53Z" user="Mondal" uid="6547685" lat="30.3600965" lon="119.9696095"/>
 <node id="13686553372" visible="true" version="2" changeset="180564280" timestamp="2026-03-29T01:27:28Z" user="smallCat" uid="22252985" lat="30.3665386" lon="119.9718392"/>
 <node id="13686553373" visible="true" version="2" changeset="180564280" timestamp="2026-03-29T01:27:28Z" user="smallCat" uid="22252985" lat="30.3665420" lon="119.9728077"/>
 <node id="13686553374" visible="true" version="2" changeset="180564280" timestamp="2026-03-29T01:27:28Z" user="smallCat" uid="22252985" lat="30.3648624" lon="119.9728158"/>
 <node id="13686553375" visible="true" version="2" changeset="180564280" timestamp="2026-03-29T01:27:28Z" user="smallCat" uid="22252985" lat="30.3648590" lon="119.9718469"/>
 <node id="13686553376" visible="true" version="1" changeset="180545265" timestamp="2026-03-28T14:48:53Z" user="Mondal" uid="6547685" lat="30.3668037" lon="119.9717216"/>
 <node id="13686553377" visible="true" version="1" changeset="180545265" timestamp="2026-03-28T14:48:53Z" user="Mondal" uid="6547685" lat="30.3668222" lon="119.9715501"/>
 <node id="13686553378" visible="true" version="1" changeset="180545265" timestamp="2026-03-28T14:48:53Z" user="Mondal" uid="6547685" lat="30.3668328" lon="119.9713574"/>
 <node id="13686553379" visible="true" version="1" changeset="180545265" timestamp="2026-03-28T14:48:53Z" user="Mondal" uid="6547685" lat="30.3668513" lon="119.9708525"/>
 <node id="13686553380" visible="true" version="1" changeset="180545265" timestamp="2026-03-28T14:48:53Z" user="Mondal" uid="6547685" lat="30.3668618" lon="119.9703048"/>
 <node id="13686553381" visible="true" version="1" changeset="180545265" timestamp="2026-03-28T14:48:53Z" user="Mondal" uid="6547685" lat="30.3668381" lon="119.9700784"/>
 <node id="13686553382" visible="true" version="1" changeset="180545265" timestamp="2026-03-28T14:48:53Z" user="Mondal" uid="6547685" lat="30.3667879" lon="119.9699162"/>
 <node id="13686553383" visible="true" version="1" changeset="180545265" timestamp="2026-03-28T14:48:53Z" user="Mondal" uid="6547685" lat="30.3666902" lon="119.9698765"/>
 <node id="13686553384" visible="true" version="1" changeset="180545265" timestamp="2026-03-28T14:48:53Z" user="Mondal" uid="6547685" lat="30.3662441" lon="119.9698856"/>
 <node id="13686553385" visible="true" version="1" changeset="180545265" timestamp="2026-03-28T14:48:53Z" user="Mondal" uid="6547685" lat="30.3661200" lon="119.9698917"/>
 <node id="13686553386" visible="true" version="1" changeset="180545265" timestamp="2026-03-28T14:48:53Z" user="Mondal" uid="6547685" lat="30.3659431" lon="119.9699315"/>
 <node id="13686553387" visible="true" version="1" changeset="180545265" timestamp="2026-03-28T14:48:53Z" user="Mondal" uid="6547685" lat="30.3657002" lon="119.9700325"/>
 <node id="13686553388" visible="true" version="1" changeset="180545265" timestamp="2026-03-28T14:48:53Z" user="Mondal" uid="6547685" lat="30.3654890" lon="119.9700784"/>
 <node id="13686553389" visible="true" version="1" changeset="180545265" timestamp="2026-03-28T14:48:53Z" user="Mondal" uid="6547685" lat="30.3653623" lon="119.9700662"/>
 <node id="13686553390" visible="true" version="1" changeset="180545265" timestamp="2026-03-28T14:48:53Z" user="Mondal" uid="6547685" lat="30.3651511" lon="119.9700539"/>
 <node id="13686553391" visible="true" version="1" changeset="180545265" timestamp="2026-03-28T14:48:53Z" user="Mondal" uid="6547685" lat="30.3650904" lon="119.9700600"/>
 <node id="13686553392" visible="true" version="1" changeset="180545265" timestamp="2026-03-28T14:48:53Z" user="Mondal" uid="6547685" lat="30.3650323" lon="119.9701396"/>
 <node id="13686553393" visible="true" version="1" changeset="180545265" timestamp="2026-03-28T14:48:53Z" user="Mondal" uid="6547685" lat="30.3649821" lon="119.9702528"/>
 <node id="13686553394" visible="true" version="1" changeset="180545265" timestamp="2026-03-28T14:48:53Z" user="Mondal" uid="6547685" lat="30.3649980" lon="119.9707699"/>
 <node id="13686553395" visible="true" version="1" changeset="180545265" timestamp="2026-03-28T14:48:53Z" user="Mondal" uid="6547685" lat="30.3649953" lon="119.9717142"/>
 <node id="13686553396" visible="true" version="1" changeset="180545265" timestamp="2026-03-28T14:48:53Z" user="Mondal" uid="6547685" lat="30.3647232" lon="119.9738169"/>
 <node id="13686553397" visible="true" version="2" changeset="180564280" timestamp="2026-03-29T01:27:28Z" user="smallCat" uid="22252985" lat="30.3654900" lon="119.9738014"/>
 <node id="13686553398" visible="true" version="1" changeset="180545265" timestamp="2026-03-28T14:48:53Z" user="Mondal" uid="6547685" lat="30.3662294" lon="119.9737961"/>
 <node id="13686553399" visible="true" version="1" changeset="180545265" timestamp="2026-03-28T14:48:53Z" user="Mondal" uid="6547685" lat="30.3668195" lon="119.9737754"/>
 <node id="13686571071" visible="true" version="1" changeset="180545715" timestamp="2026-03-28T14:58:54Z" user="Mondal" uid="6547685" lat="30.3676701" lon="119.9724940"/>
 <node id="13686571072" visible="true" version="1" changeset="180545715" timestamp="2026-03-28T14:58:54Z" user="Mondal" uid="6547685" lat="30.3676693" lon="119.9728136"/>
 <node id="13686571073" visible="true" version="1" changeset="180545715" timestamp="2026-03-28T14:58:54Z" user="Mondal" uid="6547685" lat="30.3675957" lon="119.9728133"/>
 <node id="13686571074" visible="true" version="1" changeset="180545715" timestamp="2026-03-28T14:58:54Z" user="Mondal" uid="6547685" lat="30.3675966" lon="119.9724937"/>
 <node id="13686571075" visible="true" version="1" changeset="180545715" timestamp="2026-03-28T14:58:54Z" user="Mondal" uid="6547685" lat="30.3678540" lon="119.9724933"/>
 <node id="13686571076" visible="true" version="1" changeset="180545715" timestamp="2026-03-28T14:58:54Z" user="Mondal" uid="6547685" lat="30.3678532" lon="119.9728129"/>
 <node id="13686571077" visible="true" version="1" changeset="180545715" timestamp="2026-03-28T14:58:54Z" user="Mondal" uid="6547685" lat="30.3677796" lon="119.9728126"/>
 <node id="13686571078" visible="true" version="1" changeset="180545715" timestamp="2026-03-28T14:58:54Z" user="Mondal" uid="6547685" lat="30.3677805" lon="119.9724930"/>
 <node id="13686571079" visible="true" version="1" changeset="180545715" timestamp="2026-03-28T14:58:54Z" user="Mondal" uid="6547685" lat="30.3679551" lon="119.9724973"/>
 <node id="13686571080" visible="true" version="1" changeset="180545715" timestamp="2026-03-28T14:58:54Z" user="Mondal" uid="6547685" lat="30.3679543" lon="119.9728169"/>
 <node id="13686571081" visible="true" version="1" changeset="180545715" timestamp="2026-03-28T14:58:54Z" user="Mondal" uid="6547685" lat="30.3678807" lon="119.9728166"/>
 <node id="13686571082" visible="true" version="1" changeset="180545715" timestamp="2026-03-28T14:58:54Z" user="Mondal" uid="6547685" lat="30.3678816" lon="119.9724970"/>
 <node id="13686571083" visible="true" version="1" changeset="180545715" timestamp="2026-03-28T14:58:54Z" user="Mondal" uid="6547685" lat="30.3680389" lon="119.9724973"/>
 <node id="13686571084" visible="true" version="1" changeset="180545715" timestamp="2026-03-28T14:58:54Z" user="Mondal" uid="6547685" lat="30.3680381" lon="119.9728169"/>
 <node id="13686571085" visible="true" version="1" changeset="180545715" timestamp="2026-03-28T14:58:54Z" user="Mondal" uid="6547685" lat="30.3679645" lon="119.9728166"/>
 <node id="13686571086" visible="true" version="1" changeset="180545715" timestamp="2026-03-28T14:58:54Z" user="Mondal" uid="6547685" lat="30.3679654" lon="119.9724970"/>
 <node id="13686571087" visible="true" version="1" changeset="180545715" timestamp="2026-03-28T14:58:54Z" user="Mondal" uid="6547685" lat="30.3681401" lon="119.9724947"/>
 <node id="13686571088" visible="true" version="1" changeset="180545715" timestamp="2026-03-28T14:58:54Z" user="Mondal" uid="6547685" lat="30.3681393" lon="119.9728143"/>
 <node id="13686571089" visible="true" version="1" changeset="180545715" timestamp="2026-03-28T14:58:54Z" user="Mondal" uid="6547685" lat="30.3680657" lon="119.9728140"/>
 <node id="13686571090" visible="true" version="1" changeset="180545715" timestamp="2026-03-28T14:58:54Z" user="Mondal" uid="6547685" lat="30.3680666" lon="119.9724944"/>
 <node id="13686571091" visible="true" version="1" changeset="180545715" timestamp="2026-03-28T14:58:54Z" user="Mondal" uid="6547685" lat="30.3682228" lon="119.9724893"/>
 <node id="13686571092" visible="true" version="1" changeset="180545715" timestamp="2026-03-28T14:58:54Z" user="Mondal" uid="6547685" lat="30.3682220" lon="119.9728089"/>
 <node id="13686571093" visible="true" version="1" changeset="180545715" timestamp="2026-03-28T14:58:54Z" user="Mondal" uid="6547685" lat="30.3681484" lon="119.9728086"/>
 <node id="13686571094" visible="true" version="1" changeset="180545715" timestamp="2026-03-28T14:58:54Z" user="Mondal" uid="6547685" lat="30.3681493" lon="119.9724890"/>
 <node id="13686571095" visible="true" version="1" changeset="180545715" timestamp="2026-03-28T14:58:54Z" user="Mondal" uid="6547685" lat="30.3683228" lon="119.9724906"/>
 <node id="13686571096" visible="true" version="1" changeset="180545715" timestamp="2026-03-28T14:58:54Z" user="Mondal" uid="6547685" lat="30.3683220" lon="119.9728102"/>
 <node id="13686571097" visible="true" version="1" changeset="180545715" timestamp="2026-03-28T14:58:54Z" user="Mondal" uid="6547685" lat="30.3682484" lon="119.9728099"/>
 <node id="13686571098" visible="true" version="1" changeset="180545715" timestamp="2026-03-28T14:58:54Z" user="Mondal" uid="6547685" lat="30.3682493" lon="119.9724903"/>
 <node id="13686571099" visible="true" version="1" changeset="180545715" timestamp="2026-03-28T14:58:54Z" user="Mondal" uid="6547685" lat="30.3684067" lon="119.9724933"/>
 <node id="13686571100" visible="true" version="1" changeset="180545715" timestamp="2026-03-28T14:58:54Z" user="Mondal" uid="6547685" lat="30.3684059" lon="119.9728129"/>
 <node id="13686585739" visible="true" version="1" changeset="180545341" timestamp="2026-03-28T14:50:47Z" user="Mondal" uid="6547685" lat="30.3668813" lon="119.9718891"/>
 <node id="13686585740" visible="true" version="1" changeset="180545341" timestamp="2026-03-28T14:50:47Z" user="Mondal" uid="6547685" lat="30.3668874" lon="119.9727830"/>
 <node id="13686585741" visible="true" version="1" changeset="180545341" timestamp="2026-03-28T14:50:47Z" user="Mondal" uid="6547685" lat="30.3665998" lon="119.9727857"/>
 <node id="13686585742" visible="true" version="1" changeset="180545341" timestamp="2026-03-28T14:50:47Z" user="Mondal" uid="6547685" lat="30.3665935" lon="119.9718918"/>
 <node id="13686604601" visible="true" version="1" changeset="180545715" timestamp="2026-03-28T14:58:54Z" user="Mondal" uid="6547685" lat="30.3683323" lon="119.9728126"/>
 <node id="13686604602" visible="true" version="1" changeset="180545715" timestamp="2026-03-28T14:58:54Z" user="Mondal" uid="6547685" lat="30.3683332" lon="119.9724930"/>
 <node id="13686604603" visible="true" version="1" changeset="180545715" timestamp="2026-03-28T14:58:54Z" user="Mondal" uid="6547685" lat="30.3685091" lon="119.9724890"/>
 <node id="13686604604" visible="true" version="1" changeset="180545715" timestamp="2026-03-28T14:58:54Z" user="Mondal" uid="6547685" lat="30.3685096" lon="119.9727866"/>
 <node id="13686604605" visible="true" version="1" changeset="180545715" timestamp="2026-03-28T14:58:54Z" user="Mondal" uid="6547685" lat="30.3684360" lon="119.9727868"/>
 <node id="13686604606" visible="true" version="1" changeset="180545715" timestamp="2026-03-28T14:58:54Z" user="Mondal" uid="6547685" lat="30.3684356" lon="119.9724892"/>
 <node id="13686604607" visible="true" version="1" changeset="180545715" timestamp="2026-03-28T14:58:54Z" user="Mondal" uid="6547685" lat="30.3686552" lon="119.9724776"/>
 <node id="13686604608" visible="true" version="1" changeset="180545715" timestamp="2026-03-28T14:58:54Z" user="Mondal" uid="6547685" lat="30.3686548" lon="119.9727418"/>
 <node id="13686604609" visible="true" version="1" changeset="180545715" timestamp="2026-03-28T14:58:54Z" user="Mondal" uid="6547685" lat="30.3685836" lon="119.9727417"/>
 <node id="13686604610" visible="true" version="1" changeset="180545715" timestamp="2026-03-28T14:58:54Z" user="Mondal" uid="6547685" lat="30.3685840" lon="119.9724774"/>
 <node id="13686675607" visible="true" version="1" changeset="180548476" timestamp="2026-03-28T15:58:18Z" user="Sarafat Islam" uid="15378341" lat="30.3603772" lon="119.9699294"/>
 <node id="13686675608" visible="true" version="1" changeset="180548476" timestamp="2026-03-28T15:58:18Z" user="Sarafat Islam" uid="15378341" lat="30.3607006" lon="119.9699019"/>
 <node id="13686675609" visible="true" version="1" changeset="180548476" timestamp="2026-03-28T15:58:18Z" user="Sarafat Islam" uid="15378341" lat="30.3609569" lon="119.9698729"/>
 <node id="13686675610" visible="true" version="1" changeset="180548476" timestamp="2026-03-28T15:58:18Z" user="Sarafat Islam" uid="15378341" lat="30.3612376" lon="119.9698519"/>
 <node id="13686675611" visible="true" version="1" changeset="180548476" timestamp="2026-03-28T15:58:18Z" user="Sarafat Islam" uid="15378341" lat="30.3614564" lon="119.9698551"/>
 <node id="13686675612" visible="true" version="1" changeset="180548476" timestamp="2026-03-28T15:58:18Z" user="Sarafat Islam" uid="15378341" lat="30.3616584" lon="119.9698955"/>
 <node id="13686675613" visible="true" version="1" changeset="180548476" timestamp="2026-03-28T15:58:18Z" user="Sarafat Islam" uid="15378341" lat="30.3618075" lon="119.9699552"/>
 <node id="13686675614" visible="true" version="1" changeset="180548476" timestamp="2026-03-28T15:58:18Z" user="Sarafat Islam" uid="15378341" lat="30.3619357" lon="119.9700149"/>
 <node id="13686675615" visible="true" version="1" changeset="180548476" timestamp="2026-03-28T15:58:18Z" user="Sarafat Islam" uid="15378341" lat="30.3620737" lon="119.9701038"/>
 <node id="13686675616" visible="true" version="1" changeset="180548476" timestamp="2026-03-28T15:58:18Z" user="Sarafat Islam" uid="15378341" lat="30.3621726" lon="119.9701926"/>
 <node id="13686675617" visible="true" version="1" changeset="180548476" timestamp="2026-03-28T15:58:18Z" user="Sarafat Islam" uid="15378341" lat="30.3622135" lon="119.9702975"/>
 <node id="13686675618" visible="true" version="1" changeset="180548476" timestamp="2026-03-28T15:58:18Z" user="Sarafat Islam" uid="15378341" lat="30.3622324" lon="119.9704403"/>
 <node id="13686675619" visible="true" version="1" changeset="180548476" timestamp="2026-03-28T15:58:18Z" user="Sarafat Islam" uid="15378341" lat="30.3622530" lon="119.9706381"/>
 <node id="13686675620" visible="true" version="1" changeset="180548476" timestamp="2026-03-28T15:58:18Z" user="Sarafat Islam" uid="15378341" lat="30.3622530" lon="119.9708524"/>
 <node id="13686675621" visible="true" version="1" changeset="180548476" timestamp="2026-03-28T15:58:18Z" user="Sarafat Islam" uid="15378341" lat="30.3622372" lon="119.9710539"/>
 <node id="13686675622" visible="true" version="1" changeset="180548476" timestamp="2026-03-28T15:58:18Z" user="Sarafat Islam" uid="15378341" lat="30.3622577" lon="119.9712627"/>
 <node id="13686675623" visible="true" version="1" changeset="180548476" timestamp="2026-03-28T15:58:18Z" user="Sarafat Islam" uid="15378341" lat="30.3623114" lon="119.9714587"/>
 <node id="13686675624" visible="true" version="1" changeset="180548476" timestamp="2026-03-28T15:58:18Z" user="Sarafat Islam" uid="15378341" lat="30.3623557" lon="119.9715741"/>
 <node id="13686675625" visible="true" version="1" changeset="180548476" timestamp="2026-03-28T15:58:18Z" user="Sarafat Islam" uid="15378341" lat="30.3623887" lon="119.9716556"/>
 <node id="13686675626" visible="true" version="1" changeset="180548476" timestamp="2026-03-28T15:58:18Z" user="Sarafat Islam" uid="15378341" lat="30.3624124" lon="119.9717086"/>
 <node id="13686675627" visible="true" version="1" changeset="180548476" timestamp="2026-03-28T15:58:18Z" user="Sarafat Islam" uid="15378341" lat="30.3629900" lon="119.9717097"/>
 <node id="13686675628" visible="true" version="1" changeset="180548476" timestamp="2026-03-28T15:58:18Z" user="Sarafat Islam" uid="15378341" lat="30.3630015" lon="119.9716231"/>
 <node id="13686675629" visible="true" version="1" changeset="180548476" timestamp="2026-03-28T15:58:18Z" user="Sarafat Islam" uid="15378341" lat="30.3630015" lon="119.9715269"/>
 <node id="13686675630" visible="true" version="1" changeset="180548476" timestamp="2026-03-28T15:58:18Z" user="Sarafat Islam" uid="15378341" lat="30.3629784" lon="119.9714120"/>
 <node id="13686675631" visible="true" version="1" changeset="180548476" timestamp="2026-03-28T15:58:18Z" user="Sarafat Islam" uid="15378341" lat="30.3629623" lon="119.9712649"/>
 <node id="13686675632" visible="true" version="1" changeset="180548476" timestamp="2026-03-28T15:58:18Z" user="Sarafat Islam" uid="15378341" lat="30.3629592" lon="119.9711416"/>
 <node id="13686675633" visible="true" version="1" changeset="180548476" timestamp="2026-03-28T15:58:18Z" user="Sarafat Islam" uid="15378341" lat="30.3629841" lon="119.9710036"/>
 <node id="13686675634" visible="true" version="1" changeset="180548476" timestamp="2026-03-28T15:58:18Z" user="Sarafat Islam" uid="15378341" lat="30.3630213" lon="119.9707925"/>
 <node id="13686675635" visible="true" version="1" changeset="180548476" timestamp="2026-03-28T15:58:18Z" user="Sarafat Islam" uid="15378341" lat="30.3630442" lon="119.9706564"/>
 <node id="13686675636" visible="true" version="1" changeset="180548476" timestamp="2026-03-28T15:58:18Z" user="Sarafat Islam" uid="15378341" lat="30.3630605" lon="119.9705336"/>
 <node id="13686675637" visible="true" version="1" changeset="180548476" timestamp="2026-03-28T15:58:18Z" user="Sarafat Islam" uid="15378341" lat="30.3630915" lon="119.9702998"/>
 <node id="13686675638" visible="true" version="1" changeset="180548476" timestamp="2026-03-28T15:58:18Z" user="Sarafat Islam" uid="15378341" lat="30.3631325" lon="119.9701625"/>
 <node id="13686675639" visible="true" version="1" changeset="180548476" timestamp="2026-03-28T15:58:18Z" user="Sarafat Islam" uid="15378341" lat="30.3631728" lon="119.9701301"/>
 <node id="13686675640" visible="true" version="1" changeset="180548476" timestamp="2026-03-28T15:58:18Z" user="Sarafat Islam" uid="15378341" lat="30.3632814" lon="119.9700443"/>
 <node id="13686675641" visible="true" version="1" changeset="180548476" timestamp="2026-03-28T15:58:18Z" user="Sarafat Islam" uid="15378341" lat="30.3634118" lon="119.9699819"/>
 <node id="13686675642" visible="true" version="1" changeset="180548476" timestamp="2026-03-28T15:58:18Z" user="Sarafat Islam" uid="15378341" lat="30.3634674" lon="119.9699682"/>
 <node id="13686675643" visible="true" version="1" changeset="180548476" timestamp="2026-03-28T15:58:18Z" user="Sarafat Islam" uid="15378341" lat="30.3636128" lon="119.9699330"/>
 <node id="13686675644" visible="true" version="1" changeset="180548476" timestamp="2026-03-28T15:58:18Z" user="Sarafat Islam" uid="15378341" lat="30.3637850" lon="119.9698966"/>
 <node id="13686675645" visible="true" version="1" changeset="180548476" timestamp="2026-03-28T15:58:18Z" user="Sarafat Islam" uid="15378341" lat="30.3639669" lon="119.9698753"/>
 <node id="13686675646" visible="true" version="1" changeset="180548476" timestamp="2026-03-28T15:58:18Z" user="Sarafat Islam" uid="15378341" lat="30.3641857" lon="119.9698715"/>
 <node id="13686675647" visible="true" version="1" changeset="180548476" timestamp="2026-03-28T15:58:18Z" user="Sarafat Islam" uid="15378341" lat="30.3644189" lon="119.9698783"/>
 <node id="13686675648" visible="true" version="1" changeset="180548476" timestamp="2026-03-28T15:58:18Z" user="Sarafat Islam" uid="15378341" lat="30.3645136" lon="119.9698912"/>
 <node id="13686675649" visible="true" version="1" changeset="180548476" timestamp="2026-03-28T15:58:18Z" user="Sarafat Islam" uid="15378341" lat="30.3646153" lon="119.9699154"/>
 <node id="13686675650" visible="true" version="1" changeset="180548476" timestamp="2026-03-28T15:58:18Z" user="Sarafat Islam" uid="15378341" lat="30.3646753" lon="119.9699412"/>
 <node id="13686675651" visible="true" version="1" changeset="180548476" timestamp="2026-03-28T15:58:18Z" user="Sarafat Islam" uid="15378341" lat="30.3647129" lon="119.9699654"/>
 <node id="13686675652" visible="true" version="1" changeset="180548476" timestamp="2026-03-28T15:58:18Z" user="Sarafat Islam" uid="15378341" lat="30.3647435" lon="119.9699961"/>
 <node id="13686675653" visible="true" version="1" changeset="180548476" timestamp="2026-03-28T15:58:18Z" user="Sarafat Islam" uid="15378341" lat="30.3647561" lon="119.9700397"/>
 <node id="13686675654" visible="true" version="1" changeset="180548476" timestamp="2026-03-28T15:58:18Z" user="Sarafat Islam" uid="15378341" lat="30.3647658" lon="119.9700898"/>
 <node id="13686675655" visible="true" version="1" changeset="180548476" timestamp="2026-03-28T15:58:18Z" user="Sarafat Islam" uid="15378341" lat="30.3647658" lon="119.9703610"/>
 <node id="13686675656" visible="true" version="1" changeset="180548476" timestamp="2026-03-28T15:58:18Z" user="Sarafat Islam" uid="15378341" lat="30.3647658" lon="119.9706791"/>
 <node id="13686675657" visible="true" version="1" changeset="180548476" timestamp="2026-03-28T15:58:18Z" user="Sarafat Islam" uid="15378341" lat="30.3647672" lon="119.9711285"/>
 <node id="13686675658" visible="true" version="1" changeset="180548476" timestamp="2026-03-28T15:58:18Z" user="Sarafat Islam" uid="15378341" lat="30.3647686" lon="119.9711964"/>
 <node id="13686675659" visible="true" version="1" changeset="180548476" timestamp="2026-03-28T15:58:18Z" user="Sarafat Islam" uid="15378341" lat="30.3647686" lon="119.9712303"/>
 <node id="13686675660" visible="true" version="1" changeset="180548476" timestamp="2026-03-28T15:58:18Z" user="Sarafat Islam" uid="15378341" lat="30.3647588" lon="119.9712739"/>
 <node id="13686675661" visible="true" version="1" changeset="180548476" timestamp="2026-03-28T15:58:18Z" user="Sarafat Islam" uid="15378341" lat="30.3647379" lon="119.9713126"/>
 <node id="13686675662" visible="true" version="1" changeset="180548476" timestamp="2026-03-28T15:58:18Z" user="Sarafat Islam" uid="15378341" lat="30.3647184" lon="119.9713401"/>
 <node id="13686675663" visible="true" version="1" changeset="180548476" timestamp="2026-03-28T15:58:18Z" user="Sarafat Islam" uid="15378341" lat="30.3646836" lon="119.9713643"/>
 <node id="13686675664" visible="true" version="1" changeset="180548476" timestamp="2026-03-28T15:58:18Z" user="Sarafat Islam" uid="15378341" lat="30.3646474" lon="119.9713853"/>
 <node id="13686675665" visible="true" version="1" changeset="180548476" timestamp="2026-03-28T15:58:18Z" user="Sarafat Islam" uid="15378341" lat="30.3646209" lon="119.9714030"/>
 <node id="13686675666" visible="true" version="1" changeset="180548476" timestamp="2026-03-28T15:58:18Z" user="Sarafat Islam" uid="15378341" lat="30.3646014" lon="119.9714208"/>
 <node id="13686675667" visible="true" version="1" changeset="180548476" timestamp="2026-03-28T15:58:18Z" user="Sarafat Islam" uid="15378341" lat="30.3645847" lon="119.9714466"/>
 <node id="13686675668" visible="true" version="1" changeset="180548476" timestamp="2026-03-28T15:58:18Z" user="Sarafat Islam" uid="15378341" lat="30.3645736" lon="119.9715080"/>
 <node id="13686675669" visible="true" version="1" changeset="180548476" timestamp="2026-03-28T15:58:18Z" user="Sarafat Islam" uid="15378341" lat="30.3645680" lon="119.9715968"/>
 <node id="13686675670" visible="true" version="1" changeset="180548476" timestamp="2026-03-28T15:58:18Z" user="Sarafat Islam" uid="15378341" lat="30.3645680" lon="119.9717128"/>
 <node id="13686675671" visible="true" version="1" changeset="180548476" timestamp="2026-03-28T15:58:18Z" user="Sarafat Islam" uid="15378341" lat="30.3630487" lon="119.9701312"/>
 <node id="13686675672" visible="true" version="1" changeset="180548476" timestamp="2026-03-28T15:58:18Z" user="Sarafat Islam" uid="15378341" lat="30.3629160" lon="119.9701000"/>
 <node id="13686675673" visible="true" version="1" changeset="180548476" timestamp="2026-03-28T15:58:18Z" user="Sarafat Islam" uid="15378341" lat="30.3628857" lon="119.9700932"/>
 <node id="13686675674" visible="true" version="1" changeset="180548476" timestamp="2026-03-28T15:58:18Z" user="Sarafat Islam" uid="15378341" lat="30.3628328" lon="119.9701274"/>
 <node id="13686675675" visible="true" version="1" changeset="180548476" timestamp="2026-03-28T15:58:18Z" user="Sarafat Islam" uid="15378341" lat="30.3627876" lon="119.9701482"/>
 <node id="13686675676" visible="true" version="1" changeset="180548476" timestamp="2026-03-28T15:58:18Z" user="Sarafat Islam" uid="15378341" lat="30.3627410" lon="119.9701664"/>
 <node id="13686675677" visible="true" version="1" changeset="180548476" timestamp="2026-03-28T15:58:18Z" user="Sarafat Islam" uid="15378341" lat="30.3626986" lon="119.9701741"/>
 <node id="13686675678" visible="true" version="1" changeset="180548476" timestamp="2026-03-28T15:58:18Z" user="Sarafat Islam" uid="15378341" lat="30.3626471" lon="119.9701652"/>
 <node id="13686675679" visible="true" version="1" changeset="180548476" timestamp="2026-03-28T15:58:18Z" user="Sarafat Islam" uid="15378341" lat="30.3626022" lon="119.9701464"/>
 <node id="13686675680" visible="true" version="1" changeset="180548476" timestamp="2026-03-28T15:58:18Z" user="Sarafat Islam" uid="15378341" lat="30.3625611" lon="119.9701265"/>
 <node id="13686675681" visible="true" version="1" changeset="180548476" timestamp="2026-03-28T15:58:18Z" user="Sarafat Islam" uid="15378341" lat="30.3625239" lon="119.9701022"/>
 <node id="13686675682" visible="true" version="1" changeset="180548476" timestamp="2026-03-28T15:58:18Z" user="Sarafat Islam" uid="15378341" lat="30.3624953" lon="119.9700977"/>
 <node id="13686675683" visible="true" version="1" changeset="180548476" timestamp="2026-03-28T15:58:18Z" user="Sarafat Islam" uid="15378341" lat="30.3624456" lon="119.9701066"/>
 <node id="13686675684" visible="true" version="1" changeset="180548476" timestamp="2026-03-28T15:58:18Z" user="Sarafat Islam" uid="15378341" lat="30.3623997" lon="119.9701145"/>
 <node id="13686675685" visible="true" version="1" changeset="180548476" timestamp="2026-03-28T15:58:18Z" user="Sarafat Islam" uid="15378341" lat="30.3623456" lon="119.9701403"/>
 <node id="13686675686" visible="true" version="1" changeset="180548476" timestamp="2026-03-28T15:58:18Z" user="Sarafat Islam" uid="15378341" lat="30.3622796" lon="119.9701833"/>
 <node id="13686675687" visible="true" version="1" changeset="180548476" timestamp="2026-03-28T15:58:18Z" user="Sarafat Islam" uid="15378341" lat="30.3621915" lon="119.9702412"/>
 <node id="13686675688" visible="true" version="1" changeset="180548476" timestamp="2026-03-28T15:58:18Z" user="Sarafat Islam" uid="15378341" lat="30.3628596" lon="119.9700624"/>
 <node id="13686675689" visible="true" version="1" changeset="180548476" timestamp="2026-03-28T15:58:18Z" user="Sarafat Islam" uid="15378341" lat="30.3628382" lon="119.9700462"/>
 <node id="13686675690" visible="true" version="1" changeset="180548476" timestamp="2026-03-28T15:58:18Z" user="Sarafat Islam" uid="15378341" lat="30.3627950" lon="119.9700316"/>
 <node id="13686675691" visible="true" version="1" changeset="180548476" timestamp="2026-03-28T15:58:18Z" user="Sarafat Islam" uid="15378341" lat="30.3627527" lon="119.9700204"/>
 <node id="13686675692" visible="true" version="1" changeset="180548476" timestamp="2026-03-28T15:58:18Z" user="Sarafat Islam" uid="15378341" lat="30.3627126" lon="119.9700126"/>
 <node id="13686675693" visible="true" version="1" changeset="180548476" timestamp="2026-03-28T15:58:18Z" user="Sarafat Islam" uid="15378341" lat="30.3626622" lon="119.9700144"/>
 <node id="13686675694" visible="true" version="1" changeset="180548476" timestamp="2026-03-28T15:58:18Z" user="Sarafat Islam" uid="15378341" lat="30.3626177" lon="119.9700281"/>
 <node id="13686675695" visible="true" version="1" changeset="180548476" timestamp="2026-03-28T15:58:18Z" user="Sarafat Islam" uid="15378341" lat="30.3625687" lon="119.9700436"/>
 <node id="13686675696" visible="true" version="1" changeset="180548476" timestamp="2026-03-28T15:58:18Z" user="Sarafat Islam" uid="15378341" lat="30.3625309" lon="119.9700711"/>
 <node id="13686675697" visible="true" version="1" changeset="180548476" timestamp="2026-03-28T15:58:18Z" user="Sarafat Islam" uid="15378341" lat="30.3625080" lon="119.9700997"/>
 <node id="13686675698" visible="true" version="1" changeset="180548476" timestamp="2026-03-28T15:58:18Z" user="Sarafat Islam" uid="15378341" lat="30.3647215" lon="119.9728669"/>
 <node id="13686675699" visible="true" version="1" changeset="180548476" timestamp="2026-03-28T15:58:18Z" user="Sarafat Islam" uid="15378341" lat="30.3650515" lon="119.9728740"/>
 <node id="13686675700" visible="true" version="1" changeset="180548476" timestamp="2026-03-28T15:58:18Z" user="Sarafat Islam" uid="15378341" lat="30.3653794" lon="119.9728654"/>
 <node id="13686697601" visible="true" version="1" changeset="180548476" timestamp="2026-03-28T15:58:18Z" user="Sarafat Islam" uid="15378341" lat="30.3658945" lon="119.9728686"/>
 <node id="13686697602" visible="true" version="1" changeset="180548476" timestamp="2026-03-28T15:58:18Z" user="Sarafat Islam" uid="15378341" lat="30.3665525" lon="119.9728640"/>
 <node id="13686697603" visible="true" version="1" changeset="180548476" timestamp="2026-03-28T15:58:18Z" user="Sarafat Islam" uid="15378341" lat="30.3665538" lon="119.9724697"/>
 <node id="13686697604" visible="true" version="1" changeset="180548476" timestamp="2026-03-28T15:58:18Z" user="Sarafat Islam" uid="15378341" lat="30.3665501" lon="119.9717206"/>
 <node id="13686697605" visible="true" version="1" changeset="180548476" timestamp="2026-03-28T15:58:18Z" user="Sarafat Islam" uid="15378341" lat="30.3665236" lon="119.9728642"/>
 <node id="13686697606" visible="true" version="1" changeset="180548476" timestamp="2026-03-28T15:58:18Z" user="Sarafat Islam" uid="15378341" lat="30.3665236" lon="119.9730394"/>
 <node id="13686697607" visible="true" version="1" changeset="180548476" timestamp="2026-03-28T15:58:18Z" user="Sarafat Islam" uid="15378341" lat="30.3665259" lon="119.9733040"/>
 <node id="13686697608" visible="true" version="1" changeset="180548476" timestamp="2026-03-28T15:58:18Z" user="Sarafat Islam" uid="15378341" lat="30.3665213" lon="119.9734831"/>
 <node id="13686697609" visible="true" version="1" changeset="180548476" timestamp="2026-03-28T15:58:18Z" user="Sarafat Islam" uid="15378341" lat="30.3665074" lon="119.9736034"/>
 <node id="13686697610" visible="true" version="2" changeset="180549526" timestamp="2026-03-28T16:21:35Z" user="Sarafat Islam" uid="15378341" lat="30.3664682" lon="119.9736676"/>
 <node id="13686697611" visible="true" version="2" changeset="180549526" timestamp="2026-03-28T16:21:35Z" user="Sarafat Islam" uid="15378341" lat="30.3663564" lon="119.9736983"/>
 <node id="13686697612" visible="true" version="2" changeset="180549526" timestamp="2026-03-28T16:21:35Z" user="Sarafat Islam" uid="15378341" lat="30.3662953" lon="119.9736903"/>
 <node id="13686697613" visible="true" version="2" changeset="180549526" timestamp="2026-03-28T16:21:35Z" user="Sarafat Islam" uid="15378341" lat="30.3662226" lon="119.9736195"/>
 <node id="13686697614" visible="true" version="2" changeset="180549526" timestamp="2026-03-28T16:21:35Z" user="Sarafat Islam" uid="15378341" lat="30.3662068" lon="119.9735893"/>
 <node id="13686697615" visible="true" version="2" changeset="180549526" timestamp="2026-03-28T16:21:35Z" user="Sarafat Islam" uid="15378341" lat="30.3662079" lon="119.9733487"/>
 <node id="13686697616" visible="true" version="2" changeset="180549526" timestamp="2026-03-28T16:21:35Z" user="Sarafat Islam" uid="15378341" lat="30.3662089" lon="119.9730738"/>
 <node id="13686697617" visible="true" version="2" changeset="180549526" timestamp="2026-03-28T16:21:35Z" user="Sarafat Islam" uid="15378341" lat="30.3662110" lon="119.9728651"/>
 <node id="13686697618" visible="true" version="1" changeset="180548476" timestamp="2026-03-28T15:58:18Z" user="Sarafat Islam" uid="15378341" lat="30.3668482" lon="119.9728617"/>
 <node id="13686697619" visible="true" version="1" changeset="180548476" timestamp="2026-03-28T15:58:18Z" user="Sarafat Islam" uid="15378341" lat="30.3668458" lon="119.9736551"/>
 <node id="13686697620" visible="true" version="1" changeset="180548476" timestamp="2026-03-28T15:58:18Z" user="Sarafat Islam" uid="15378341" lat="30.3668671" lon="119.9746241"/>
 <node id="13686697621" visible="true" version="1" changeset="180548476" timestamp="2026-03-28T15:58:18Z" user="Sarafat Islam" uid="15378341" lat="30.3668336" lon="119.9747000"/>
 <node id="13686697622" visible="true" version="1" changeset="180548476" timestamp="2026-03-28T15:58:18Z" user="Sarafat Islam" uid="15378341" lat="30.3667920" lon="119.9747344"/>
 <node id="13686697623" visible="true" version="1" changeset="180548476" timestamp="2026-03-28T15:58:18Z" user="Sarafat Islam" uid="15378341" lat="30.3667460" lon="119.9747611"/>
 <node id="13686697624" visible="true" version="1" changeset="180548476" timestamp="2026-03-28T15:58:18Z" user="Sarafat Islam" uid="15378341" lat="30.3666963" lon="119.9747714"/>
 <node id="13686697625" visible="true" version="1" changeset="180548476" timestamp="2026-03-28T15:58:18Z" user="Sarafat Islam" uid="15378341" lat="30.3666333" lon="119.9747697"/>
 <node id="13686697626" visible="true" version="1" changeset="180548476" timestamp="2026-03-28T15:58:18Z" user="Sarafat Islam" uid="15378341" lat="30.3647286" lon="119.9747758"/>
 <node id="13686697627" visible="true" version="1" changeset="180548476" timestamp="2026-03-28T15:58:18Z" user="Sarafat Islam" uid="15378341" lat="30.3653537" lon="119.9747738"/>
 <node id="13686697628" visible="true" version="1" changeset="180548476" timestamp="2026-03-28T15:58:18Z" user="Sarafat Islam" uid="15378341" lat="30.3653574" lon="119.9749008"/>
 <node id="13686697629" visible="true" version="1" changeset="180548476" timestamp="2026-03-28T15:58:18Z" user="Sarafat Islam" uid="15378341" lat="30.3653500" lon="119.9750716"/>
 <node id="13686697630" visible="true" version="1" changeset="180548476" timestamp="2026-03-28T15:58:18Z" user="Sarafat Islam" uid="15378341" lat="30.3653488" lon="119.9752069"/>
 <node id="13686697631" visible="true" version="1" changeset="180548476" timestamp="2026-03-28T15:58:18Z" user="Sarafat Islam" uid="15378341" lat="30.3653402" lon="119.9752965"/>
 <node id="13686697632" visible="true" version="1" changeset="180548476" timestamp="2026-03-28T15:58:18Z" user="Sarafat Islam" uid="15378341" lat="30.3652923" lon="119.9753563"/>
 <node id="13686697633" visible="true" version="1" changeset="180548476" timestamp="2026-03-28T15:58:18Z" user="Sarafat Islam" uid="15378341" lat="30.3652309" lon="119.9753805"/>
 <node id="13686697634" visible="true" version="1" changeset="180548476" timestamp="2026-03-28T15:58:18Z" user="Sarafat Islam" uid="15378341" lat="30.3651658" lon="119.9753763"/>
 <node id="13686697635" visible="true" version="1" changeset="180548476" timestamp="2026-03-28T15:58:18Z" user="Sarafat Islam" uid="15378341" lat="30.3650945" lon="119.9753435"/>
 <node id="13686697636" visible="true" version="1" changeset="180548476" timestamp="2026-03-28T15:58:18Z" user="Sarafat Islam" uid="15378341" lat="30.3650663" lon="119.9753065"/>
 <node id="13686697637" visible="true" version="1" changeset="180548476" timestamp="2026-03-28T15:58:18Z" user="Sarafat Islam" uid="15378341" lat="30.3650427" lon="119.9752041"/>
 <node id="13686697638" visible="true" version="1" changeset="180548476" timestamp="2026-03-28T15:58:18Z" user="Sarafat Islam" uid="15378341" lat="30.3650471" lon="119.9750113"/>
 <node id="13686697639" visible="true" version="1" changeset="180548476" timestamp="2026-03-28T15:58:18Z" user="Sarafat Islam" uid="15378341" lat="30.3650485" lon="119.9748629"/>
 <node id="13686697640" visible="true" version="1" changeset="180548476" timestamp="2026-03-28T15:58:18Z" user="Sarafat Islam" uid="15378341" lat="30.3650524" lon="119.9747748"/>
 <node id="13686697641" visible="true" version="1" changeset="180548476" timestamp="2026-03-28T15:58:18Z" user="Sarafat Islam" uid="15378341" lat="30.3649825" lon="119.9752355"/>
 <node id="13686697642" visible="true" version="1" changeset="180548476" timestamp="2026-03-28T15:58:18Z" user="Sarafat Islam" uid="15378341" lat="30.3659123" lon="119.9747720"/>
 <node id="13686697643" visible="true" version="1" changeset="180548476" timestamp="2026-03-28T15:58:18Z" user="Sarafat Islam" uid="15378341" lat="30.3659160" lon="119.9749012"/>
 <node id="13686697644" visible="true" version="1" changeset="180548476" timestamp="2026-03-28T15:58:18Z" user="Sarafat Islam" uid="15378341" lat="30.3659123" lon="119.9750478"/>
 <node id="13686697645" visible="true" version="1" changeset="180548476" timestamp="2026-03-28T15:58:18Z" user="Sarafat Islam" uid="15378341" lat="30.3659000" lon="119.9751531"/>
 <node id="13686697646" visible="true" version="1" changeset="180548476" timestamp="2026-03-28T15:58:18Z" user="Sarafat Islam" uid="15378341" lat="30.3658582" lon="119.9752015"/>
 <node id="13686697647" visible="true" version="1" changeset="180548476" timestamp="2026-03-28T15:58:18Z" user="Sarafat Islam" uid="15378341" lat="30.3657981" lon="119.9752229"/>
 <node id="13686697648" visible="true" version="1" changeset="180548476" timestamp="2026-03-28T15:58:18Z" user="Sarafat Islam" uid="15378341" lat="30.3657281" lon="119.9752200"/>
 <node id="13686697649" visible="true" version="1" changeset="180548476" timestamp="2026-03-28T15:58:18Z" user="Sarafat Islam" uid="15378341" lat="30.3656740" lon="119.9751845"/>
 <node id="13686697650" visible="true" version="1" changeset="180548476" timestamp="2026-03-28T15:58:18Z" user="Sarafat Islam" uid="15378341" lat="30.3656544" lon="119.9751204"/>
 <node id="13686697651" visible="true" version="1" changeset="180548476" timestamp="2026-03-28T15:58:18Z" user="Sarafat Islam" uid="15378341" lat="30.3656482" lon="119.9749923"/>
 <node id="13686697652" visible="true" version="1" changeset="180548476" timestamp="2026-03-28T15:58:18Z" user="Sarafat Islam" uid="15378341" lat="30.3656482" lon="119.9748571"/>
 <node id="13686697653" visible="true" version="1" changeset="180548476" timestamp="2026-03-28T15:58:18Z" user="Sarafat Islam" uid="15378341" lat="30.3656507" lon="119.9747729"/>
 <node id="13686697654" visible="true" version="1" changeset="180548476" timestamp="2026-03-28T15:58:18Z" user="Sarafat Islam" uid="15378341" lat="30.3653473" lon="119.9744200"/>
 <node id="13686697655" visible="true" version="1" changeset="180548476" timestamp="2026-03-28T15:58:18Z" user="Sarafat Islam" uid="15378341" lat="30.3653485" lon="119.9741496"/>
 <node id="13686697656" visible="true" version="1" changeset="180548476" timestamp="2026-03-28T15:58:18Z" user="Sarafat Islam" uid="15378341" lat="30.3653449" lon="119.9740414"/>
 <node id="13686697657" visible="true" version="1" changeset="180548476" timestamp="2026-03-28T15:58:18Z" user="Sarafat Islam" uid="15378341" lat="30.3653301" lon="119.9739873"/>
 <node id="13686697658" visible="true" version="1" changeset="180548476" timestamp="2026-03-28T15:58:18Z" user="Sarafat Islam" uid="15378341" lat="30.3652810" lon="119.9739318"/>
 <node id="13686697659" visible="true" version="1" changeset="180548476" timestamp="2026-03-28T15:58:18Z" user="Sarafat Islam" uid="15378341" lat="30.3652220" lon="119.9739104"/>
 <node id="13686697660" visible="true" version="1" changeset="180548476" timestamp="2026-03-28T15:58:18Z" user="Sarafat Islam" uid="15378341" lat="30.3651606" lon="119.9739175"/>
 <node id="13686697661" visible="true" version="1" changeset="180548476" timestamp="2026-03-28T15:58:18Z" user="Sarafat Islam" uid="15378341" lat="30.3651225" lon="119.9739332"/>
 <node id="13686697662" visible="true" version="2" changeset="180549526" timestamp="2026-03-28T16:21:35Z" user="Sarafat Islam" uid="15378341" lat="30.3650787" lon="119.9739674"/>
 <node id="13686697663" visible="true" version="2" changeset="180549526" timestamp="2026-03-28T16:21:35Z" user="Sarafat Islam" uid="15378341" lat="30.3650602" lon="119.9739963"/>
 <node id="13686697664" visible="true" version="2" changeset="180549526" timestamp="2026-03-28T16:21:35Z" user="Sarafat Islam" uid="15378341" lat="30.3650631" lon="119.9742795"/>
 <node id="13686697665" visible="true" version="2" changeset="180549526" timestamp="2026-03-28T16:21:35Z" user="Sarafat Islam" uid="15378341" lat="30.3650611" lon="119.9746554"/>
 <node id="13686697666" visible="true" version="1" changeset="180548476" timestamp="2026-03-28T15:58:18Z" user="Sarafat Islam" uid="15378341" lat="30.3668667" lon="119.9742164"/>
 <node id="13686697667" visible="true" version="2" changeset="180549526" timestamp="2026-03-28T16:21:35Z" user="Sarafat Islam" uid="15378341" lat="30.3665270" lon="119.9747700"/>
 <node id="13686697668" visible="true" version="1" changeset="180548476" timestamp="2026-03-28T15:58:18Z" user="Sarafat Islam" uid="15378341" lat="30.3665225" lon="119.9741710"/>
 <node id="13686697669" visible="true" version="1" changeset="180548476" timestamp="2026-03-28T15:58:18Z" user="Sarafat Islam" uid="15378341" lat="30.3665249" lon="119.9740457"/>
 <node id="13686697670" visible="true" version="1" changeset="180548476" timestamp="2026-03-28T15:58:18Z" user="Sarafat Islam" uid="15378341" lat="30.3664832" lon="119.9739546"/>
 <node id="13686697671" visible="true" version="1" changeset="180548476" timestamp="2026-03-28T15:58:18Z" user="Sarafat Islam" uid="15378341" lat="30.3664119" lon="119.9739176"/>
 <node id="13686697672" visible="true" version="1" changeset="180548476" timestamp="2026-03-28T15:58:18Z" user="Sarafat Islam" uid="15378341" lat="30.3663309" lon="119.9739119"/>
 <node id="13686697673" visible="true" version="1" changeset="180548476" timestamp="2026-03-28T15:58:18Z" user="Sarafat Islam" uid="15378341" lat="30.3662523" lon="119.9739262"/>
 <node id="13686697674" visible="true" version="1" changeset="180548476" timestamp="2026-03-28T15:58:18Z" user="Sarafat Islam" uid="15378341" lat="30.3662203" lon="119.9739489"/>
 <node id="13686697675" visible="true" version="1" changeset="180548476" timestamp="2026-03-28T15:58:18Z" user="Sarafat Islam" uid="15378341" lat="30.3661982" lon="119.9740230"/>
 <node id="13686697676" visible="true" version="1" changeset="180548476" timestamp="2026-03-28T15:58:18Z" user="Sarafat Islam" uid="15378341" lat="30.3661982" lon="119.9746094"/>
 <node id="13686697678" visible="true" version="1" changeset="180548476" timestamp="2026-03-28T15:58:18Z" user="Sarafat Islam" uid="15378341" lat="30.3665305" lon="119.9751115"/>
 <node id="13686697679" visible="true" version="1" changeset="180548476" timestamp="2026-03-28T15:58:18Z" user="Sarafat Islam" uid="15378341" lat="30.3665278" lon="119.9752040"/>
 <node id="13686697680" visible="true" version="1" changeset="180548476" timestamp="2026-03-28T15:58:18Z" user="Sarafat Islam" uid="15378341" lat="30.3665216" lon="119.9752476"/>
 <node id="13686697681" visible="true" version="1" changeset="180548476" timestamp="2026-03-28T15:58:18Z" user="Sarafat Islam" uid="15378341" lat="30.3665019" lon="119.9752860"/>
 <node id="13686697682" visible="true" version="1" changeset="180548476" timestamp="2026-03-28T15:58:18Z" user="Sarafat Islam" uid="15378341" lat="30.3664741" lon="119.9753193"/>
 <node id="13686697683" visible="true" version="1" changeset="180548476" timestamp="2026-03-28T15:58:18Z" user="Sarafat Islam" uid="15378341" lat="30.3664382" lon="119.9753400"/>
 <node id="13686697684" visible="true" version="1" changeset="180548476" timestamp="2026-03-28T15:58:18Z" user="Sarafat Islam" uid="15378341" lat="30.3663862" lon="119.9753515"/>
 <node id="13686697685" visible="true" version="1" changeset="180548476" timestamp="2026-03-28T15:58:18Z" user="Sarafat Islam" uid="15378341" lat="30.3663280" lon="119.9753442"/>
 <node id="13686697686" visible="true" version="1" changeset="180548476" timestamp="2026-03-28T15:58:18Z" user="Sarafat Islam" uid="15378341" lat="30.3662850" lon="119.9753234"/>
 <node id="13686697687" visible="true" version="1" changeset="180548476" timestamp="2026-03-28T15:58:18Z" user="Sarafat Islam" uid="15378341" lat="30.3662428" lon="119.9752798"/>
 <node id="13686697688" visible="true" version="1" changeset="180548476" timestamp="2026-03-28T15:58:18Z" user="Sarafat Islam" uid="15378341" lat="30.3662303" lon="119.9752331"/>
 <node id="13686697689" visible="true" version="1" changeset="180548476" timestamp="2026-03-28T15:58:18Z" user="Sarafat Islam" uid="15378341" lat="30.3662330" lon="119.9747710"/>
 <node id="13686699093" visible="true" version="1" changeset="180549526" timestamp="2026-03-28T16:21:35Z" user="Sarafat Islam" uid="15378341" lat="30.3662532" lon="119.9736575"/>
 <node id="13686699094" visible="true" version="1" changeset="180549526" timestamp="2026-03-28T16:21:35Z" user="Sarafat Islam" uid="15378341" lat="30.3664123" lon="119.9736963"/>
 <node id="13686699095" visible="true" version="1" changeset="180549526" timestamp="2026-03-28T16:21:35Z" user="Sarafat Islam" uid="15378341" lat="30.3656377" lon="119.9728670"/>
 <node id="13686699096" visible="true" version="1" changeset="180549526" timestamp="2026-03-28T16:21:35Z" user="Sarafat Islam" uid="15378341" lat="30.3656351" lon="119.9731179"/>
 <node id="13686699097" visible="true" version="1" changeset="180549526" timestamp="2026-03-28T16:21:35Z" user="Sarafat Islam" uid="15378341" lat="30.3656364" lon="119.9734166"/>
 <node id="13686699098" visible="true" version="1" changeset="180549526" timestamp="2026-03-28T16:21:35Z" user="Sarafat Islam" uid="15378341" lat="30.3656416" lon="119.9735742"/>
 <node id="13686699099" visible="true" version="1" changeset="180549526" timestamp="2026-03-28T16:21:35Z" user="Sarafat Islam" uid="15378341" lat="30.3656769" lon="119.9736273"/>
 <node id="13686699100" visible="true" version="1" changeset="180549526" timestamp="2026-03-28T16:21:35Z" user="Sarafat Islam" uid="15378341" lat="30.3657306" lon="119.9736531"/>
 <node id="13686736201" visible="true" version="1" changeset="180549526" timestamp="2026-03-28T16:21:35Z" user="Sarafat Islam" uid="15378341" lat="30.3657763" lon="119.9736576"/>
 <node id="13686736202" visible="true" version="1" changeset="180549526" timestamp="2026-03-28T16:21:35Z" user="Sarafat Islam" uid="15378341" lat="30.3658260" lon="119.9736455"/>
 <node id="13686736203" visible="true" version="1" changeset="180549526" timestamp="2026-03-28T16:21:35Z" user="Sarafat Islam" uid="15378341" lat="30.3658692" lon="119.9736243"/>
 <node id="13686736204" visible="true" version="1" changeset="180549526" timestamp="2026-03-28T16:21:35Z" user="Sarafat Islam" uid="15378341" lat="30.3658993" lon="119.9735606"/>
 <node id="13686736205" visible="true" version="1" changeset="180549526" timestamp="2026-03-28T16:21:35Z" user="Sarafat Islam" uid="15378341" lat="30.3659111" lon="119.9734908"/>
 <node id="13686736206" visible="true" version="1" changeset="180549526" timestamp="2026-03-28T16:21:35Z" user="Sarafat Islam" uid="15378341" lat="30.3659124" lon="119.9732968"/>
 <node id="13686736207" visible="true" version="1" changeset="180549526" timestamp="2026-03-28T16:21:35Z" user="Sarafat Islam" uid="15378341" lat="30.3659111" lon="119.9730951"/>
 <node id="13686736208" visible="true" version="1" changeset="180549526" timestamp="2026-03-28T16:21:35Z" user="Sarafat Islam" uid="15378341" lat="30.3659098" lon="119.9729572"/>
 <node id="13686736209" visible="true" version="1" changeset="180549526" timestamp="2026-03-28T16:21:35Z" user="Sarafat Islam" uid="15378341" lat="30.3659098" lon="119.9728684"/>
 <node id="13686736210" visible="true" version="1" changeset="180549526" timestamp="2026-03-28T16:21:35Z" user="Sarafat Islam" uid="15378341" lat="30.3662098" lon="119.9729265"/>
 <node id="13686736211" visible="true" version="1" changeset="180549526" timestamp="2026-03-28T16:21:35Z" user="Sarafat Islam" uid="15378341" lat="30.3659100" lon="119.9744526"/>
 <node id="13686736212" visible="true" version="1" changeset="180549526" timestamp="2026-03-28T16:21:35Z" user="Sarafat Islam" uid="15378341" lat="30.3659121" lon="119.9740786"/>
 <node id="13686736213" visible="true" version="1" changeset="180549526" timestamp="2026-03-28T16:21:35Z" user="Sarafat Islam" uid="15378341" lat="30.3659107" lon="119.9740571"/>
 <node id="13686736214" visible="true" version="1" changeset="180549526" timestamp="2026-03-28T16:21:35Z" user="Sarafat Islam" uid="15378341" lat="30.3658925" lon="119.9740159"/>
 <node id="13686736215" visible="true" version="1" changeset="180549526" timestamp="2026-03-28T16:21:35Z" user="Sarafat Islam" uid="15378341" lat="30.3658777" lon="119.9739948"/>
 <node id="13686736216" visible="true" version="1" changeset="180549526" timestamp="2026-03-28T16:21:35Z" user="Sarafat Islam" uid="15378341" lat="30.3658591" lon="119.9739746"/>
 <node id="13686736217" visible="true" version="1" changeset="180549526" timestamp="2026-03-28T16:21:35Z" user="Sarafat Islam" uid="15378341" lat="30.3658417" lon="119.9739582"/>
 <node id="13686736218" visible="true" version="1" changeset="180549526" timestamp="2026-03-28T16:21:35Z" user="Sarafat Islam" uid="15378341" lat="30.3658113" lon="119.9739518"/>
 <node id="13686736219" visible="true" version="1" changeset="180549526" timestamp="2026-03-28T16:21:35Z" user="Sarafat Islam" uid="15378341" lat="30.3657816" lon="119.9739500"/>
 <node id="13686736220" visible="true" version="1" changeset="180549526" timestamp="2026-03-28T16:21:35Z" user="Sarafat Islam" uid="15378341" lat="30.3657447" lon="119.9739492"/>
 <node id="13686736221" visible="true" version="1" changeset="180549526" timestamp="2026-03-28T16:21:35Z" user="Sarafat Islam" uid="15378341" lat="30.3657005" lon="119.9739628"/>
 <node id="13686736222" visible="true" version="1" changeset="180549526" timestamp="2026-03-28T16:21:35Z" user="Sarafat Islam" uid="15378341" lat="30.3656649" lon="119.9739998"/>
 <node id="13686736223" visible="true" version="1" changeset="180549526" timestamp="2026-03-28T16:21:35Z" user="Sarafat Islam" uid="15378341" lat="30.3656489" lon="119.9740204"/>
 <node id="13686736224" visible="true" version="1" changeset="180549526" timestamp="2026-03-28T16:21:35Z" user="Sarafat Islam" uid="15378341" lat="30.3656410" lon="119.9740653"/>
 <node id="13686736225" visible="true" version="1" changeset="180549526" timestamp="2026-03-28T16:21:35Z" user="Sarafat Islam" uid="15378341" lat="30.3656416" lon="119.9743628"/>
 <node id="13686736226" visible="true" version="1" changeset="180549526" timestamp="2026-03-28T16:21:35Z" user="Sarafat Islam" uid="15378341" lat="30.3656379" lon="119.9746453"/>
 <node id="13686736227" visible="true" version="1" changeset="180549526" timestamp="2026-03-28T16:21:35Z" user="Sarafat Islam" uid="15378341" lat="30.3656379" lon="119.9747729"/>
 <node id="13686736228" visible="true" version="1" changeset="180549526" timestamp="2026-03-28T16:21:35Z" user="Sarafat Islam" uid="15378341" lat="30.3588203" lon="119.9737489"/>
 <node id="13686736229" visible="true" version="1" changeset="180549526" timestamp="2026-03-28T16:21:35Z" user="Sarafat Islam" uid="15378341" lat="30.3588159" lon="119.9739081"/>
 <node id="13686736230" visible="true" version="1" changeset="180549526" timestamp="2026-03-28T16:21:35Z" user="Sarafat Islam" uid="15378341" lat="30.3588171" lon="119.9742249"/>
 <node id="13686736231" visible="true" version="1" changeset="180549526" timestamp="2026-03-28T16:21:35Z" user="Sarafat Islam" uid="15378341" lat="30.3588185" lon="119.9754242"/>
 <node id="13686736232" visible="true" version="1" changeset="180549526" timestamp="2026-03-28T16:21:35Z" user="Sarafat Islam" uid="15378341" lat="30.3588238" lon="119.9754712"/>
 <node id="13686736233" visible="true" version="1" changeset="180549526" timestamp="2026-03-28T16:21:35Z" user="Sarafat Islam" uid="15378341" lat="30.3588342" lon="119.9755121"/>
 <node id="13686736234" visible="true" version="1" changeset="180549526" timestamp="2026-03-28T16:21:35Z" user="Sarafat Islam" uid="15378341" lat="30.3588513" lon="119.9755364"/>
 <node id="13686736235" visible="true" version="1" changeset="180549526" timestamp="2026-03-28T16:21:35Z" user="Sarafat Islam" uid="15378341" lat="30.3588800" lon="119.9755652"/>
 <node id="13686736236" visible="true" version="1" changeset="180549526" timestamp="2026-03-28T16:21:35Z" user="Sarafat Islam" uid="15378341" lat="30.3589193" lon="119.9755818"/>
 <node id="13686736237" visible="true" version="1" changeset="180549526" timestamp="2026-03-28T16:21:35Z" user="Sarafat Islam" uid="15378341" lat="30.3593000" lon="119.9755834"/>
 <node id="13686736238" visible="true" version="1" changeset="180549526" timestamp="2026-03-28T16:21:35Z" user="Sarafat Islam" uid="15378341" lat="30.3599557" lon="119.9755788"/>
 <node id="13686736239" visible="true" version="1" changeset="180549526" timestamp="2026-03-28T16:21:35Z" user="Sarafat Islam" uid="15378341" lat="30.3600257" lon="119.9755600"/>
 <node id="13686736240" visible="true" version="1" changeset="180549526" timestamp="2026-03-28T16:21:35Z" user="Sarafat Islam" uid="15378341" lat="30.3600539" lon="119.9755170"/>
 <node id="13686736241" visible="true" version="1" changeset="180549526" timestamp="2026-03-28T16:21:35Z" user="Sarafat Islam" uid="15378341" lat="30.3600673" lon="119.9754740"/>
 <node id="13686736242" visible="true" version="1" changeset="180549526" timestamp="2026-03-28T16:21:35Z" user="Sarafat Islam" uid="15378341" lat="30.3600865" lon="119.9754190"/>
 <node id="13686736243" visible="true" version="1" changeset="180549526" timestamp="2026-03-28T16:21:35Z" user="Sarafat Islam" uid="15378341" lat="30.3600869" lon="119.9754098"/>
 <node id="13686736244" visible="true" version="1" changeset="180549526" timestamp="2026-03-28T16:21:35Z" user="Sarafat Islam" uid="15378341" lat="30.3601893" lon="119.9754042"/>
 <node id="13686736245" visible="true" version="1" changeset="180549526" timestamp="2026-03-28T16:21:35Z" user="Sarafat Islam" uid="15378341" lat="30.3603724" lon="119.9754056"/>
 <node id="13686736246" visible="true" version="1" changeset="180549526" timestamp="2026-03-28T16:21:35Z" user="Sarafat Islam" uid="15378341" lat="30.3603732" lon="119.9750796"/>
 <node id="13686736247" visible="true" version="1" changeset="180549526" timestamp="2026-03-28T16:21:35Z" user="Sarafat Islam" uid="15378341" lat="30.3603689" lon="119.9739895"/>
 <node id="13686736248" visible="true" version="1" changeset="180549526" timestamp="2026-03-28T16:21:35Z" user="Sarafat Islam" uid="15378341" lat="30.3603719" lon="119.9737274"/>
 <node id="13686736249" visible="true" version="1" changeset="180549526" timestamp="2026-03-28T16:21:35Z" user="Sarafat Islam" uid="15378341" lat="30.3603705" lon="119.9755142"/>
 <node id="13686736250" visible="true" version="1" changeset="180549526" timestamp="2026-03-28T16:21:35Z" user="Sarafat Islam" uid="15378341" lat="30.3603736" lon="119.9755453"/>
 <node id="13686736251" visible="true" version="1" changeset="180549526" timestamp="2026-03-28T16:21:35Z" user="Sarafat Islam" uid="15378341" lat="30.3603894" lon="119.9755728"/>
 <node id="13686736252" visible="true" version="1" changeset="180549526" timestamp="2026-03-28T16:21:35Z" user="Sarafat Islam" uid="15378341" lat="30.3604108" lon="119.9756012"/>
 <node id="13686736253" visible="true" version="1" changeset="180549526" timestamp="2026-03-28T16:21:35Z" user="Sarafat Islam" uid="15378341" lat="30.3604716" lon="119.9756332"/>
 <node id="13686736254" visible="true" version="1" changeset="180549526" timestamp="2026-03-28T16:21:35Z" user="Sarafat Islam" uid="15378341" lat="30.3605317" lon="119.9756497"/>
 <node id="13686736255" visible="true" version="1" changeset="180549526" timestamp="2026-03-28T16:21:35Z" user="Sarafat Islam" uid="15378341" lat="30.3607190" lon="119.9756607"/>
 <node id="13686736256" visible="true" version="1" changeset="180549526" timestamp="2026-03-28T16:21:35Z" user="Sarafat Islam" uid="15378341" lat="30.3612309" lon="119.9756623"/>
 <node id="13686736257" visible="true" version="1" changeset="180549526" timestamp="2026-03-28T16:21:35Z" user="Sarafat Islam" uid="15378341" lat="30.3616111" lon="119.9756541"/>
 <node id="13686736258" visible="true" version="1" changeset="180549526" timestamp="2026-03-28T16:21:35Z" user="Sarafat Islam" uid="15378341" lat="30.3620904" lon="119.9756349"/>
 <node id="13686736259" visible="true" version="1" changeset="180549526" timestamp="2026-03-28T16:21:35Z" user="Sarafat Islam" uid="15378341" lat="30.3622212" lon="119.9756099"/>
 <node id="13686736260" visible="true" version="1" changeset="180549526" timestamp="2026-03-28T16:21:35Z" user="Sarafat Islam" uid="15378341" lat="30.3622580" lon="119.9755933"/>
 <node id="13686736261" visible="true" version="1" changeset="180549526" timestamp="2026-03-28T16:21:35Z" user="Sarafat Islam" uid="15378341" lat="30.3623084" lon="119.9755590"/>
 <node id="13686736262" visible="true" version="1" changeset="180549526" timestamp="2026-03-28T16:21:35Z" user="Sarafat Islam" uid="15378341" lat="30.3623640" lon="119.9755081"/>
 <node id="13686736263" visible="true" version="1" changeset="180549526" timestamp="2026-03-28T16:21:35Z" user="Sarafat Islam" uid="15378341" lat="30.3624169" lon="119.9754541"/>
 <node id="13686736264" visible="true" version="1" changeset="180549526" timestamp="2026-03-28T16:21:35Z" user="Sarafat Islam" uid="15378341" lat="30.3625200" lon="119.9753939"/>
 <node id="13686736265" visible="true" version="1" changeset="180549526" timestamp="2026-03-28T16:21:35Z" user="Sarafat Islam" uid="15378341" lat="30.3626293" lon="119.9753544"/>
 <node id="13686736266" visible="true" version="1" changeset="180549526" timestamp="2026-03-28T16:21:35Z" user="Sarafat Islam" uid="15378341" lat="30.3627073" lon="119.9753513"/>
 <node id="13686736267" visible="true" version="1" changeset="180549526" timestamp="2026-03-28T16:21:35Z" user="Sarafat Islam" uid="15378341" lat="30.3627880" lon="119.9753700"/>
 <node id="13686736268" visible="true" version="1" changeset="180549526" timestamp="2026-03-28T16:21:35Z" user="Sarafat Islam" uid="15378341" lat="30.3628445" lon="119.9753980"/>
 <node id="13686736269" visible="true" version="1" changeset="180549526" timestamp="2026-03-28T16:21:35Z" user="Sarafat Islam" uid="15378341" lat="30.3629126" lon="119.9754385"/>
 <node id="13686736270" visible="true" version="1" changeset="180549526" timestamp="2026-03-28T16:21:35Z" user="Sarafat Islam" uid="15378341" lat="30.3630022" lon="119.9755092"/>
 <node id="13686736271" visible="true" version="1" changeset="180549526" timestamp="2026-03-28T16:21:35Z" user="Sarafat Islam" uid="15378341" lat="30.3630757" lon="119.9755351"/>
 <node id="13686736272" visible="true" version="1" changeset="180549526" timestamp="2026-03-28T16:21:35Z" user="Sarafat Islam" uid="15378341" lat="30.3632012" lon="119.9755383"/>
 <node id="13686736273" visible="true" version="1" changeset="180549526" timestamp="2026-03-28T16:21:35Z" user="Sarafat Islam" uid="15378341" lat="30.3636880" lon="119.9755393"/>
 <node id="13686736274" visible="true" version="1" changeset="180549526" timestamp="2026-03-28T16:21:35Z" user="Sarafat Islam" uid="15378341" lat="30.3641893" lon="119.9755424"/>
 <node id="13686736275" visible="true" version="1" changeset="180549526" timestamp="2026-03-28T16:21:35Z" user="Sarafat Islam" uid="15378341" lat="30.3644595" lon="119.9755372"/>
 <node id="13686736276" visible="true" version="1" changeset="180549526" timestamp="2026-03-28T16:21:35Z" user="Sarafat Islam" uid="15378341" lat="30.3645843" lon="119.9755196"/>
 <node id="13686736277" visible="true" version="1" changeset="180549526" timestamp="2026-03-28T16:21:35Z" user="Sarafat Islam" uid="15378341" lat="30.3646596" lon="119.9754707"/>
 <node id="13686736278" visible="true" version="1" changeset="180549526" timestamp="2026-03-28T16:21:35Z" user="Sarafat Islam" uid="15378341" lat="30.3647321" lon="119.9753959"/>
 <node id="13686736279" visible="true" version="1" changeset="180549526" timestamp="2026-03-28T16:21:35Z" user="Sarafat Islam" uid="15378341" lat="30.3647307" lon="119.9751575"/>
 <node id="13686736280" visible="true" version="1" changeset="180549526" timestamp="2026-03-28T16:21:35Z" user="Sarafat Islam" uid="15378341" lat="30.3603884" lon="119.9725541"/>
 <node id="13686736281" visible="true" version="1" changeset="180549526" timestamp="2026-03-28T16:21:35Z" user="Sarafat Islam" uid="15378341" lat="30.3589202" lon="119.9725736"/>
 <node id="13686736282" visible="true" version="1" changeset="180549526" timestamp="2026-03-28T16:21:35Z" user="Sarafat Islam" uid="15378341" lat="30.3603901" lon="119.9729572"/>
 <node id="13686736283" visible="true" version="1" changeset="180549526" timestamp="2026-03-28T16:21:35Z" user="Sarafat Islam" uid="15378341" lat="30.3589179" lon="119.9729503"/>
 <node id="13687490597" visible="true" version="1" changeset="180564280" timestamp="2026-03-29T01:27:28Z" user="smallCat" uid="22252985" lat="30.3601507" lon="119.9696104"/>
 <node id="13687490598" visible="true" version="1" changeset="180564280" timestamp="2026-03-29T01:27:28Z" user="smallCat" uid="22252985" lat="30.3603056" lon="119.9697267"/>
 <node id="13687490599" visible="true" version="1" changeset="180564280" timestamp="2026-03-29T01:27:28Z" user="smallCat" uid="22252985" lat="30.3603063" lon="119.9707172"/>
 <node id="13687490600" visible="true" version="1" changeset="180564280" timestamp="2026-03-29T01:27:28Z" user="smallCat" uid="22252985" lat="30.3602665" lon="119.9707383"/>
 <node id="13687537701" visible="true" version="1" changeset="180564280" timestamp="2026-03-29T01:27:28Z" user="smallCat" uid="22252985" lat="30.3589997" lon="119.9707111"/>
 <node id="13687537702" visible="true" version="1" changeset="180564280" timestamp="2026-03-29T01:27:28Z" user="smallCat" uid="22252985" lat="30.3589255" lon="119.9707838"/>
 <node id="13687537703" visible="true" version="1" changeset="180564280" timestamp="2026-03-29T01:27:28Z" user="smallCat" uid="22252985" lat="30.3586998" lon="119.9707742"/>
 <node id="13687537704" visible="true" version="1" changeset="180564280" timestamp="2026-03-29T01:27:28Z" user="smallCat" uid="22252985" lat="30.3587065" lon="119.9704172"/>
 <node id="13687537705" visible="true" version="1" changeset="180564280" timestamp="2026-03-29T01:27:28Z" user="smallCat" uid="22252985" lat="30.3586765" lon="119.9702976"/>
 <node id="13687537706" visible="true" version="1" changeset="180564280" timestamp="2026-03-29T01:27:28Z" user="smallCat" uid="22252985" lat="30.3586725" lon="119.9701383"/>
 <node id="13687537707" visible="true" version="1" changeset="180564280" timestamp="2026-03-29T01:27:28Z" user="smallCat" uid="22252985" lat="30.3586578" lon="119.9700550"/>
 <node id="13687537708" visible="true" version="1" changeset="180564280" timestamp="2026-03-29T01:27:28Z" user="smallCat" uid="22252985" lat="30.3586625" lon="119.9698562"/>
 <node id="13687537709" visible="true" version="1" changeset="180564280" timestamp="2026-03-29T01:27:28Z" user="smallCat" uid="22252985" lat="30.3586981" lon="119.9697650"/>
 <node id="13687537710" visible="true" version="1" changeset="180564280" timestamp="2026-03-29T01:27:28Z" user="smallCat" uid="22252985" lat="30.3587876" lon="119.9696601"/>
 <node id="13687537711" visible="true" version="1" changeset="180564280" timestamp="2026-03-29T01:27:28Z" user="smallCat" uid="22252985" lat="30.3588560" lon="119.9696188"/>
 <node id="13760736499" visible="true" version="1" changeset="181809559" timestamp="2026-04-25T14:38:25Z" user="Dulvoyinn" uid="12664715" lat="30.3519478" lon="119.9660904"/>
 <node id="14091002612" visible="true" version="1" changeset="187367167" timestamp="2026-08-13T02:05:02Z" user="DanhengOSM" uid="22906389" lat="30.3643181" lon="119.9661776"/>
 <node id="14119742892" visible="true" version="1" changeset="187943483" timestamp="2026-08-24T14:58:17Z" user="Topiours" uid="21363326" lat="30.3582437" lon="119.9718678">
  <tag k="bus" v="yes"/>
  <tag k="highway" v="bus_stop"/>
  <tag k="name" v="北航杭州国际校园"/>
  <tag k="public_transport" v="platform"/>
 </node>
 <node id="14119742893" visible="true" version="1" changeset="187943483" timestamp="2026-08-24T14:58:17Z" user="Topiours" uid="21363326" lat="30.3579663" lon="119.9746657">
  <tag k="bus" v="yes"/>
  <tag k="highway" v="bus_stop"/>
  <tag k="name" v="北航杭州国际校园"/>
  <tag k="public_transport" v="platform"/>
 </node>
 <way id="260447787" visible="true" version="14" changeset="170090520" timestamp="2025-08-07T07:06:50Z" user="Herman Lee" uid="6921384">
  <nd ref="2963509679"/>
  <nd ref="2963479519"/>
  <nd ref="2963479517"/>
  <nd ref="10111668887"/>
  <nd ref="2963479516"/>
  <nd ref="2963479513"/>
  <nd ref="9952326163"/>
  <nd ref="2963479511"/>
  <nd ref="2963479509"/>
  <nd ref="2963479508"/>
  <nd ref="9753874508"/>
  <nd ref="9491302670"/>
  <nd ref="2963479506"/>
  <nd ref="2963479505"/>
  <nd ref="2963479503"/>
  <nd ref="2963479501"/>
  <nd ref="12178609040"/>
  <nd ref="2963479499"/>
  <nd ref="2963479497"/>
  <nd ref="2963479495"/>
  <nd ref="2963479494"/>
  <nd ref="2963479491"/>
  <nd ref="2963479489"/>
  <nd ref="2963479487"/>
  <nd ref="2963479485"/>
  <nd ref="2963479484"/>
  <nd ref="9491302651"/>
  <nd ref="2963479482"/>
  <nd ref="2963479480"/>
  <nd ref="9827528668"/>
  <nd ref="8974966986"/>
  <nd ref="2659340081"/>
  <nd ref="2659340078"/>
  <nd ref="9827528674"/>
  <nd ref="2659340033"/>
  <tag k="highway" v="primary"/>
  <tag k="name" v="瓶仓大道"/>
  <tag k="oneway" v="yes"/>
  <tag k="source" v="bing"/>
 </way>
 <way id="260447791" visible="true" version="12" changeset="181809559" timestamp="2026-04-25T14:38:25Z" user="Dulvoyinn" uid="12664715">
  <nd ref="2659340035"/>
  <nd ref="13760736499"/>
  <nd ref="9827528707"/>
  <nd ref="2659340079"/>
  <nd ref="2659340082"/>
  <nd ref="8974966987"/>
  <nd ref="2963479479"/>
  <nd ref="2963479481"/>
  <nd ref="11812080635"/>
  <nd ref="2963479483"/>
  <nd ref="9491302650"/>
  <nd ref="9491302649"/>
  <nd ref="2963479486"/>
  <nd ref="2963479488"/>
  <nd ref="2963479490"/>
  <nd ref="11812080613"/>
  <nd ref="2963479492"/>
  <nd ref="2963479493"/>
  <nd ref="2963479496"/>
  <nd ref="2963479498"/>
  <nd ref="2963479500"/>
  <nd ref="2963479502"/>
  <nd ref="2963479504"/>
  <nd ref="2963479507"/>
  <nd ref="2963491771"/>
  <tag k="highway" v="primary"/>
  <tag k="name" v="瓶仓大道"/>
  <tag k="oneway" v="yes"/>
  <tag k="source" v="bing"/>
 </way>
 <way id="292807919" visible="true" version="13" changeset="170094883" timestamp="2025-08-07T08:58:35Z" user="Herman Lee" uid="6921384">
  <nd ref="9491302676"/>
  <nd ref="2963491785"/>
  <nd ref="2963491784"/>
  <nd ref="2963509662"/>
  <nd ref="9827528829"/>
  <nd ref="2963491782"/>
  <nd ref="2963491781"/>
  <nd ref="2963491780"/>
  <nd ref="5793321744"/>
  <tag k="highway" v="secondary"/>
  <tag k="name" v="前程路"/>
  <tag k="oneway" v="yes"/>
 </way>
 <way id="543835291" visible="true" version="4" changeset="176527130" timestamp="2025-12-28T12:52:19Z" user="meongseolin" uid="18160068">
  <nd ref="5257163847"/>
  <nd ref="5257163848"/>
  <nd ref="5257163849"/>
  <nd ref="5257163850"/>
  <nd ref="5257163847"/>
  <tag k="addr:city" v="杭州"/>
  <tag k="addr:district" v="余杭区"/>
  <tag k="addr:housenumber" v="28号"/>
  <tag k="addr:postcode" v="311115"/>
  <tag k="addr:province" v="浙江省"/>
  <tag k="addr:street" v="前程路"/>
  <tag k="amenity" v="townhall"/>
  <tag k="government" v="administrative"/>
  <tag k="layer" v="1"/>
  <tag k="name" v="瓶窑镇人民政府"/>
  <tag k="phone" v="+86 571 8853 3700"/>
  <tag k="website" v="http://www.yuhang.gov.cn/xxgk/zzjg/zjd/qwbgs_13255/jbxx/"/>
 </way>
 <way id="543835292" visible="true" version="3" changeset="125775807" timestamp="2022-09-04T14:50:11Z" user="萧苏晏" uid="6088120">
  <nd ref="5257163869"/>
  <nd ref="9753874517"/>
  <nd ref="5257163897"/>
  <nd ref="5257163851"/>
  <nd ref="9753874518"/>
  <nd ref="5257163852"/>
  <nd ref="9753874519"/>
  <nd ref="5257163853"/>
  <nd ref="9753874520"/>
  <nd ref="5257163854"/>
  <nd ref="9753874521"/>
  <nd ref="5257163855"/>
  <nd ref="9753874522"/>
  <nd ref="5257163856"/>
  <nd ref="9753874523"/>
  <nd ref="5257163857"/>
  <nd ref="9753874524"/>
  <nd ref="5257163866"/>
  <nd ref="9753874525"/>
  <nd ref="9753874511"/>
  <nd ref="5257163867"/>
  <nd ref="9753874526"/>
  <nd ref="5257163868"/>
  <nd ref="9753874527"/>
  <nd ref="5257163858"/>
  <nd ref="9753874528"/>
  <nd ref="9753874510"/>
  <nd ref="5257163859"/>
  <nd ref="9753874529"/>
  <nd ref="5257163860"/>
  <nd ref="9753874530"/>
  <nd ref="5257163861"/>
  <nd ref="9753874512"/>
  <nd ref="5257163862"/>
  <nd ref="9753874541"/>
  <nd ref="9753874513"/>
  <nd ref="5257163863"/>
  <nd ref="9753874514"/>
  <nd ref="5257163864"/>
  <nd ref="9753874515"/>
  <nd ref="5257163865"/>
  <nd ref="9753874516"/>
  <nd ref="5257163869"/>
  <tag k="highway" v="service"/>
 </way>
 <way id="543835293" visible="true" version="1" changeset="54225904" timestamp="2017-12-01T07:00:59Z" user="chenliang0571" uid="649394">
  <nd ref="5257163870"/>
  <nd ref="5257163871"/>
  <nd ref="5257163872"/>
  <nd ref="5257163873"/>
  <nd ref="5257163870"/>
  <tag k="place" v="square"/>
 </way>
 <way id="543835294" visible="true" version="3" changeset="125775807" timestamp="2022-09-04T14:50:11Z" user="萧苏晏" uid="6088120">
  <nd ref="9753874511"/>
  <nd ref="2963491773"/>
  <tag k="highway" v="service"/>
 </way>
 <way id="543835295" visible="true" version="3" changeset="125775807" timestamp="2022-09-04T14:50:11Z" user="萧苏晏" uid="6088120">
  <nd ref="9753874510"/>
  <nd ref="5257163875"/>
  <tag k="highway" v="service"/>
 </way>
 <way id="544782833" visible="true" version="2" changeset="124334242" timestamp="2022-08-01T09:12:32Z" user="萧苏晏" uid="6088120">
  <nd ref="5265915224"/>
  <nd ref="5265915225"/>
  <nd ref="5265915226"/>
  <nd ref="5265915227"/>
  <nd ref="5265915228"/>
  <nd ref="5265915229"/>
  <nd ref="5265915225"/>
  <tag k="highway" v="service"/>
 </way>
 <way id="544782835" visible="true" version="1" changeset="54367615" timestamp="2017-12-05T14:49:59Z" user="chenliang0571" uid="649394">
  <nd ref="5265915234"/>
  <nd ref="5265915235"/>
  <nd ref="5265915236"/>
  <nd ref="5265915237"/>
  <nd ref="5265915234"/>
  <tag k="building" v="yes"/>
 </way>
 <way id="544782837" visible="true" version="1" changeset="54367615" timestamp="2017-12-05T14:49:59Z" user="chenliang0571" uid="649394">
  <nd ref="5265915242"/>
  <nd ref="5265915243"/>
  <nd ref="5265915244"/>
  <nd ref="5265915245"/>
  <nd ref="5265915242"/>
  <tag k="building" v="yes"/>
 </way>
 <way id="551183323" visible="true" version="2" changeset="121181518" timestamp="2022-05-19T08:17:52Z" user="萧苏晏" uid="6088120">
  <nd ref="2963491804"/>
  <nd ref="5323154286"/>
  <nd ref="5257163891"/>
  <nd ref="9753874540"/>
  <nd ref="9753874539"/>
  <nd ref="9491302672"/>
  <tag k="highway" v="tertiary"/>
  <tag k="name" v="花园路"/>
 </way>
 <way id="611943902" visible="true" version="3" changeset="176527130" timestamp="2025-12-28T12:52:19Z" user="meongseolin" uid="18160068">
  <nd ref="5793321731"/>
  <nd ref="13413084399"/>
  <nd ref="13413084400"/>
  <nd ref="5793321732"/>
  <tag k="highway" v="tertiary"/>
  <tag k="name" v="乌山头路"/>
 </way>
 <way id="611943904" visible="true" version="4" changeset="170094883" timestamp="2025-08-07T08:58:35Z" user="Herman Lee" uid="6921384">
  <nd ref="11585933567"/>
  <nd ref="10794969480"/>
  <nd ref="13055849934"/>
  <nd ref="11812080617"/>
  <nd ref="9827528840"/>
  <nd ref="13055849935"/>
  <nd ref="11585933565"/>
  <tag k="highway" v="tertiary"/>
  <tag k="name" v="紫塍路"/>
 </way>
 <way id="696154168" visible="true" version="1" changeset="71103957" timestamp="2019-06-10T13:55:39Z" user="阿道夫" uid="9957936">
  <nd ref="6537162773"/>
  <nd ref="6537162757"/>
  <nd ref="6537162760"/>
  <nd ref="6537162761"/>
  <nd ref="6537162762"/>
  <nd ref="6537162763"/>
  <nd ref="6537162764"/>
  <nd ref="6537162765"/>
  <nd ref="6537162766"/>
  <nd ref="6537162767"/>
  <nd ref="6537162768"/>
  <nd ref="6537162769"/>
  <nd ref="6537162770"/>
  <nd ref="6537162771"/>
  <nd ref="6537162772"/>
  <nd ref="6537162777"/>
  <nd ref="6537162776"/>
  <nd ref="6537162775"/>
  <nd ref="6537162774"/>
  <nd ref="6537162773"/>
  <tag k="landuse" v="industrial"/>
 </way>
 <way id="970681956" visible="true" version="4" changeset="147076019" timestamp="2024-02-05T02:57:44Z" user="萧苏晏" uid="6088120">
  <nd ref="10030997077"/>
  <nd ref="10794969445"/>
  <nd ref="11585941376"/>
  <nd ref="10794969446"/>
  <nd ref="10794969447"/>
  <nd ref="11585941375"/>
  <nd ref="10794969450"/>
  <nd ref="10794969449"/>
  <nd ref="11585941370"/>
  <nd ref="11585941371"/>
  <nd ref="10794969467"/>
  <nd ref="11585941372"/>
  <nd ref="11585941374"/>
  <nd ref="11585941373"/>
  <nd ref="9952326161"/>
  <nd ref="9952326160"/>
  <nd ref="9952326159"/>
  <nd ref="9952326158"/>
  <nd ref="9952326157"/>
  <nd ref="9952326156"/>
  <nd ref="9952326155"/>
  <nd ref="9952326154"/>
  <nd ref="9952326153"/>
  <nd ref="9952326152"/>
  <nd ref="9952326151"/>
  <nd ref="9952326150"/>
  <nd ref="9952326149"/>
  <nd ref="9952326148"/>
  <nd ref="9952326147"/>
  <nd ref="9952326146"/>
  <nd ref="9952326145"/>
  <nd ref="8983729839"/>
  <nd ref="9952326112"/>
  <nd ref="8983729840"/>
  <tag k="waterway" v="canal"/>
 </way>
 <way id="1029479371" visible="true" version="5" changeset="134646586" timestamp="2023-04-08T10:30:48Z" user="Quintindom" uid="16828775">
  <nd ref="9491302649"/>
  <nd ref="2963479484"/>
  <nd ref="9491302654"/>
  <nd ref="10111668879"/>
  <nd ref="9491302648"/>
  <nd ref="9837638782"/>
  <nd ref="9837638776"/>
  <nd ref="9837638773"/>
  <nd ref="10794969629"/>
  <nd ref="10794969630"/>
  <nd ref="9837638774"/>
  <tag k="highway" v="secondary"/>
  <tag k="oneway" v="yes"/>
 </way>
 <way id="1029479372" visible="true" version="2" changeset="122536708" timestamp="2022-06-18T08:35:15Z" user="萧苏晏" uid="6088120">
  <nd ref="9491302652"/>
  <nd ref="9491302655"/>
  <nd ref="9491302651"/>
  <nd ref="9491302650"/>
  <tag k="highway" v="secondary"/>
  <tag k="oneway" v="yes"/>
 </way>
 <way id="1061641316" visible="true" version="9" changeset="180545265" timestamp="2026-03-28T14:48:53Z" user="Mondal" uid="6547685">
  <nd ref="9753874773"/>
  <nd ref="9753874774"/>
  <nd ref="9753874775"/>
  <nd ref="12178609049"/>
  <nd ref="9753874776"/>
  <nd ref="9753874777"/>
  <nd ref="9753874778"/>
  <nd ref="9753874779"/>
  <nd ref="9753874780"/>
  <nd ref="9753874781"/>
  <nd ref="9753874784"/>
  <nd ref="10794969443"/>
  <nd ref="10794969444"/>
  <nd ref="9753874790"/>
  <nd ref="9753874785"/>
  <nd ref="9753874786"/>
  <nd ref="9753874788"/>
  <nd ref="12157091476"/>
  <nd ref="9753874789"/>
  <nd ref="10794969466"/>
  <nd ref="10794969465"/>
  <nd ref="10794969464"/>
  <nd ref="10794969463"/>
  <nd ref="9753874773"/>
  <tag k="amenity" v="university"/>
  <tag k="name" v="杭州市北京航空航天大学国际创新研究院"/>
  <tag k="name:en" v="The Hangzhou International Innovation Institute of Beihang University"/>
  <tag k="operator" v="Beihang University"/>
  <tag k="operator:type" v="public"/>
  <tag k="website" v="https://zfaien.buaa.edu.cn/"/>
 </way>
 <way id="1070902241" visible="true" version="3" changeset="147076019" timestamp="2024-02-05T02:57:44Z" user="萧苏晏" uid="6088120">
  <nd ref="9827528840"/>
  <nd ref="9827528841"/>
  <nd ref="9827528842"/>
  <nd ref="9827528843"/>
  <tag k="highway" v="tertiary"/>
 </way>
 <way id="1072154708" visible="true" version="6" changeset="170094883" timestamp="2025-08-07T08:58:35Z" user="Herman Lee" uid="6921384">
  <nd ref="9837638766"/>
  <nd ref="10794969471"/>
  <nd ref="10794969483"/>
  <nd ref="13055849945"/>
  <nd ref="12178609058"/>
  <nd ref="9837638770"/>
  <tag k="highway" v="secondary"/>
  <tag k="oneway" v="yes"/>
 </way>
 <way id="1072154711" visible="true" version="4" changeset="156655501" timestamp="2024-09-15T16:35:10Z" user="Quintindom" uid="16828775">
  <nd ref="9837638771"/>
  <nd ref="12178609057"/>
  <nd ref="10794969490"/>
  <nd ref="9827528832"/>
  <nd ref="9827528837"/>
  <tag k="highway" v="tertiary"/>
 </way>
 <way id="1072154712" visible="true" version="3" changeset="147076019" timestamp="2024-02-05T02:57:44Z" user="萧苏晏" uid="6088120">
  <nd ref="9837638772"/>
  <nd ref="10794969481"/>
  <nd ref="10794969486"/>
  <nd ref="11585933564"/>
  <nd ref="10794969480"/>
  <nd ref="10794969479"/>
  <tag k="highway" v="tertiary"/>
 </way>
 <way id="1091869187" visible="true" version="1" changeset="125775807" timestamp="2022-09-04T14:50:11Z" user="萧苏晏" uid="6088120">
  <nd ref="9999844409"/>
  <nd ref="9999844408"/>
  <tag k="bridge" v="yes"/>
  <tag k="highway" v="secondary"/>
  <tag k="layer" v="1"/>
  <tag k="name" v="前程路"/>
  <tag k="oneway" v="yes"/>
 </way>
 <way id="1091869188" visible="true" version="4" changeset="170094883" timestamp="2025-08-07T08:58:35Z" user="Herman Lee" uid="6921384">
  <nd ref="9837638785"/>
  <nd ref="9827528828"/>
  <nd ref="9491302673"/>
  <nd ref="9491302674"/>
  <nd ref="9491302675"/>
  <nd ref="9827528830"/>
  <nd ref="10794969469"/>
  <tag k="highway" v="secondary"/>
  <tag k="name" v="前程路"/>
  <tag k="oneway" v="yes"/>
 </way>
 <way id="1091869189" visible="true" version="1" changeset="125775807" timestamp="2022-09-04T14:50:11Z" user="萧苏晏" uid="6088120">
  <nd ref="9753874509"/>
  <nd ref="9999844410"/>
  <tag k="bridge" v="yes"/>
  <tag k="highway" v="secondary"/>
  <tag k="layer" v="1"/>
  <tag k="name" v="前程路"/>
  <tag k="oneway" v="yes"/>
 </way>
 <way id="1095314534" visible="true" version="4" changeset="147076019" timestamp="2024-02-05T02:57:44Z" user="萧苏晏" uid="6088120">
  <nd ref="10030997067"/>
  <nd ref="11585941381"/>
  <nd ref="10794969499"/>
  <nd ref="10030997054"/>
  <nd ref="10030997058"/>
  <nd ref="10794969448"/>
  <nd ref="9952326162"/>
  <nd ref="10794969451"/>
  <nd ref="10794969468"/>
  <nd ref="10794969452"/>
  <nd ref="10794969462"/>
  <nd ref="11585933566"/>
  <nd ref="11585933563"/>
  <nd ref="10794969454"/>
  <nd ref="10794969455"/>
  <nd ref="10794969456"/>
  <nd ref="10794969457"/>
  <nd ref="10794969458"/>
  <nd ref="10794969459"/>
  <nd ref="10794969460"/>
  <tag k="waterway" v="river"/>
 </way>
 <way id="1095314539" visible="true" version="1" changeset="126287329" timestamp="2022-09-17T07:26:40Z" user="Quintindom" uid="16828775">
  <nd ref="10030997063"/>
  <nd ref="10030997050"/>
  <nd ref="10030997051"/>
  <nd ref="10030997052"/>
  <nd ref="10030997053"/>
  <nd ref="10030997073"/>
  <nd ref="10030997071"/>
  <tag k="waterway" v="stream"/>
 </way>
 <way id="1095314540" visible="true" version="1" changeset="126287329" timestamp="2022-09-17T07:26:40Z" user="Quintindom" uid="16828775">
  <nd ref="10030997068"/>
  <nd ref="10030997067"/>
  <tag k="layer" v="-1"/>
  <tag k="tunnel" v="culvert"/>
  <tag k="waterway" v="stream"/>
 </way>
 <way id="1095314541" visible="true" version="3" changeset="170094883" timestamp="2025-08-07T08:58:35Z" user="Herman Lee" uid="6921384">
  <nd ref="9837638769"/>
  <nd ref="13055849941"/>
  <nd ref="9837638771"/>
  <nd ref="13055849939"/>
  <nd ref="9837638770"/>
  <tag k="highway" v="tertiary"/>
 </way>
 <way id="1095314544" visible="true" version="2" changeset="147076019" timestamp="2024-02-05T02:57:44Z" user="萧苏晏" uid="6088120">
  <nd ref="10030997071"/>
  <nd ref="10030997068"/>
  <tag k="layer" v="-1"/>
  <tag k="tunnel" v="culvert"/>
  <tag k="waterway" v="stream"/>
 </way>
 <way id="1095314545" visible="true" version="2" changeset="147076019" timestamp="2024-02-05T02:57:44Z" user="萧苏晏" uid="6088120">
  <nd ref="10030997073"/>
  <nd ref="10030997072"/>
  <nd ref="10030997074"/>
  <nd ref="10030997077"/>
  <tag k="waterway" v="stream"/>
 </way>
 <way id="1095314550" visible="true" version="1" changeset="126287329" timestamp="2022-09-17T07:26:40Z" user="Quintindom" uid="16828775">
  <nd ref="10030997072"/>
  <nd ref="10030997052"/>
  <tag k="waterway" v="stream"/>
 </way>
 <way id="1095535263" visible="true" version="2" changeset="176527130" timestamp="2025-12-28T12:52:19Z" user="meongseolin" uid="18160068">
  <nd ref="10032774347"/>
  <nd ref="10032774360"/>
  <nd ref="10032774359"/>
  <nd ref="10032774348"/>
  <nd ref="10032774349"/>
  <nd ref="10032774350"/>
  <nd ref="10032774347"/>
  <tag k="government" v="social_services"/>
  <tag k="layer" v="-1"/>
  <tag k="name" v="瓶窑镇质监所"/>
  <tag k="office" v="government"/>
 </way>
 <way id="1095535264" visible="true" version="2" changeset="176527130" timestamp="2025-12-28T12:52:19Z" user="meongseolin" uid="18160068">
  <nd ref="10032774351"/>
  <nd ref="10032774368"/>
  <nd ref="10032774352"/>
  <nd ref="10032774353"/>
  <nd ref="10032774354"/>
  <nd ref="10032774351"/>
  <tag k="amenity" v="courthouse"/>
  <tag k="name" v="余杭区人民法院瓶窑人民法庭"/>
 </way>
 <way id="1095535267" visible="true" version="1" changeset="126317908" timestamp="2022-09-18T05:15:18Z" user="Quintindom" uid="16828775">
  <nd ref="10032774352"/>
  <nd ref="10032774353"/>
  <nd ref="10032774370"/>
  <nd ref="10032774367"/>
  <nd ref="10032774352"/>
  <tag k="building" v="yes"/>
  <tag k="name" v="兰欧酒店(杭州良渚古城遗址公园店)"/>
  <tag k="tourism" v="hotel"/>
 </way>
 <way id="1095535272" visible="true" version="1" changeset="126317908" timestamp="2022-09-18T05:15:18Z" user="Quintindom" uid="16828775">
  <nd ref="10032774385"/>
  <nd ref="10032774386"/>
  <nd ref="10032774387"/>
  <nd ref="10032774388"/>
  <nd ref="10032774389"/>
  <nd ref="10032774385"/>
  <tag k="landuse" v="commercial"/>
  <tag k="name" v="骏峰国际"/>
 </way>
 <way id="1095535273" visible="true" version="1" changeset="126317908" timestamp="2022-09-18T05:15:18Z" user="Quintindom" uid="16828775">
  <nd ref="10032774385"/>
  <nd ref="10032774390"/>
  <nd ref="10032774391"/>
  <nd ref="10032774392"/>
  <nd ref="10032774386"/>
  <nd ref="10032774385"/>
  <tag k="landuse" v="commercial"/>
  <tag k="name" v="荣尚大厦"/>
 </way>
 <way id="1104993064" visible="true" version="1" changeset="127735061" timestamp="2022-10-18T15:49:04Z" user="Quintindom" uid="16828775">
  <nd ref="10111604808"/>
  <nd ref="10111604809"/>
  <nd ref="10111604810"/>
  <nd ref="10111604811"/>
  <nd ref="10111604812"/>
  <nd ref="10111604813"/>
  <nd ref="10111604814"/>
  <nd ref="10111604815"/>
  <nd ref="10111604808"/>
  <tag k="landuse" v="construction"/>
 </way>
 <way id="1104993068" visible="true" version="1" changeset="127735061" timestamp="2022-10-18T15:49:04Z" user="Quintindom" uid="16828775">
  <nd ref="10111668830"/>
  <nd ref="10111668831"/>
  <nd ref="10111668832"/>
  <nd ref="10111668833"/>
  <nd ref="10111668834"/>
  <nd ref="10111668835"/>
  <nd ref="10111668830"/>
  <tag k="landuse" v="construction"/>
 </way>
 <way id="1160651435" visible="true" version="2" changeset="147076019" timestamp="2024-02-05T02:57:44Z" user="萧苏晏" uid="6088120">
  <nd ref="10030997062"/>
  <nd ref="10030997060"/>
  <nd ref="10030997059"/>
  <nd ref="10794969448"/>
  <tag k="waterway" v="stream"/>
 </way>
 <way id="1160651438" visible="true" version="2" changeset="147076019" timestamp="2024-02-05T02:57:44Z" user="萧苏晏" uid="6088120">
  <nd ref="10794969467"/>
  <nd ref="10794969468"/>
  <tag k="waterway" v="river"/>
 </way>
 <way id="1160651439" visible="true" version="1" changeset="134646586" timestamp="2023-04-08T10:30:48Z" user="Quintindom" uid="16828775">
  <nd ref="10794969472"/>
  <nd ref="10794969473"/>
  <nd ref="10794969474"/>
  <nd ref="10794969475"/>
  <nd ref="10794969472"/>
  <tag k="landuse" v="residential"/>
  <tag k="name" v="星创杭启云珹府"/>
 </way>
 <way id="1160651440" visible="true" version="1" changeset="134646586" timestamp="2023-04-08T10:30:48Z" user="Quintindom" uid="16828775">
  <nd ref="10794969476"/>
  <nd ref="2963479504"/>
  <tag k="highway" v="tertiary"/>
 </way>
 <way id="1160651441" visible="true" version="1" changeset="134646586" timestamp="2023-04-08T10:30:48Z" user="Quintindom" uid="16828775">
  <nd ref="10794969477"/>
  <nd ref="10794969476"/>
  <tag k="bridge" v="yes"/>
  <tag k="highway" v="tertiary"/>
  <tag k="layer" v="1"/>
 </way>
 <way id="1160651442" visible="true" version="2" changeset="149916217" timestamp="2024-04-12T15:20:58Z" user="Mondal" uid="6547685">
  <nd ref="10794969478"/>
  <nd ref="11812080622"/>
  <nd ref="10794969477"/>
  <tag k="highway" v="tertiary"/>
 </way>
 <way id="1160651443" visible="true" version="1" changeset="134646586" timestamp="2023-04-08T10:30:48Z" user="Quintindom" uid="16828775">
  <nd ref="10794969479"/>
  <nd ref="10794969478"/>
  <tag k="bridge" v="yes"/>
  <tag k="highway" v="tertiary"/>
  <tag k="layer" v="1"/>
 </way>
 <way id="1160651449" visible="true" version="1" changeset="134646586" timestamp="2023-04-08T10:30:48Z" user="Quintindom" uid="16828775">
  <nd ref="10794969495"/>
  <nd ref="10794969496"/>
  <nd ref="10794969497"/>
  <nd ref="10794969498"/>
  <nd ref="10794969495"/>
  <tag k="landuse" v="residential"/>
  <tag k="name" v="华昭府"/>
 </way>
 <way id="1160651450" visible="true" version="1" changeset="134646586" timestamp="2023-04-08T10:30:48Z" user="Quintindom" uid="16828775">
  <nd ref="10794969445"/>
  <nd ref="10794969499"/>
  <tag k="waterway" v="canal"/>
 </way>
 <way id="1246212944" visible="true" version="1" changeset="147076019" timestamp="2024-02-05T02:57:44Z" user="萧苏晏" uid="6088120">
  <nd ref="11585933565"/>
  <nd ref="9837638769"/>
  <tag k="bridge" v="yes"/>
  <tag k="highway" v="tertiary"/>
  <tag k="layer" v="1"/>
  <tag k="name" v="紫塍路"/>
 </way>
 <way id="1246212945" visible="true" version="2" changeset="170094883" timestamp="2025-08-07T08:58:35Z" user="Herman Lee" uid="6921384">
  <nd ref="5793321744"/>
  <nd ref="9837638785"/>
  <tag k="highway" v="tertiary"/>
  <tag k="name" v="紫塍路"/>
 </way>
 <way id="1246212946" visible="true" version="1" changeset="147076019" timestamp="2024-02-05T02:57:44Z" user="萧苏晏" uid="6088120">
  <nd ref="11585933568"/>
  <nd ref="11585933567"/>
  <tag k="bridge" v="yes"/>
  <tag k="highway" v="tertiary"/>
  <tag k="layer" v="1"/>
  <tag k="name" v="紫塍路"/>
 </way>
 <way id="1246212947" visible="true" version="2" changeset="170094883" timestamp="2025-08-07T08:58:35Z" user="Herman Lee" uid="6921384">
  <nd ref="11585941369"/>
  <nd ref="9837638767"/>
  <nd ref="10794969482"/>
  <nd ref="13055849943"/>
  <nd ref="10794969470"/>
  <tag k="highway" v="secondary"/>
  <tag k="oneway" v="yes"/>
 </way>
 <way id="1246212948" visible="true" version="1" changeset="147076019" timestamp="2024-02-05T02:57:44Z" user="萧苏晏" uid="6088120">
  <nd ref="9491302650"/>
  <nd ref="11585941378"/>
  <tag k="highway" v="secondary"/>
  <tag k="oneway" v="yes"/>
 </way>
 <way id="1246212949" visible="true" version="1" changeset="147076019" timestamp="2024-02-05T02:57:44Z" user="萧苏晏" uid="6088120">
  <nd ref="11585941378"/>
  <nd ref="11585941377"/>
  <tag k="bridge" v="yes"/>
  <tag k="highway" v="secondary"/>
  <tag k="layer" v="1"/>
  <tag k="oneway" v="yes"/>
 </way>
 <way id="1246212950" visible="true" version="1" changeset="147076019" timestamp="2024-02-05T02:57:44Z" user="萧苏晏" uid="6088120">
  <nd ref="11585941379"/>
  <nd ref="9491302649"/>
  <tag k="highway" v="secondary"/>
  <tag k="oneway" v="yes"/>
 </way>
 <way id="1246212951" visible="true" version="1" changeset="147076019" timestamp="2024-02-05T02:57:44Z" user="萧苏晏" uid="6088120">
  <nd ref="11585941380"/>
  <nd ref="11585941379"/>
  <tag k="bridge" v="yes"/>
  <tag k="highway" v="secondary"/>
  <tag k="layer" v="1"/>
  <tag k="oneway" v="yes"/>
 </way>
 <way id="1272030553" visible="true" version="1" changeset="149916217" timestamp="2024-04-12T15:20:58Z" user="Mondal" uid="6547685">
  <nd ref="11812080597"/>
  <nd ref="11812080598"/>
  <nd ref="11812080599"/>
  <nd ref="11812080600"/>
  <nd ref="11812080597"/>
  <tag k="building" v="yes"/>
 </way>
 <way id="1272030554" visible="true" version="1" changeset="149916217" timestamp="2024-04-12T15:20:58Z" user="Mondal" uid="6547685">
  <nd ref="11812080601"/>
  <nd ref="11812080602"/>
  <nd ref="11812080603"/>
  <nd ref="11812080604"/>
  <nd ref="11812080601"/>
  <tag k="building" v="yes"/>
 </way>
 <way id="1272030555" visible="true" version="1" changeset="149916217" timestamp="2024-04-12T15:20:58Z" user="Mondal" uid="6547685">
  <nd ref="11812080605"/>
  <nd ref="11812080606"/>
  <nd ref="11812080607"/>
  <nd ref="11812080608"/>
  <nd ref="11812080605"/>
  <tag k="building" v="yes"/>
 </way>
 <way id="1272030556" visible="true" version="1" changeset="149916217" timestamp="2024-04-12T15:20:58Z" user="Mondal" uid="6547685">
  <nd ref="11812080609"/>
  <nd ref="11812080610"/>
  <nd ref="11812080611"/>
  <nd ref="11812080612"/>
  <nd ref="11812080609"/>
  <tag k="building" v="yes"/>
 </way>
 <way id="1272030557" visible="true" version="5" changeset="180564280" timestamp="2026-03-29T01:27:28Z" user="smallCat" uid="22252985">
  <nd ref="11812080618"/>
  <nd ref="13686675607"/>
  <nd ref="11812080631"/>
  <nd ref="13686736280"/>
  <nd ref="13686736282"/>
  <nd ref="11812080614"/>
  <nd ref="11812080615"/>
  <nd ref="11812080616"/>
  <nd ref="13686553396"/>
  <nd ref="13686697626"/>
  <nd ref="13686736279"/>
  <nd ref="13686736278"/>
  <nd ref="11812080621"/>
  <tag k="highway" v="residential"/>
 </way>
 <way id="1272030558" visible="true" version="1" changeset="149916217" timestamp="2024-04-12T15:20:58Z" user="Mondal" uid="6547685">
  <nd ref="11812080613"/>
  <nd ref="11812080619"/>
  <tag k="highway" v="service"/>
 </way>
 <way id="1272030559" visible="true" version="1" changeset="149916217" timestamp="2024-04-12T15:20:58Z" user="Mondal" uid="6547685">
  <nd ref="11812080619"/>
  <nd ref="11812080618"/>
  <tag k="bridge" v="yes"/>
  <tag k="highway" v="service"/>
  <tag k="layer" v="1"/>
 </way>
 <way id="1272030560" visible="true" version="1" changeset="149916217" timestamp="2024-04-12T15:20:58Z" user="Mondal" uid="6547685">
  <nd ref="11812080620"/>
  <nd ref="11812080617"/>
  <tag k="highway" v="service"/>
 </way>
 <way id="1272030561" visible="true" version="2" changeset="156213331" timestamp="2024-09-05T05:43:58Z" user="Sarafat Islam" uid="15378341">
  <nd ref="11812080621"/>
  <nd ref="11812080620"/>
  <tag k="bridge" v="yes"/>
  <tag k="highway" v="service"/>
  <tag k="layer" v="1"/>
  <tag k="name" v="East Gate, Hangzhou International School"/>
 </way>
 <way id="1272030562" visible="true" version="4" changeset="180564280" timestamp="2026-03-29T01:27:28Z" user="smallCat" uid="22252985">
  <nd ref="11812080625"/>
  <nd ref="11812080623"/>
  <nd ref="13686553376"/>
  <nd ref="13686697604"/>
  <nd ref="13686553395"/>
  <nd ref="11812080624"/>
  <nd ref="13686675698"/>
  <nd ref="11812080616"/>
  <tag k="highway" v="residential"/>
 </way>
 <way id="1272030563" visible="true" version="1" changeset="149916217" timestamp="2024-04-12T15:20:58Z" user="Mondal" uid="6547685">
  <nd ref="11812080626"/>
  <nd ref="11812080625"/>
  <tag k="bridge" v="yes"/>
  <tag k="highway" v="service"/>
  <tag k="layer" v="1"/>
 </way>
 <way id="1272030564" visible="true" version="1" changeset="149916217" timestamp="2024-04-12T15:20:58Z" user="Mondal" uid="6547685">
  <nd ref="11812080622"/>
  <nd ref="11812080626"/>
  <tag k="highway" v="service"/>
 </way>
 <way id="1272030565" visible="true" version="3" changeset="180564280" timestamp="2026-03-29T01:27:28Z" user="smallCat" uid="22252985">
  <nd ref="11812080614"/>
  <nd ref="13686736248"/>
  <nd ref="13686736228"/>
  <nd ref="11812080627"/>
  <nd ref="11812080630"/>
  <tag k="highway" v="residential"/>
 </way>
 <way id="1272030566" visible="true" version="1" changeset="149916217" timestamp="2024-04-12T15:20:58Z" user="Mondal" uid="6547685">
  <nd ref="11812080629"/>
  <nd ref="11812080628"/>
  <tag k="highway" v="service"/>
 </way>
 <way id="1272030567" visible="true" version="1" changeset="149916217" timestamp="2024-04-12T15:20:58Z" user="Mondal" uid="6547685">
  <nd ref="11812080630"/>
  <nd ref="11812080629"/>
  <tag k="bridge" v="yes"/>
  <tag k="highway" v="service"/>
  <tag k="layer" v="1"/>
 </way>
 <way id="1272030568" visible="true" version="3" changeset="180564280" timestamp="2026-03-29T01:27:28Z" user="smallCat" uid="22252985">
  <nd ref="11812080624"/>
  <nd ref="13686675670"/>
  <nd ref="13686675627"/>
  <nd ref="13686675626"/>
  <nd ref="11812080631"/>
  <tag k="highway" v="residential"/>
 </way>
 <way id="1279663511" visible="true" version="1" changeset="150882562" timestamp="2024-05-04T14:21:47Z" user="萧苏晏" uid="6088120">
  <nd ref="11879101701"/>
  <nd ref="11879101702"/>
  <nd ref="11879101703"/>
  <nd ref="11879101704"/>
  <nd ref="11879101705"/>
  <nd ref="11879101706"/>
  <nd ref="11879101707"/>
  <nd ref="11879101708"/>
  <nd ref="11879101709"/>
  <nd ref="11879101710"/>
  <nd ref="11879101711"/>
  <nd ref="11879101716"/>
  <nd ref="11879101715"/>
  <nd ref="11879101717"/>
  <nd ref="11879101712"/>
  <nd ref="11879101713"/>
  <nd ref="11879101714"/>
  <nd ref="11879101701"/>
  <tag k="landuse" v="residential"/>
  <tag k="name" v="前程和悦府"/>
 </way>
 <way id="1313412996" visible="true" version="2" changeset="180548476" timestamp="2026-03-28T15:58:18Z" user="Sarafat Islam" uid="15378341">
  <nd ref="12157091467"/>
  <nd ref="12157091468"/>
  <nd ref="12157091469"/>
  <nd ref="12157091470"/>
  <nd ref="12157091467"/>
  <tag k="building" v="yes"/>
  <tag k="name" v="D -13"/>
 </way>
 <way id="1313412997" visible="true" version="1" changeset="156213331" timestamp="2024-09-05T05:43:58Z" user="Sarafat Islam" uid="15378341">
  <nd ref="12157091471"/>
  <nd ref="12157091472"/>
  <nd ref="12157091473"/>
  <nd ref="12157091474"/>
  <nd ref="12157091471"/>
  <tag k="building" v="yes"/>
 </way>
 <way id="1313412998" visible="true" version="1" changeset="156213331" timestamp="2024-09-05T05:43:58Z" user="Sarafat Islam" uid="15378341">
  <nd ref="12157091475"/>
  <nd ref="12157091476"/>
  <nd ref="12157091477"/>
  <nd ref="12157091478"/>
  <nd ref="12157091475"/>
  <tag k="building" v="yes"/>
 </way>
 <way id="1313412999" visible="true" version="2" changeset="180548476" timestamp="2026-03-28T15:58:18Z" user="Sarafat Islam" uid="15378341">
  <nd ref="12157091479"/>
  <nd ref="12157091480"/>
  <nd ref="12157091481"/>
  <nd ref="12157091482"/>
  <nd ref="12157091479"/>
  <tag k="building" v="yes"/>
  <tag k="name" v="D -11"/>
 </way>
 <way id="1313413000" visible="true" version="2" changeset="180548476" timestamp="2026-03-28T15:58:18Z" user="Sarafat Islam" uid="15378341">
  <nd ref="12157091483"/>
  <nd ref="12157091484"/>
  <nd ref="12157091485"/>
  <nd ref="12157091486"/>
  <nd ref="12157091483"/>
  <tag k="building" v="yes"/>
  <tag k="name" v="D -12"/>
 </way>
 <way id="1313413001" visible="true" version="1" changeset="156213331" timestamp="2024-09-05T05:43:58Z" user="Sarafat Islam" uid="15378341">
  <nd ref="12157091487"/>
  <nd ref="12157091488"/>
  <nd ref="12157091489"/>
  <nd ref="12157091490"/>
  <nd ref="12157091487"/>
  <tag k="building" v="yes"/>
 </way>
 <way id="1313413002" visible="true" version="2" changeset="180548476" timestamp="2026-03-28T15:58:18Z" user="Sarafat Islam" uid="15378341">
  <nd ref="12157091491"/>
  <nd ref="12157091492"/>
  <nd ref="12157091493"/>
  <nd ref="12157091494"/>
  <nd ref="12157091491"/>
  <tag k="building" v="yes"/>
  <tag k="name" v="D - 09"/>
 </way>
 <way id="1313413003" visible="true" version="2" changeset="180548476" timestamp="2026-03-28T15:58:18Z" user="Sarafat Islam" uid="15378341">
  <nd ref="12157091495"/>
  <nd ref="12157091496"/>
  <nd ref="12157091497"/>
  <nd ref="12157091498"/>
  <nd ref="12157091495"/>
  <tag k="building" v="yes"/>
  <tag k="name" v="D -10"/>
 </way>
 <way id="1313413004" visible="true" version="1" changeset="156213331" timestamp="2024-09-05T05:43:58Z" user="Sarafat Islam" uid="15378341">
  <nd ref="12157091499"/>
  <nd ref="12157091500"/>
  <nd ref="12157091701"/>
  <nd ref="12157091702"/>
  <nd ref="12157091499"/>
  <tag k="building" v="yes"/>
 </way>
 <way id="1313413005" visible="true" version="2" changeset="169229150" timestamp="2025-07-21T08:15:17Z" user="osm202507" uid="23114716">
  <nd ref="12157091703"/>
  <nd ref="12157091704"/>
  <nd ref="12157091705"/>
  <nd ref="12157091706"/>
  <nd ref="12157091703"/>
  <tag k="amenity" v="restaurant"/>
  <tag k="building" v="yes"/>
  <tag k="name" v="北区食堂"/>
 </way>
 <way id="1313413006" visible="true" version="2" changeset="180548476" timestamp="2026-03-28T15:58:18Z" user="Sarafat Islam" uid="15378341">
  <nd ref="12157091707"/>
  <nd ref="12157091708"/>
  <nd ref="12157091709"/>
  <nd ref="12157091710"/>
  <nd ref="12157091707"/>
  <tag k="building" v="yes"/>
  <tag k="name" v="D-08"/>
 </way>
 <way id="1313413007" visible="true" version="2" changeset="180548476" timestamp="2026-03-28T15:58:18Z" user="Sarafat Islam" uid="15378341">
  <nd ref="12157091711"/>
  <nd ref="12157091712"/>
  <nd ref="12157091713"/>
  <nd ref="13686697641"/>
  <nd ref="12157091714"/>
  <nd ref="12157091711"/>
  <tag k="building" v="yes"/>
 </way>
 <way id="1313413008" visible="true" version="1" changeset="156213331" timestamp="2024-09-05T05:43:58Z" user="Sarafat Islam" uid="15378341">
  <nd ref="12157091715"/>
  <nd ref="12157091716"/>
  <nd ref="12157091717"/>
  <nd ref="12157091718"/>
  <nd ref="12157091715"/>
  <tag k="building" v="yes"/>
 </way>
 <way id="1313413009" visible="true" version="1" changeset="156213331" timestamp="2024-09-05T05:43:58Z" user="Sarafat Islam" uid="15378341">
  <nd ref="12157091719"/>
  <nd ref="12157091720"/>
  <nd ref="12157091721"/>
  <nd ref="12157091722"/>
  <nd ref="12157091719"/>
  <tag k="building" v="yes"/>
 </way>
 <way id="1313413010" visible="true" version="1" changeset="156213331" timestamp="2024-09-05T05:43:58Z" user="Sarafat Islam" uid="15378341">
  <nd ref="12157091723"/>
  <nd ref="12157091724"/>
  <nd ref="12157091725"/>
  <nd ref="12157091726"/>
  <nd ref="12157091723"/>
  <tag k="building" v="yes"/>
 </way>
 <way id="1313413011" visible="true" version="1" changeset="156213331" timestamp="2024-09-05T05:43:58Z" user="Sarafat Islam" uid="15378341">
  <nd ref="12157091727"/>
  <nd ref="12157091728"/>
  <nd ref="12157091729"/>
  <nd ref="12157091730"/>
  <nd ref="12157091727"/>
  <tag k="building" v="yes"/>
 </way>
 <way id="1313413012" visible="true" version="1" changeset="156213331" timestamp="2024-09-05T05:43:58Z" user="Sarafat Islam" uid="15378341">
  <nd ref="12157091731"/>
  <nd ref="12157091732"/>
  <nd ref="12157091733"/>
  <nd ref="12157091734"/>
  <nd ref="12157091731"/>
  <tag k="building" v="yes"/>
 </way>
 <way id="1313413013" visible="true" version="1" changeset="156213331" timestamp="2024-09-05T05:43:58Z" user="Sarafat Islam" uid="15378341">
  <nd ref="12157091735"/>
  <nd ref="12157091736"/>
  <nd ref="12157091737"/>
  <nd ref="12157091738"/>
  <nd ref="12157091735"/>
  <tag k="building" v="yes"/>
 </way>
 <way id="1313413014" visible="true" version="1" changeset="156213331" timestamp="2024-09-05T05:43:58Z" user="Sarafat Islam" uid="15378341">
  <nd ref="12157091739"/>
  <nd ref="12157091740"/>
  <nd ref="12157091741"/>
  <nd ref="12157091742"/>
  <nd ref="12157091739"/>
  <tag k="building" v="yes"/>
 </way>
 <way id="1313413015" visible="true" version="1" changeset="156213331" timestamp="2024-09-05T05:43:58Z" user="Sarafat Islam" uid="15378341">
  <nd ref="12157091743"/>
  <nd ref="12157091744"/>
  <nd ref="12157091745"/>
  <nd ref="12157091746"/>
  <nd ref="12157091743"/>
  <tag k="building" v="yes"/>
 </way>
 <way id="1315734732" visible="true" version="2" changeset="187367167" timestamp="2026-08-13T02:05:02Z" user="DanhengOSM" uid="22906389">
  <nd ref="12178609040"/>
  <nd ref="14091002612"/>
  <nd ref="12178609044"/>
  <nd ref="12178609041"/>
  <tag k="highway" v="tertiary"/>
 </way>
 <way id="1315734735" visible="true" version="1" changeset="156655501" timestamp="2024-09-15T16:35:10Z" user="Quintindom" uid="16828775">
  <nd ref="12178609047"/>
  <nd ref="12178609050"/>
  <tag k="waterway" v="drain"/>
 </way>
 <way id="1315734738" visible="true" version="1" changeset="156655501" timestamp="2024-09-15T16:35:10Z" user="Quintindom" uid="16828775">
  <nd ref="12178609049"/>
  <nd ref="10794969450"/>
  <tag k="waterway" v="drain"/>
 </way>
 <way id="1315734739" visible="true" version="1" changeset="156655501" timestamp="2024-09-15T16:35:10Z" user="Quintindom" uid="16828775">
  <nd ref="12178609050"/>
  <nd ref="12178609049"/>
  <tag k="layer" v="-1"/>
  <tag k="tunnel" v="culvert"/>
  <tag k="waterway" v="drain"/>
 </way>
 <way id="1316619820" visible="true" version="1" changeset="156809013" timestamp="2024-09-19T09:01:34Z" user="viosson" uid="21972774">
  <nd ref="12185752345"/>
  <nd ref="12185752346"/>
  <nd ref="12185752347"/>
  <nd ref="12185752348"/>
  <nd ref="12185752349"/>
  <nd ref="12185752350"/>
  <nd ref="12185752351"/>
  <nd ref="12185752352"/>
  <nd ref="12185752345"/>
  <tag k="building" v="retail"/>
  <tag k="name" v="喜悦和商业中心"/>
 </way>
 <way id="1416255375" visible="true" version="1" changeset="169229150" timestamp="2025-07-21T08:15:17Z" user="osm202507" uid="23114716">
  <nd ref="13014963345"/>
  <nd ref="13014963344"/>
  <nd ref="13014963343"/>
  <nd ref="13014963342"/>
  <nd ref="13014963341"/>
  <nd ref="13014963340"/>
  <nd ref="13014963339"/>
  <nd ref="13014963338"/>
  <nd ref="13014963345"/>
  <tag k="building" v="yes"/>
  <tag k="long_name" v="科研一号楼"/>
  <tag k="name" v="R3"/>
  <tag k="name:en" v="Research Building 3"/>
  <tag k="name:fr" v="Bâtiment de recherche 3"/>
 </way>
 <way id="1416255376" visible="true" version="1" changeset="169229150" timestamp="2025-07-21T08:15:17Z" user="osm202507" uid="23114716">
  <nd ref="13014963359"/>
  <nd ref="13014963358"/>
  <nd ref="13014963357"/>
  <nd ref="13014963356"/>
  <nd ref="13014963355"/>
  <nd ref="13014963354"/>
  <nd ref="13014963353"/>
  <nd ref="13014963352"/>
  <nd ref="13014963351"/>
  <nd ref="13014963350"/>
  <nd ref="13014963349"/>
  <nd ref="13014963348"/>
  <nd ref="13014963347"/>
  <nd ref="13014963346"/>
  <nd ref="13014963359"/>
  <tag k="building" v="yes"/>
  <tag k="long_name" v="科研二号楼"/>
  <tag k="name" v="R2"/>
  <tag k="name:en" v="Research Building 2"/>
  <tag k="name:fr" v="Bâtiment de recherche 2"/>
 </way>
 <way id="1416255377" visible="true" version="1" changeset="169229150" timestamp="2025-07-21T08:15:17Z" user="osm202507" uid="23114716">
  <nd ref="13014963371"/>
  <nd ref="13014963370"/>
  <nd ref="13014963369"/>
  <nd ref="13014963368"/>
  <nd ref="13014963367"/>
  <nd ref="13014963366"/>
  <nd ref="13014963365"/>
  <nd ref="13014963364"/>
  <nd ref="13014963363"/>
  <nd ref="13014963362"/>
  <nd ref="13014963361"/>
  <nd ref="13014963360"/>
  <nd ref="13014963371"/>
  <tag k="building" v="yes"/>
  <tag k="long_name" v="科研一号楼"/>
  <tag k="name" v="R1"/>
  <tag k="name:en" v="Research Building 1"/>
  <tag k="name:fr" v="Bâtiment de recherche 1"/>
 </way>
 <way id="1420681224" visible="true" version="1" changeset="170090520" timestamp="2025-08-07T07:06:50Z" user="Herman Lee" uid="6921384">
  <nd ref="9999844408"/>
  <nd ref="2963491771"/>
  <nd ref="9753874508"/>
  <nd ref="2963509663"/>
  <tag k="highway" v="secondary"/>
  <tag k="name" v="前程路"/>
  <tag k="oneway" v="yes"/>
 </way>
 <way id="1420681249" visible="true" version="1" changeset="170090520" timestamp="2025-08-07T07:06:50Z" user="Herman Lee" uid="6921384">
  <nd ref="9753874507"/>
  <nd ref="13055713981"/>
  <nd ref="9491302670"/>
  <nd ref="2963479507"/>
  <nd ref="9753874509"/>
  <tag k="highway" v="secondary"/>
  <tag k="name" v="前程路"/>
  <tag k="oneway" v="yes"/>
 </way>
 <way id="1420700128" visible="true" version="1" changeset="170094883" timestamp="2025-08-07T08:58:35Z" user="Herman Lee" uid="6921384">
  <nd ref="11585941377"/>
  <nd ref="11585941369"/>
  <tag k="highway" v="secondary"/>
  <tag k="oneway" v="yes"/>
 </way>
 <way id="1420700129" visible="true" version="1" changeset="170094883" timestamp="2025-08-07T08:58:35Z" user="Herman Lee" uid="6921384">
  <nd ref="9837638785"/>
  <nd ref="11585933568"/>
  <tag k="highway" v="tertiary"/>
  <tag k="name" v="紫塍路"/>
 </way>
 <way id="1420700130" visible="true" version="1" changeset="170094883" timestamp="2025-08-07T08:58:35Z" user="Herman Lee" uid="6921384">
  <nd ref="9999844410"/>
  <nd ref="9491302671"/>
  <nd ref="9491302672"/>
  <nd ref="13055849931"/>
  <nd ref="9837638785"/>
  <tag k="highway" v="secondary"/>
  <tag k="name" v="前程路"/>
  <tag k="oneway" v="yes"/>
 </way>
 <way id="1420700136" visible="true" version="1" changeset="170094883" timestamp="2025-08-07T08:58:35Z" user="Herman Lee" uid="6921384">
  <nd ref="2963491771"/>
  <nd ref="2963479510"/>
  <nd ref="2963479512"/>
  <nd ref="5257163890"/>
  <tag k="highway" v="primary"/>
  <tag k="name" v="瓶仓大道"/>
  <tag k="oneway" v="yes"/>
  <tag k="source" v="bing"/>
 </way>
 <way id="1420700139" visible="true" version="1" changeset="170094883" timestamp="2025-08-07T08:58:35Z" user="Herman Lee" uid="6921384">
  <nd ref="5793321744"/>
  <nd ref="13055849933"/>
  <nd ref="5793321732"/>
  <nd ref="5265915224"/>
  <nd ref="2963491775"/>
  <nd ref="9753874539"/>
  <nd ref="2963491772"/>
  <nd ref="13055849929"/>
  <nd ref="5257163875"/>
  <nd ref="2963491773"/>
  <nd ref="9999844409"/>
  <tag k="highway" v="secondary"/>
  <tag k="name" v="前程路"/>
  <tag k="oneway" v="yes"/>
 </way>
 <way id="1420700140" visible="true" version="1" changeset="170094883" timestamp="2025-08-07T08:58:35Z" user="Herman Lee" uid="6921384">
  <nd ref="5793321743"/>
  <nd ref="5793321744"/>
  <tag k="highway" v="tertiary"/>
  <tag k="name" v="紫塍路"/>
 </way>
 <way id="1420700141" visible="true" version="1" changeset="170094883" timestamp="2025-08-07T08:58:35Z" user="Herman Lee" uid="6921384">
  <nd ref="9837638770"/>
  <nd ref="11585941369"/>
  <tag k="highway" v="tertiary"/>
 </way>
 <way id="1420700142" visible="true" version="1" changeset="170094883" timestamp="2025-08-07T08:58:35Z" user="Herman Lee" uid="6921384">
  <nd ref="9837638770"/>
  <nd ref="11812080628"/>
  <nd ref="11585941380"/>
  <tag k="highway" v="secondary"/>
  <tag k="oneway" v="yes"/>
 </way>
 <way id="1493626125" visible="true" version="1" changeset="180545265" timestamp="2026-03-28T14:48:53Z" user="Mondal" uid="6547685">
  <nd ref="13686553351"/>
  <nd ref="13686553352"/>
  <nd ref="13686553353"/>
  <nd ref="13686553354"/>
  <nd ref="13686553351"/>
  <tag k="building" v="yes"/>
 </way>
 <way id="1493626126" visible="true" version="1" changeset="180545265" timestamp="2026-03-28T14:48:53Z" user="Mondal" uid="6547685">
  <nd ref="13686553355"/>
  <nd ref="13686553356"/>
  <nd ref="13686553357"/>
  <nd ref="13686553358"/>
  <nd ref="13686553355"/>
  <tag k="building" v="yes"/>
 </way>
 <way id="1493626127" visible="true" version="1" changeset="180545265" timestamp="2026-03-28T14:48:53Z" user="Mondal" uid="6547685">
  <nd ref="13686553359"/>
  <nd ref="13686553371"/>
  <nd ref="13686553360"/>
  <nd ref="13686553361"/>
  <nd ref="13686553362"/>
  <nd ref="13686553363"/>
  <nd ref="13686553364"/>
  <nd ref="13686553365"/>
  <nd ref="13686553366"/>
  <nd ref="13686553367"/>
  <nd ref="13686553368"/>
  <nd ref="13686553370"/>
  <nd ref="13686553369"/>
  <nd ref="13686553359"/>
  <tag k="building" v="shed"/>
 </way>
 <way id="1493626128" visible="true" version="2" changeset="180564280" timestamp="2026-03-29T01:27:28Z" user="smallCat" uid="22252985">
  <nd ref="13686553372"/>
  <nd ref="13686553373"/>
  <nd ref="13686553374"/>
  <nd ref="13686553375"/>
  <nd ref="13686553372"/>
  <tag k="leisure" v="sports_centre"/>
 </way>
 <way id="1493626129" visible="true" version="1" changeset="180545265" timestamp="2026-03-28T14:48:53Z" user="Mondal" uid="6547685">
  <nd ref="13686553376"/>
  <nd ref="13686553377"/>
  <nd ref="13686553378"/>
  <nd ref="13686553379"/>
  <nd ref="13686553380"/>
  <nd ref="13686553381"/>
  <nd ref="13686553382"/>
  <nd ref="13686553383"/>
  <nd ref="13686553384"/>
  <nd ref="13686553385"/>
  <nd ref="13686553386"/>
  <nd ref="13686553387"/>
  <nd ref="13686553388"/>
  <nd ref="13686553389"/>
  <nd ref="13686553390"/>
  <nd ref="13686553391"/>
  <nd ref="13686553392"/>
  <nd ref="13686553393"/>
  <nd ref="13686553394"/>
  <nd ref="13686553395"/>
  <tag k="highway" v="path"/>
 </way>
 <way id="1493626130" visible="true" version="2" changeset="180564280" timestamp="2026-03-29T01:27:28Z" user="smallCat" uid="22252985">
  <nd ref="13686553396"/>
  <nd ref="13686553397"/>
  <nd ref="13686553398"/>
  <nd ref="13686553399"/>
  <tag k="highway" v="footway"/>
 </way>
 <way id="1493626332" visible="true" version="1" changeset="180545341" timestamp="2026-03-28T14:50:47Z" user="Mondal" uid="6547685">
  <nd ref="13686585739"/>
  <nd ref="13686585740"/>
  <nd ref="13686585741"/>
  <nd ref="13686585742"/>
  <nd ref="13686585739"/>
  <tag k="building" v="yes"/>
 </way>
 <way id="1493628595" visible="true" version="1" changeset="180545715" timestamp="2026-03-28T14:58:54Z" user="Mondal" uid="6547685">
  <nd ref="13686571071"/>
  <nd ref="13686571072"/>
  <nd ref="13686571073"/>
  <nd ref="13686571074"/>
  <nd ref="13686571071"/>
  <tag k="building" v="yes"/>
 </way>
 <way id="1493628596" visible="true" version="1" changeset="180545715" timestamp="2026-03-28T14:58:54Z" user="Mondal" uid="6547685">
  <nd ref="13686571075"/>
  <nd ref="13686571076"/>
  <nd ref="13686571077"/>
  <nd ref="13686571078"/>
  <nd ref="13686571075"/>
  <tag k="building" v="yes"/>
 </way>
 <way id="1493628597" visible="true" version="1" changeset="180545715" timestamp="2026-03-28T14:58:54Z" user="Mondal" uid="6547685">
  <nd ref="13686571079"/>
  <nd ref="13686571080"/>
  <nd ref="13686571081"/>
  <nd ref="13686571082"/>
  <nd ref="13686571079"/>
  <tag k="building" v="yes"/>
 </way>
 <way id="1493628598" visible="true" version="1" changeset="180545715" timestamp="2026-03-28T14:58:54Z" user="Mondal" uid="6547685">
  <nd ref="13686571083"/>
  <nd ref="13686571084"/>
  <nd ref="13686571085"/>
  <nd ref="13686571086"/>
  <nd ref="13686571083"/>
  <tag k="building" v="yes"/>
 </way>
 <way id="1493628599" visible="true" version="1" changeset="180545715" timestamp="2026-03-28T14:58:54Z" user="Mondal" uid="6547685">
  <nd ref="13686571087"/>
  <nd ref="13686571088"/>
  <nd ref="13686571089"/>
  <nd ref="13686571090"/>
  <nd ref="13686571087"/>
  <tag k="building" v="yes"/>
 </way>
 <way id="1493628600" visible="true" version="1" changeset="180545715" timestamp="2026-03-28T14:58:54Z" user="Mondal" uid="6547685">
  <nd ref="13686571091"/>
  <nd ref="13686571092"/>
  <nd ref="13686571093"/>
  <nd ref="13686571094"/>
  <nd ref="13686571091"/>
  <tag k="building" v="yes"/>
 </way>
 <way id="1493628601" visible="true" version="1" changeset="180545715" timestamp="2026-03-28T14:58:54Z" user="Mondal" uid="6547685">
  <nd ref="13686571095"/>
  <nd ref="13686571096"/>
  <nd ref="13686571097"/>
  <nd ref="13686571098"/>
  <nd ref="13686571095"/>
  <tag k="building" v="yes"/>
 </way>
 <way id="1493628602" visible="true" version="1" changeset="180545715" timestamp="2026-03-28T14:58:54Z" user="Mondal" uid="6547685">
  <nd ref="13686571099"/>
  <nd ref="13686571100"/>
  <nd ref="13686604601"/>
  <nd ref="13686604602"/>
  <nd ref="13686571099"/>
  <tag k="building" v="yes"/>
 </way>
 <way id="1493628603" visible="true" version="1" changeset="180545715" timestamp="2026-03-28T14:58:54Z" user="Mondal" uid="6547685">
  <nd ref="13686604603"/>
  <nd ref="13686604604"/>
  <nd ref="13686604605"/>
  <nd ref="13686604606"/>
  <nd ref="13686604603"/>
  <tag k="building" v="yes"/>
 </way>
 <way id="1493628604" visible="true" version="1" changeset="180545715" timestamp="2026-03-28T14:58:54Z" user="Mondal" uid="6547685">
  <nd ref="13686604607"/>
  <nd ref="13686604608"/>
  <nd ref="13686604609"/>
  <nd ref="13686604610"/>
  <nd ref="13686604607"/>
  <tag k="building" v="yes"/>
 </way>
 <way id="1493638691" visible="true" version="2" changeset="180564280" timestamp="2026-03-29T01:27:28Z" user="smallCat" uid="22252985">
  <nd ref="13686675607"/>
  <nd ref="13686675608"/>
  <nd ref="13686675609"/>
  <nd ref="13686675610"/>
  <nd ref="13686675611"/>
  <nd ref="13686675612"/>
  <nd ref="13686675613"/>
  <nd ref="13686675614"/>
  <nd ref="13686675615"/>
  <nd ref="13686675616"/>
  <nd ref="13686675687"/>
  <nd ref="13686675617"/>
  <nd ref="13686675618"/>
  <nd ref="13686675619"/>
  <nd ref="13686675620"/>
  <nd ref="13686675621"/>
  <nd ref="13686675622"/>
  <nd ref="13686675623"/>
  <nd ref="13686675624"/>
  <nd ref="13686675625"/>
  <nd ref="13686675626"/>
  <tag k="highway" v="service"/>
 </way>
 <way id="1493638692" visible="true" version="2" changeset="180564280" timestamp="2026-03-29T01:27:28Z" user="smallCat" uid="22252985">
  <nd ref="13686675627"/>
  <nd ref="13686675628"/>
  <nd ref="13686675629"/>
  <nd ref="13686675630"/>
  <nd ref="13686675631"/>
  <nd ref="13686675632"/>
  <nd ref="13686675633"/>
  <nd ref="13686675634"/>
  <nd ref="13686675635"/>
  <nd ref="13686675636"/>
  <nd ref="13686675637"/>
  <nd ref="13686675638"/>
  <nd ref="13686675639"/>
  <nd ref="13686675640"/>
  <nd ref="13686675641"/>
  <nd ref="13686675642"/>
  <nd ref="13686675643"/>
  <nd ref="13686675644"/>
  <nd ref="13686675645"/>
  <nd ref="13686675646"/>
  <nd ref="13686675647"/>
  <nd ref="13686675648"/>
  <nd ref="13686675649"/>
  <nd ref="13686675650"/>
  <nd ref="13686675651"/>
  <nd ref="13686675652"/>
  <nd ref="13686675653"/>
  <nd ref="13686675654"/>
  <nd ref="13686675655"/>
  <nd ref="13686675656"/>
  <nd ref="13686675657"/>
  <nd ref="13686675658"/>
  <nd ref="13686675659"/>
  <nd ref="13686675660"/>
  <nd ref="13686675661"/>
  <nd ref="13686675662"/>
  <nd ref="13686675663"/>
  <nd ref="13686675664"/>
  <nd ref="13686675665"/>
  <nd ref="13686675666"/>
  <nd ref="13686675667"/>
  <nd ref="13686675668"/>
  <nd ref="13686675669"/>
  <nd ref="13686675670"/>
  <tag k="highway" v="service"/>
 </way>
 <way id="1493638693" visible="true" version="2" changeset="180564280" timestamp="2026-03-29T01:27:28Z" user="smallCat" uid="22252985">
  <nd ref="13686675638"/>
  <nd ref="13686675671"/>
  <nd ref="13686675672"/>
  <nd ref="13686675673"/>
  <nd ref="13686675674"/>
  <nd ref="13686675675"/>
  <nd ref="13686675676"/>
  <nd ref="13686675677"/>
  <nd ref="13686675678"/>
  <nd ref="13686675679"/>
  <nd ref="13686675680"/>
  <nd ref="13686675681"/>
  <nd ref="13686675697"/>
  <nd ref="13686675682"/>
  <nd ref="13686675683"/>
  <nd ref="13686675684"/>
  <nd ref="13686675685"/>
  <nd ref="13686675686"/>
  <nd ref="13686675687"/>
  <tag k="highway" v="service"/>
 </way>
 <way id="1493638694" visible="true" version="2" changeset="180564280" timestamp="2026-03-29T01:27:28Z" user="smallCat" uid="22252985">
  <nd ref="13686675673"/>
  <nd ref="13686675688"/>
  <nd ref="13686675689"/>
  <nd ref="13686675690"/>
  <nd ref="13686675691"/>
  <nd ref="13686675692"/>
  <nd ref="13686675693"/>
  <nd ref="13686675694"/>
  <nd ref="13686675695"/>
  <nd ref="13686675696"/>
  <nd ref="13686675697"/>
  <tag k="highway" v="service"/>
 </way>
 <way id="1493638695" visible="true" version="3" changeset="180564280" timestamp="2026-03-29T01:27:28Z" user="smallCat" uid="22252985">
  <nd ref="13686675698"/>
  <nd ref="13686675699"/>
  <nd ref="13686675700"/>
  <nd ref="13686699095"/>
  <nd ref="13686697601"/>
  <nd ref="13686736209"/>
  <nd ref="13686697617"/>
  <nd ref="13686697605"/>
  <nd ref="13686697602"/>
  <nd ref="13686697603"/>
  <nd ref="13686697604"/>
  <tag k="highway" v="residential"/>
 </way>
 <way id="1493638696" visible="true" version="3" changeset="180564280" timestamp="2026-03-29T01:27:28Z" user="smallCat" uid="22252985">
  <nd ref="13686697605"/>
  <nd ref="13686697606"/>
  <nd ref="13686697607"/>
  <nd ref="13686697608"/>
  <nd ref="13686697609"/>
  <nd ref="13686697610"/>
  <nd ref="13686699094"/>
  <nd ref="13686697611"/>
  <nd ref="13686697612"/>
  <nd ref="13686699093"/>
  <nd ref="13686697613"/>
  <nd ref="13686697614"/>
  <nd ref="13686697615"/>
  <nd ref="13686697616"/>
  <nd ref="13686736210"/>
  <tag k="highway" v="service"/>
 </way>
 <way id="1493638697" visible="true" version="3" changeset="180564280" timestamp="2026-03-29T01:27:28Z" user="smallCat" uid="22252985">
  <nd ref="13686697602"/>
  <nd ref="13686697618"/>
  <nd ref="13686697619"/>
  <nd ref="13686697666"/>
  <nd ref="13686697620"/>
  <nd ref="13686697621"/>
  <nd ref="13686697622"/>
  <nd ref="13686697623"/>
  <nd ref="13686697624"/>
  <nd ref="13686697625"/>
  <nd ref="13686697667"/>
  <nd ref="13686697689"/>
  <nd ref="13686697642"/>
  <nd ref="13686697653"/>
  <nd ref="13686736227"/>
  <nd ref="13686697627"/>
  <nd ref="13686697640"/>
  <nd ref="13686697626"/>
  <tag k="highway" v="residential"/>
 </way>
 <way id="1493638698" visible="true" version="2" changeset="180564280" timestamp="2026-03-29T01:27:28Z" user="smallCat" uid="22252985">
  <nd ref="13686697627"/>
  <nd ref="13686697628"/>
  <nd ref="13686697629"/>
  <nd ref="13686697630"/>
  <nd ref="13686697631"/>
  <nd ref="13686697632"/>
  <nd ref="13686697633"/>
  <nd ref="13686697634"/>
  <nd ref="13686697635"/>
  <nd ref="13686697636"/>
  <nd ref="13686697637"/>
  <nd ref="13686697638"/>
  <nd ref="13686697639"/>
  <nd ref="13686697640"/>
  <tag k="highway" v="service"/>
 </way>
 <way id="1493638699" visible="true" version="2" changeset="180564280" timestamp="2026-03-29T01:27:28Z" user="smallCat" uid="22252985">
  <nd ref="13686697642"/>
  <nd ref="13686697643"/>
  <nd ref="13686697644"/>
  <nd ref="13686697645"/>
  <nd ref="13686697646"/>
  <nd ref="13686697647"/>
  <nd ref="13686697648"/>
  <nd ref="13686697649"/>
  <nd ref="13686697650"/>
  <nd ref="13686697651"/>
  <nd ref="13686697652"/>
  <nd ref="13686697653"/>
  <tag k="highway" v="service"/>
 </way>
 <way id="1493638700" visible="true" version="2" changeset="180564280" timestamp="2026-03-29T01:27:28Z" user="smallCat" uid="22252985">
  <nd ref="13686697627"/>
  <nd ref="13686697654"/>
  <nd ref="13686697655"/>
  <nd ref="13686697656"/>
  <nd ref="13686697657"/>
  <nd ref="13686697658"/>
  <nd ref="13686697659"/>
  <nd ref="13686697660"/>
  <nd ref="13686697661"/>
  <nd ref="13686697662"/>
  <nd ref="13686697663"/>
  <nd ref="13686697664"/>
  <nd ref="13686697665"/>
  <tag k="highway" v="service"/>
 </way>
 <way id="1493638701" visible="true" version="2" changeset="180564280" timestamp="2026-03-29T01:27:28Z" user="smallCat" uid="22252985">
  <nd ref="13686697667"/>
  <nd ref="13686697668"/>
  <nd ref="13686697669"/>
  <nd ref="13686697670"/>
  <nd ref="13686697671"/>
  <nd ref="13686697672"/>
  <nd ref="13686697673"/>
  <nd ref="13686697674"/>
  <nd ref="13686697675"/>
  <nd ref="13686697676"/>
  <tag k="highway" v="service"/>
 </way>
 <way id="1493638702" visible="true" version="3" changeset="180564280" timestamp="2026-03-29T01:27:28Z" user="smallCat" uid="22252985">
  <nd ref="13686697667"/>
  <nd ref="13686697678"/>
  <nd ref="13686697679"/>
  <nd ref="13686697680"/>
  <nd ref="13686697681"/>
  <nd ref="13686697682"/>
  <nd ref="13686697683"/>
  <nd ref="13686697684"/>
  <nd ref="13686697685"/>
  <nd ref="13686697686"/>
  <nd ref="13686697687"/>
  <nd ref="13686697688"/>
  <nd ref="13686697689"/>
  <tag k="highway" v="service"/>
 </way>
 <way id="1493642836" visible="true" version="2" changeset="180564280" timestamp="2026-03-29T01:27:28Z" user="smallCat" uid="22252985">
  <nd ref="13686699095"/>
  <nd ref="13686699096"/>
  <nd ref="13686699097"/>
  <nd ref="13686699098"/>
  <nd ref="13686699099"/>
  <nd ref="13686699100"/>
  <nd ref="13686736201"/>
  <nd ref="13686736202"/>
  <nd ref="13686736203"/>
  <nd ref="13686736204"/>
  <nd ref="13686736205"/>
  <nd ref="13686736206"/>
  <nd ref="13686736207"/>
  <nd ref="13686736208"/>
  <nd ref="13686736209"/>
  <tag k="highway" v="service"/>
 </way>
 <way id="1493642837" visible="true" version="2" changeset="180564280" timestamp="2026-03-29T01:27:28Z" user="smallCat" uid="22252985">
  <nd ref="13686697642"/>
  <nd ref="13686736211"/>
  <nd ref="13686736212"/>
  <nd ref="13686736213"/>
  <nd ref="13686736214"/>
  <nd ref="13686736215"/>
  <nd ref="13686736216"/>
  <nd ref="13686736217"/>
  <nd ref="13686736218"/>
  <nd ref="13686736219"/>
  <nd ref="13686736220"/>
  <nd ref="13686736221"/>
  <nd ref="13686736222"/>
  <nd ref="13686736223"/>
  <nd ref="13686736224"/>
  <nd ref="13686736225"/>
  <nd ref="13686736226"/>
  <nd ref="13686736227"/>
  <tag k="highway" v="service"/>
 </way>
 <way id="1493642838" visible="true" version="2" changeset="180564280" timestamp="2026-03-29T01:27:28Z" user="smallCat" uid="22252985">
  <nd ref="13686736228"/>
  <nd ref="13686736229"/>
  <nd ref="13686736230"/>
  <nd ref="13686736231"/>
  <nd ref="13686736232"/>
  <nd ref="13686736233"/>
  <nd ref="13686736234"/>
  <nd ref="13686736235"/>
  <nd ref="13686736236"/>
  <nd ref="13686736237"/>
  <nd ref="13686736238"/>
  <nd ref="13686736239"/>
  <nd ref="13686736240"/>
  <nd ref="13686736241"/>
  <nd ref="13686736242"/>
  <nd ref="13686736243"/>
  <nd ref="13686736244"/>
  <nd ref="13686736245"/>
  <nd ref="13686736246"/>
  <nd ref="13686736247"/>
  <nd ref="13686736248"/>
  <tag k="highway" v="service"/>
 </way>
 <way id="1493642839" visible="true" version="2" changeset="180564280" timestamp="2026-03-29T01:27:28Z" user="smallCat" uid="22252985">
  <nd ref="13686736245"/>
  <nd ref="13686736249"/>
  <nd ref="13686736250"/>
  <nd ref="13686736251"/>
  <nd ref="13686736252"/>
  <nd ref="13686736253"/>
  <nd ref="13686736254"/>
  <nd ref="13686736255"/>
  <nd ref="13686736256"/>
  <nd ref="13686736257"/>
  <nd ref="13686736258"/>
  <nd ref="13686736259"/>
  <nd ref="13686736260"/>
  <nd ref="13686736261"/>
  <nd ref="13686736262"/>
  <nd ref="13686736263"/>
  <nd ref="13686736264"/>
  <nd ref="13686736265"/>
  <nd ref="13686736266"/>
  <nd ref="13686736267"/>
  <nd ref="13686736268"/>
  <nd ref="13686736269"/>
  <nd ref="13686736270"/>
  <nd ref="13686736271"/>
  <nd ref="13686736272"/>
  <nd ref="13686736273"/>
  <nd ref="13686736274"/>
  <nd ref="13686736275"/>
  <nd ref="13686736276"/>
  <nd ref="13686736277"/>
  <nd ref="13686736278"/>
  <tag k="highway" v="service"/>
 </way>
 <way id="1493642840" visible="true" version="2" changeset="180564280" timestamp="2026-03-29T01:27:28Z" user="smallCat" uid="22252985">
  <nd ref="13686736280"/>
  <nd ref="13686736281"/>
  <tag k="highway" v="service"/>
 </way>
 <way id="1493642841" visible="true" version="2" changeset="180564280" timestamp="2026-03-29T01:27:28Z" user="smallCat" uid="22252985">
  <nd ref="13686736282"/>
  <nd ref="13686736283"/>
  <tag k="highway" v="service"/>
 </way>
 <way id="1493760247" visible="true" version="1" changeset="180564280" timestamp="2026-03-29T01:27:28Z" user="smallCat" uid="22252985">
  <nd ref="13686553371"/>
  <nd ref="13687490597"/>
  <nd ref="13687490598"/>
  <nd ref="13687490599"/>
  <nd ref="13687490600"/>
  <nd ref="13687537701"/>
  <nd ref="13687537702"/>
  <nd ref="13687537703"/>
  <nd ref="13687537704"/>
  <nd ref="13687537705"/>
  <nd ref="13687537706"/>
  <nd ref="13687537707"/>
  <nd ref="13687537708"/>
  <nd ref="13687537709"/>
  <nd ref="13687537710"/>
  <nd ref="13687537711"/>
  <nd ref="13686553365"/>
  <nd ref="13686553364"/>
  <nd ref="13686553363"/>
  <nd ref="13686553362"/>
  <nd ref="13686553361"/>
  <nd ref="13686553360"/>
  <nd ref="13686553371"/>
  <tag k="leisure" v="sports_centre"/>
 </way>
 <relation id="8484198" visible="true" version="7" changeset="176608233" timestamp="2025-12-30T03:55:52Z" user="meongseolin" uid="18160068">
  <member type="way" ref="611938443" role="outer"/>
  <member type="way" ref="615794331" role="outer"/>
  <member type="way" ref="585907468" role="outer"/>
  <member type="way" ref="615794335" role="outer"/>
  <member type="way" ref="611938442" role="outer"/>
  <member type="way" ref="611938441" role="outer"/>
  <member type="way" ref="586745141" role="outer"/>
  <member type="way" ref="586745139" role="outer"/>
  <member type="way" ref="586745908" role="outer"/>
  <member type="way" ref="762233827" role="outer"/>
  <member type="way" ref="611941142" role="outer"/>
  <member type="way" ref="611941143" role="outer"/>
  <member type="node" ref="3313332478" role="admin_centre"/>
  <tag k="admin_level" v="8"/>
  <tag k="boundary" v="administrative"/>
  <tag k="name" v="瓶窑镇"/>
  <tag k="name:ru" v="Пинъяо"/>
  <tag k="name:uk" v="Пін'яо"/>
  <tag k="name:zh" v="瓶窑镇"/>
  <tag k="type" v="boundary"/>
  <tag k="wikidata" v="Q14005388"/>
 </relation>
 <relation id="12555971" visible="true" version="10" changeset="176608233" timestamp="2025-12-30T03:55:52Z" user="meongseolin" uid="18160068">
  <member type="node" ref="8608935518" role="admin_centre"/>
  <member type="way" ref="615220530" role="outer"/>
  <member type="way" ref="1245763210" role="outer"/>
  <member type="way" ref="1245763197" role="outer"/>
  <member type="way" ref="1245763198" role="outer"/>
  <member type="way" ref="233930819" role="outer"/>
  <member type="way" ref="615220529" role="outer"/>
  <member type="way" ref="1245763246" role="outer"/>
  <member type="way" ref="611941144" role="outer"/>
  <member type="way" ref="1245763234" role="outer"/>
  <member type="way" ref="615794335" role="outer"/>
  <member type="way" ref="585907468" role="outer"/>
  <member type="way" ref="1245763248" role="outer"/>
  <member type="way" ref="615794332" role="outer"/>
  <member type="way" ref="585907454" role="outer"/>
  <member type="way" ref="643659586" role="outer"/>
  <member type="way" ref="1245763249" role="outer"/>
  <member type="way" ref="1245763240" role="outer"/>
  <member type="way" ref="585907436" role="outer"/>
  <member type="way" ref="613412659" role="outer"/>
  <member type="way" ref="585907432" role="outer"/>
  <member type="way" ref="585907430" role="outer"/>
  <member type="way" ref="328306434" role="outer"/>
  <member type="way" ref="328306430" role="outer"/>
  <member type="way" ref="588257481" role="outer"/>
  <member type="way" ref="585907465" role="outer"/>
  <member type="way" ref="642795152" role="outer"/>
  <member type="way" ref="642663982" role="outer"/>
  <member type="way" ref="587415772" role="outer"/>
  <member type="way" ref="1219257471" role="outer"/>
  <member type="way" ref="1134203965" role="outer"/>
  <member type="way" ref="586743456" role="outer"/>
  <member type="way" ref="586582398" role="outer"/>
  <member type="way" ref="238882547" role="outer"/>
  <member type="way" ref="238882555" role="outer"/>
  <member type="way" ref="586743464" role="outer"/>
  <member type="way" ref="590307653" role="outer"/>
  <member type="way" ref="586743463" role="outer"/>
  <member type="way" ref="586745909" role="outer"/>
  <member type="way" ref="615808956" role="outer"/>
  <member type="way" ref="590307651" role="outer"/>
  <member type="way" ref="238882548" role="outer"/>
  <member type="relation" ref="8283082" role="subarea"/>
  <member type="relation" ref="8273085" role="subarea"/>
  <member type="relation" ref="8283100" role="subarea"/>
  <member type="relation" ref="8283102" role="subarea"/>
  <member type="relation" ref="8283084" role="subarea"/>
  <member type="relation" ref="8520052" role="subarea"/>
  <member type="relation" ref="8484198" role="subarea"/>
  <member type="relation" ref="8273083" role="subarea"/>
  <member type="relation" ref="8283083" role="subarea"/>
  <member type="relation" ref="8520047" role="subarea"/>
  <member type="relation" ref="8513186" role="subarea"/>
  <member type="relation" ref="8520046" role="subarea"/>
  <tag k="admin_level" v="6"/>
  <tag k="boundary" v="administrative"/>
  <tag k="name" v="余杭区"/>
  <tag k="name:en" v="Yuhang District"/>
  <tag k="name:ko" v="위창구"/>
  <tag k="name:zh" v="余杭区"/>
  <tag k="name:zh-Hans" v="余杭区"/>
  <tag k="name:zh-Hant" v="餘杭區"/>
  <tag k="type" v="boundary"/>
  <tag k="wikidata" v="Q1361598"/>
  <tag k="wikipedia" v="zh:余杭区"/>
 </relation>
 <relation id="19435743" visible="true" version="1" changeset="170090520" timestamp="2025-08-07T07:06:50Z" user="Herman Lee" uid="6921384">
  <member type="node" ref="13055713980" role="platform"/>
  <member type="node" ref="13055713981" role="stop"/>
  <member type="node" ref="13055713982" role="platform"/>
  <member type="node" ref="13055713983" role="stop"/>
  <tag k="name" v="前程路溪东路口"/>
  <tag k="name:zh" v="前程路溪东路口"/>
  <tag k="public_transport" v="stop_area"/>
  <tag k="type" v="public_transport"/>
 </relation>
 <relation id="19436064" visible="true" version="1" changeset="170094883" timestamp="2025-08-07T08:58:35Z" user="Herman Lee" uid="6921384">
  <member type="node" ref="13055849931" role="stop"/>
  <member type="node" ref="13055849930" role="platform"/>
  <member type="node" ref="13055849932" role="platform"/>
  <member type="node" ref="13055849933" role="stop"/>
  <tag k="name" v="丁家"/>
  <tag k="name:zh" v="丁家"/>
  <tag k="public_transport" v="stop_area"/>
  <tag k="type" v="public_transport"/>
 </relation>
 <relation id="19436065" visible="true" version="1" changeset="170094883" timestamp="2025-08-07T08:58:35Z" user="Herman Lee" uid="6921384">
  <member type="node" ref="13055849928" role="platform"/>
  <member type="node" ref="13055849929" role="stop"/>
  <tag k="name" v="瓶窑镇政府"/>
  <tag k="name:zh" v="瓶窑镇政府"/>
  <tag k="public_transport" v="stop_area"/>
  <tag k="type" v="public_transport"/>
 </relation>
 <relation id="19436066" visible="true" version="2" changeset="187943483" timestamp="2026-08-24T14:58:17Z" user="Topiours" uid="21363326">
  <member type="node" ref="13055849934" role="stop"/>
  <member type="node" ref="13055849937" role="platform"/>
  <member type="node" ref="13055849935" role="stop"/>
  <member type="node" ref="13055849936" role="platform"/>
  <tag k="name" v="北航杭州国际校园东"/>
  <tag k="name:zh" v="北航杭州国际校园东"/>
  <tag k="public_transport" v="stop_area"/>
  <tag k="type" v="public_transport"/>
 </relation>
 <relation id="19436067" visible="true" version="1" changeset="170094883" timestamp="2025-08-07T08:58:35Z" user="Herman Lee" uid="6921384">
  <member type="node" ref="13055849938" role="platform"/>
  <member type="node" ref="13055849941" role="stop"/>
  <member type="node" ref="13055849940" role="platform"/>
  <member type="node" ref="13055849939" role="stop"/>
  <tag k="name" v="北棋盘"/>
  <tag k="name:zh" v="北棋盘"/>
  <tag k="public_transport" v="stop_area"/>
  <tag k="type" v="public_transport"/>
 </relation>
 <relation id="19436068" visible="true" version="1" changeset="170094883" timestamp="2025-08-07T08:58:35Z" user="Herman Lee" uid="6921384">
  <member type="node" ref="13055849942" role="platform"/>
  <member type="node" ref="13055849943" role="stop"/>
  <member type="node" ref="13055849944" role="platform"/>
  <member type="node" ref="13055849945" role="stop"/>
  <tag k="name" v="瓶窑二小"/>
  <tag k="name:zh" v="瓶窑二小"/>
  <tag k="public_transport" v="stop_area"/>
  <tag k="type" v="public_transport"/>
 </relation>
 <relation id="19436077" visible="true" version="7" changeset="188027301" timestamp="2026-08-26T07:32:02Z" user="XD346" uid="4892967">
  <member type="node" ref="13055713586" role="platform_entry_only"/>
  <member type="node" ref="13055849924" role="platform"/>
  <member type="node" ref="13055713975" role="platform"/>
  <member type="node" ref="13055713978" role="platform"/>
  <member type="node" ref="13055713980" role="platform"/>
  <member type="node" ref="13055849930" role="platform"/>
  <member type="node" ref="13055849936" role="platform"/>
  <member type="node" ref="13055849938" role="platform"/>
  <member type="node" ref="13055849942" role="platform"/>
  <member type="node" ref="13055849948" role="platform"/>
  <member type="node" ref="13055849950" role="platform"/>
  <member type="node" ref="13055849958" role="platform"/>
  <member type="node" ref="13055849962" role="platform"/>
  <member type="node" ref="13055849973" role="platform"/>
  <member type="node" ref="13055849975" role="platform"/>
  <member type="node" ref="6592719231" role="platform"/>
  <member type="node" ref="13447480232" role="platform_exit_only"/>
  <member type="way" ref="1420681135" role=""/>
  <member type="way" ref="1420700132" role=""/>
  <member type="way" ref="292809344" role=""/>
  <member type="way" ref="831077928" role=""/>
  <member type="way" ref="1420700138" role=""/>
  <member type="way" ref="292809350" role=""/>
  <member type="way" ref="831077927" role=""/>
  <member type="way" ref="1420681225" role=""/>
  <member type="way" ref="1420681249" role=""/>
  <member type="way" ref="1091869189" role=""/>
  <member type="way" ref="1420700130" role=""/>
  <member type="way" ref="1420700129" role=""/>
  <member type="way" ref="1246212946" role=""/>
  <member type="way" ref="611943904" role=""/>
  <member type="way" ref="1246212944" role=""/>
  <member type="way" ref="1095314541" role=""/>
  <member type="way" ref="1420700141" role=""/>
  <member type="way" ref="1246212947" role=""/>
  <member type="way" ref="1070902239" role=""/>
  <member type="way" ref="1373642394" role=""/>
  <member type="way" ref="1420743968" role=""/>
  <member type="way" ref="1552468654" role=""/>
  <member type="way" ref="1552468655" role=""/>
  <member type="way" ref="777441899" role=""/>
  <member type="way" ref="1069818975" role=""/>
  <member type="way" ref="1069818976" role=""/>
  <member type="way" ref="587068111" role=""/>
  <member type="way" ref="1365291298" role=""/>
  <member type="way" ref="1365291295" role=""/>
  <member type="way" ref="1466144889" role=""/>
  <member type="way" ref="1466144879" role=""/>
  <member type="way" ref="1466144880" role=""/>
  <member type="way" ref="1466144884" role=""/>
  <member type="way" ref="1466144912" role=""/>
  <member type="way" ref="1466144913" role=""/>
  <tag k="from" v="瓶窑公交总站"/>
  <tag k="name" v="2553路：瓶窑公交总站 -&gt; 新圩"/>
  <tag k="name:zh" v="2553路：瓶窑公交总站 -&gt; 新圩"/>
  <tag k="opening_hours" v="Mo-Su 06:00-19:30"/>
  <tag k="public_transport:version" v="2"/>
  <tag k="ref" v="2553"/>
  <tag k="route" v="bus"/>
  <tag k="to" v="新圩"/>
  <tag k="type" v="route"/>
 </relation>
 <relation id="19436078" visible="true" version="10" changeset="188027301" timestamp="2026-08-26T07:32:02Z" user="XD346" uid="4892967">
  <member type="node" ref="13447480235" role="platform_entry_only"/>
  <member type="node" ref="6592719232" role="platform"/>
  <member type="node" ref="13055849977" role="platform"/>
  <member type="node" ref="13055849964" role="platform"/>
  <member type="node" ref="13055849960" role="platform"/>
  <member type="node" ref="13055849956" role="platform"/>
  <member type="node" ref="13055849952" role="platform"/>
  <member type="node" ref="13055849954" role="platform"/>
  <member type="node" ref="13055849946" role="platform"/>
  <member type="node" ref="13055849944" role="platform"/>
  <member type="node" ref="13055849940" role="platform"/>
  <member type="node" ref="13055849937" role="platform"/>
  <member type="node" ref="13055849932" role="platform"/>
  <member type="node" ref="13055849928" role="platform"/>
  <member type="node" ref="13055849927" role="platform"/>
  <member type="node" ref="13055713586" role="platform_exit_only"/>
  <member type="way" ref="1466144912" role=""/>
  <member type="way" ref="1315734750" role=""/>
  <member type="way" ref="1466144885" role=""/>
  <member type="way" ref="1155227615" role=""/>
  <member type="way" ref="1155227614" role=""/>
  <member type="way" ref="1365291292" role=""/>
  <member type="way" ref="324622746" role=""/>
  <member type="way" ref="1069818978" role=""/>
  <member type="way" ref="1069818977" role=""/>
  <member type="way" ref="1365291290" role=""/>
  <member type="way" ref="1420700151" role=""/>
  <member type="way" ref="324622745" role=""/>
  <member type="way" ref="1552468656" role=""/>
  <member type="way" ref="1552468653" role=""/>
  <member type="way" ref="1420700149" role=""/>
  <member type="way" ref="831668401" role=""/>
  <member type="way" ref="1420700117" role=""/>
  <member type="way" ref="1420743960" role=""/>
  <member type="way" ref="1420700118" role=""/>
  <member type="way" ref="1246212957" role=""/>
  <member type="way" ref="777441892" role=""/>
  <member type="way" ref="1070902240" role=""/>
  <member type="way" ref="1072154708" role=""/>
  <member type="way" ref="1095314541" role=""/>
  <member type="way" ref="1246212944" role=""/>
  <member type="way" ref="611943904" role=""/>
  <member type="way" ref="1246212946" role=""/>
  <member type="way" ref="1420700129" role=""/>
  <member type="way" ref="1246212945" role=""/>
  <member type="way" ref="1420700139" role=""/>
  <member type="way" ref="1091869187" role=""/>
  <member type="way" ref="1420681224" role=""/>
  <member type="way" ref="831077927" role=""/>
  <member type="way" ref="292809350" role=""/>
  <member type="way" ref="1420700138" role=""/>
  <member type="way" ref="1095535270" role=""/>
  <member type="way" ref="1086157570" role=""/>
  <member type="way" ref="543835302" role=""/>
  <member type="way" ref="1420681226" role=""/>
  <member type="way" ref="1420681134" role=""/>
  <member type="way" ref="1420700132" role=""/>
  <member type="way" ref="1420700135" role=""/>
  <member type="way" ref="1420700134" role=""/>
  <member type="way" ref="1420700131" role=""/>
  <tag k="from" v="新圩"/>
  <tag k="name" v="2553路：新圩 -&gt; 瓶窑公交总站"/>
  <tag k="name:zh" v="2553路：新圩 -&gt; 瓶窑公交总站"/>
  <tag k="opening_hours" v="Mo-Su 06:50-20:30"/>
  <tag k="public_transport:version" v="2"/>
  <tag k="ref" v="2553"/>
  <tag k="route" v="bus"/>
  <tag k="to" v="瓶窑公交总站"/>
  <tag k="type" v="route"/>
 </relation>
 <relation id="19436825" visible="true" version="2" changeset="187943483" timestamp="2026-08-24T14:58:17Z" user="Topiours" uid="21363326">
  <member type="relation" ref="19436078" role=""/>
  <member type="relation" ref="19436077" role=""/>
  <tag k="name" v="杭州公交2553路"/>
  <tag k="name:zh" v="杭州公交2553路"/>
  <tag k="ref" v="2553"/>
  <tag k="route_master" v="bus"/>
  <tag k="type" v="route_master"/>
 </relation>
</osm>
