{
  "type": "FeatureCollection",
  "name": "北航学院路全校区三维地图",
  "attribution": "© OpenStreetMap contributors · ODbL 1.0",
  "license": "https://opendatacommons.org/licenses/odbl/1-0/",
  "retrievedAt": "2026-09-10T15:57:01.247Z",
  "bbox": [
    116.334,
    39.9751,
    116.348,
    39.9857
  ],
  "features": [
    {
      "type": "Feature",
      "id": "way/5169015",
      "properties": {
        "highway": "tertiary",
        "name": "北四环中路",
        "name:en": "North 4th Ring Road",
        "name:zh": "北四环中路",
        "name:zh-Hans": "北四环中路",
        "name:zh-Hant": "北四環中路",
        "oneway": "yes",
        "osm_id": "5169015",
        "osm_type": "way"
      },
      "geometry": {
        "type": "LineString",
        "coordinates": [
          [
            116.3385813,
            39.9850134
          ],
          [
            116.3390605,
            39.9850594
          ],
          [
            116.3392278,
            39.9850791
          ],
          [
            116.339455,
            39.9850877
          ],
          [
            116.3415775,
            39.9851261
          ],
          [
            116.3420488,
            39.9851456
          ],
          [
            116.342638,
            39.9851858
          ],
          [
            116.3431607,
            39.9851857
          ],
          [
            116.3436524,
            39.9852045
          ],
          [
            116.3445204,
            39.9852171
          ],
          [
            116.345156,
            39.9852208
          ]
        ]
      }
    },
    {
      "type": "Feature",
      "id": "way/22759931",
      "properties": {
        "highway": "primary",
        "oneway": "yes",
        "osm_id": "22759931",
        "osm_type": "way"
      },
      "geometry": {
        "type": "LineString",
        "coordinates": [
          [
            116.3472549,
            39.9751157
          ],
          [
            116.3481335,
            39.9751183
          ]
        ]
      }
    },
    {
      "type": "Feature",
      "id": "way/22771867",
      "properties": {
        "highway": "service",
        "osm_id": "22771867",
        "osm_type": "way"
      },
      "geometry": {
        "type": "LineString",
        "coordinates": [
          [
            116.33463,
            39.981629
          ],
          [
            116.3345744,
            39.9816279
          ],
          [
            116.3342855,
            39.9816156
          ],
          [
            116.3339919,
            39.9816071
          ],
          [
            116.3336822,
            39.9815981
          ],
          [
            116.3337002,
            39.9814177
          ],
          [
            116.3337082,
            39.9813693
          ],
          [
            116.3336334,
            39.9813626
          ],
          [
            116.3333047,
            39.9813342
          ],
          [
            116.3332647,
            39.9813299
          ]
        ]
      }
    },
    {
      "type": "Feature",
      "id": "way/22771900",
      "properties": {
        "highway": "tertiary",
        "name": "学院路",
        "name:en": "Xueyuan Road",
        "name:zh": "学院路",
        "name:zh-Hans": "学院路",
        "name:zh-Hant": "學院路",
        "oneway": "yes",
        "osm_id": "22771900",
        "osm_type": "way"
      },
      "geometry": {
        "type": "LineString",
        "coordinates": [
          [
            116.3470517,
            39.9850152
          ],
          [
            116.3470506,
            39.9850014
          ],
          [
            116.3470495,
            39.9849866
          ],
          [
            116.3470528,
            39.9849195
          ],
          [
            116.3471189,
            39.9835725
          ],
          [
            116.3471827,
            39.9832806
          ]
        ]
      }
    },
    {
      "type": "Feature",
      "id": "way/26307123",
      "properties": {
        "highway": "tertiary_link",
        "surface": "asphalt",
        "osm_id": "26307123",
        "osm_type": "way"
      },
      "geometry": {
        "type": "LineString",
        "coordinates": [
          [
            116.3373076,
            39.9751443
          ],
          [
            116.3373049,
            39.9752203
          ]
        ]
      }
    },
    {
      "type": "Feature",
      "id": "way/26679357",
      "properties": {
        "bridge": "yes",
        "highway": "trunk",
        "lanes": "4",
        "layer": "2",
        "name": "北四环中路",
        "name:en": "North 4th Ring Road",
        "name:zh": "北四环中路",
        "name:zh-Hans": "北四环中路",
        "name:zh-Hant": "北四環中路",
        "oneway": "yes",
        "osm_id": "26679357",
        "osm_type": "way"
      },
      "geometry": {
        "type": "LineString",
        "coordinates": [
          [
            116.3439853,
            39.9853012
          ],
          [
            116.3467163,
            39.9854083
          ],
          [
            116.3479791,
            39.985453
          ],
          [
            116.3508531,
            39.9855326
          ]
        ]
      }
    },
    {
      "type": "Feature",
      "id": "way/26679371",
      "properties": {
        "bridge": "yes",
        "highway": "trunk",
        "lanes": "4",
        "layer": "2",
        "name": "北四环中路",
        "name:en": "North 4th Ring Road",
        "name:zh": "北四环中路",
        "name:zh-Hans": "北四环中路",
        "name:zh-Hant": "北四環中路",
        "oneway": "yes",
        "osm_id": "26679371",
        "osm_type": "way"
      },
      "geometry": {
        "type": "LineString",
        "coordinates": [
          [
            116.3508425,
            39.9857012
          ],
          [
            116.3479723,
            39.9856187
          ],
          [
            116.3470413,
            39.9855908
          ],
          [
            116.3467163,
            39.9855792
          ],
          [
            116.3439757,
            39.9854679
          ]
        ]
      }
    },
    {
      "type": "Feature",
      "id": "way/26679382",
      "properties": {
        "highway": "tertiary",
        "junction": "roundabout",
        "maxheight": "2.5",
        "osm_id": "26679382",
        "osm_type": "way"
      },
      "geometry": {
        "type": "LineString",
        "coordinates": [
          [
            116.3467685,
            39.9857998
          ],
          [
            116.3467686,
            39.9851371
          ]
        ]
      }
    },
    {
      "type": "Feature",
      "id": "way/26679404",
      "properties": {
        "bridge": "yes",
        "highway": "trunk",
        "layer": "1",
        "name": "学院路",
        "name:en": "Xueyuan Road",
        "name:zh": "学院路",
        "name:zh-Hans": "学院路",
        "name:zh-Hant": "學院路",
        "oneway": "yes",
        "osm_id": "26679404",
        "osm_type": "way"
      },
      "geometry": {
        "type": "LineString",
        "coordinates": [
          [
            116.3474525,
            39.983968
          ],
          [
            116.3474046,
            39.9851052
          ],
          [
            116.3473973,
            39.9852797
          ]
        ]
      }
    },
    {
      "type": "Feature",
      "id": "way/26679424",
      "properties": {
        "highway": "trunk",
        "name": "学院路",
        "name:en": "Xueyuan Road",
        "name:zh": "学院路",
        "name:zh-Hans": "学院路",
        "name:zh-Hant": "學院路",
        "oneway": "yes",
        "osm_id": "26679424",
        "osm_type": "way"
      },
      "geometry": {
        "type": "LineString",
        "coordinates": [
          [
            116.3472606,
            39.9839648
          ],
          [
            116.347267,
            39.9837934
          ]
        ]
      }
    },
    {
      "type": "Feature",
      "id": "way/26679430",
      "properties": {
        "bridge": "yes",
        "highway": "trunk",
        "layer": "1",
        "name": "学知桥",
        "name:en": "Xuezhi Bridge",
        "name:zh": "学知桥",
        "name:zh-Hans": "学知桥",
        "name:zh-Hant": "學知橋",
        "oneway": "yes",
        "osm_id": "26679430",
        "osm_type": "way"
      },
      "geometry": {
        "type": "LineString",
        "coordinates": [
          [
            116.3477942,
            39.976316
          ],
          [
            116.3477672,
            39.9760204
          ],
          [
            116.3477128,
            39.9757895
          ],
          [
            116.3476334,
            39.9755619
          ],
          [
            116.3469822,
            39.9742708
          ],
          [
            116.3468963,
            39.9739754
          ],
          [
            116.3468762,
            39.9735287
          ]
        ]
      }
    },
    {
      "type": "Feature",
      "id": "way/26679432",
      "properties": {
        "bridge": "yes",
        "highway": "trunk",
        "layer": "1",
        "name": "学知桥",
        "name:en": "Xuezhi Bridge",
        "name:zh": "学知桥",
        "name:zh-Hans": "学知桥",
        "name:zh-Hant": "學知橋",
        "oneway": "yes",
        "osm_id": "26679432",
        "osm_type": "way"
      },
      "geometry": {
        "type": "LineString",
        "coordinates": [
          [
            116.3480688,
            39.9737505
          ],
          [
            116.3479189,
            39.9763161
          ]
        ]
      }
    },
    {
      "type": "Feature",
      "id": "way/28440852",
      "properties": {
        "highway": "trunk_link",
        "oneway": "yes",
        "osm_id": "28440852",
        "osm_type": "way"
      },
      "geometry": {
        "type": "LineString",
        "coordinates": [
          [
            116.3377852,
            39.9849792
          ],
          [
            116.3386877,
            39.9851479
          ]
        ]
      }
    },
    {
      "type": "Feature",
      "id": "way/41656965",
      "properties": {
        "highway": "tertiary",
        "name": "花园北路",
        "name:zh": "花园北路",
        "name:zh-Hans": "花园北路",
        "name:zh-Hant": "花園北路",
        "oneway": "yes",
        "osm_id": "41656965",
        "osm_type": "way"
      },
      "geometry": {
        "type": "LineString",
        "coordinates": [
          [
            116.3478622,
            39.9800223
          ],
          [
            116.3487017,
            39.9800448
          ],
          [
            116.3491206,
            39.9800571
          ],
          [
            116.3497614,
            39.9801184
          ],
          [
            116.3500634,
            39.9801279
          ],
          [
            116.3515115,
            39.9801751
          ],
          [
            116.3517554,
            39.9801854
          ],
          [
            116.3525217,
            39.9802177
          ],
          [
            116.3527439,
            39.980227
          ],
          [
            116.3537791,
            39.9802507
          ],
          [
            116.3539899,
            39.9802545
          ],
          [
            116.3543555,
            39.9802612
          ],
          [
            116.3547057,
            39.9802648
          ],
          [
            116.3556841,
            39.9802984
          ],
          [
            116.3557762,
            39.9803378
          ],
          [
            116.3571484,
            39.9803787
          ],
          [
            116.3576119,
            39.9803925
          ],
          [
            116.3582444,
            39.9804114
          ],
          [
            116.3592528,
            39.9804415
          ],
          [
            116.3593057,
            39.9804278
          ],
          [
            116.3593895,
            39.9804061
          ],
          [
            116.3594874,
            39.980409
          ]
        ]
      }
    },
    {
      "type": "Feature",
      "id": "way/42362962",
      "properties": {
        "bridge": "yes",
        "highway": "footway",
        "layer": "1",
        "osm_id": "42362962",
        "osm_type": "way"
      },
      "geometry": {
        "type": "LineString",
        "coordinates": [
          [
            116.3474317,
            39.977992
          ],
          [
            116.3481199,
            39.9780051
          ]
        ]
      }
    },
    {
      "type": "Feature",
      "id": "way/42362966",
      "properties": {
        "bridge": "yes",
        "highway": "footway",
        "layer": "1",
        "osm_id": "42362966",
        "osm_type": "way"
      },
      "geometry": {
        "type": "LineString",
        "coordinates": [
          [
            116.3472027,
            39.9820762
          ],
          [
            116.3473652,
            39.9820853
          ],
          [
            116.3476621,
            39.9821019
          ],
          [
            116.3478165,
            39.9821106
          ]
        ]
      }
    },
    {
      "type": "Feature",
      "id": "way/42454112",
      "properties": {
        "bridge": "yes",
        "highway": "footway",
        "layer": "1",
        "osm_id": "42454112",
        "osm_type": "way"
      },
      "geometry": {
        "type": "LineString",
        "coordinates": [
          [
            116.3418711,
            39.9856587
          ],
          [
            116.3419127,
            39.9849777
          ]
        ]
      }
    },
    {
      "type": "Feature",
      "id": "way/42454165",
      "properties": {
        "bridge": "yes",
        "highway": "secondary",
        "layer": "1",
        "name": "大运村路",
        "oneway": "yes",
        "osm_id": "42454165",
        "osm_type": "way"
      },
      "geometry": {
        "type": "LineString",
        "coordinates": [
          [
            116.3345037,
            39.9853687
          ],
          [
            116.3345374,
            39.9847768
          ],
          [
            116.3345412,
            39.9846981
          ]
        ]
      }
    },
    {
      "type": "Feature",
      "id": "way/42454168",
      "properties": {
        "highway": "secondary",
        "name": "展春园西路",
        "name:zh": "展春园西路",
        "name:zh-Hans": "展春园西路",
        "name:zh-Hant": "展春園西路",
        "oneway": "yes",
        "surface": "asphalt",
        "osm_id": "42454168",
        "osm_type": "way"
      },
      "geometry": {
        "type": "LineString",
        "coordinates": [
          [
            116.3341782,
            39.9915695
          ],
          [
            116.3341831,
            39.9914937
          ],
          [
            116.3342072,
            39.9909759
          ],
          [
            116.3342717,
            39.9895911
          ],
          [
            116.3342761,
            39.9894837
          ],
          [
            116.3344266,
            39.9867035
          ],
          [
            116.3344396,
            39.9864627
          ],
          [
            116.3344909,
            39.9855151
          ],
          [
            116.3344926,
            39.985484
          ],
          [
            116.3344996,
            39.9854469
          ]
        ]
      }
    },
    {
      "type": "Feature",
      "id": "way/42943243",
      "properties": {
        "cycleway": "lane",
        "highway": "service",
        "lanes": "2",
        "lanes:both_ways": "1",
        "lit": "yes",
        "maxspeed": "20",
        "name": "校园东路",
        "name:zh": "校园东路",
        "name:zh-Hans": "校园东路",
        "name:zh-Hant": "校園東路",
        "oneway": "no",
        "parking": "no",
        "sidewalk": "both",
        "surface": "asphalt",
        "turn:lanes:forward": "through;right",
        "osm_id": "42943243",
        "osm_type": "way"
      },
      "geometry": {
        "type": "LineString",
        "coordinates": [
          [
            116.3415775,
            39.9851261
          ],
          [
            116.3415856,
            39.9849663
          ],
          [
            116.3415912,
            39.9848574
          ],
          [
            116.3416101,
            39.9844051
          ],
          [
            116.3416346,
            39.9837273
          ],
          [
            116.3416522,
            39.9834226
          ],
          [
            116.3416558,
            39.9833803
          ],
          [
            116.3416604,
            39.9832941
          ],
          [
            116.3416617,
            39.9832724
          ],
          [
            116.3417094,
            39.9820389
          ],
          [
            116.3417135,
            39.981932
          ],
          [
            116.3417139,
            39.9818893
          ]
        ]
      }
    },
    {
      "type": "Feature",
      "id": "way/42943244",
      "properties": {
        "highway": "residential",
        "maxspeed": "20",
        "name": "校园西路",
        "name:zh": "校园西路",
        "name:zh-Hans": "校园西路",
        "name:zh-Hant": "校園西路",
        "oneway": "no",
        "osm_id": "42943244",
        "osm_type": "way"
      },
      "geometry": {
        "type": "LineString",
        "coordinates": [
          [
            116.3383053,
            39.9779347
          ],
          [
            116.3382561,
            39.977974
          ],
          [
            116.3382083,
            39.9788288
          ],
          [
            116.3381526,
            39.979827
          ],
          [
            116.3381519,
            39.9798802
          ],
          [
            116.3381367,
            39.9803046
          ],
          [
            116.3380775,
            39.9814268
          ],
          [
            116.3380572,
            39.9817699
          ],
          [
            116.3379865,
            39.9832824
          ],
          [
            116.3379702,
            39.9836361
          ],
          [
            116.3379647,
            39.9837331
          ],
          [
            116.3379345,
            39.9842649
          ],
          [
            116.3378949,
            39.984747
          ],
          [
            116.3378961,
            39.9848262
          ]
        ]
      }
    },
    {
      "type": "Feature",
      "id": "way/72592100",
      "properties": {
        "building": "train_station",
        "layer": "1",
        "name": "知春路",
        "name:zh": "知春路",
        "name:zh-Hans": "知春路",
        "name:zh-Hant": "知春路",
        "osm_id": "72592100",
        "osm_type": "way"
      },
      "geometry": {
        "type": "Polygon",
        "coordinates": [
          [
            [
              116.333939,
              39.9758742
            ],
            [
              116.3340411,
              39.9752931
            ],
            [
              116.3341151,
              39.9748778
            ],
            [
              116.3341701,
              39.9745566
            ],
            [
              116.3338363,
              39.9745295
            ],
            [
              116.3336188,
              39.9758425
            ],
            [
              116.333939,
              39.9758742
            ]
          ]
        ]
      }
    },
    {
      "type": "Feature",
      "id": "way/88777864",
      "properties": {
        "amenity": "library",
        "building": "yes",
        "internet_access": "wlan",
        "internet_access:fee": "no",
        "internet_access:ssid": "BUAA-WiFi-Free",
        "name": "北航图书馆",
        "name:de": "Bibliothek",
        "name:en": "Library Of Beihang University",
        "name:zh": "北航图书馆",
        "name:zh-Hans": "北航图书馆",
        "name:zh-Hant": "北航圖書館",
        "website": "https://lib.buaa.edu.cn/",
        "osm_id": "88777864",
        "osm_type": "way"
      },
      "geometry": {
        "type": "Polygon",
        "coordinates": [
          [
            [
              116.3419295,
              39.9827694
            ],
            [
              116.3419476,
              39.9822459
            ],
            [
              116.3420653,
              39.9822483
            ],
            [
              116.3420671,
              39.9821958
            ],
            [
              116.342634,
              39.9822079
            ],
            [
              116.343166,
              39.9822193
            ],
            [
              116.343158,
              39.9822907
            ],
            [
              116.3431598,
              39.9823843
            ],
            [
              116.3430016,
              39.9823818
            ],
            [
              116.3429776,
              39.9828005
            ],
            [
              116.3429748,
              39.9828828
            ],
            [
              116.3421516,
              39.982866
            ],
            [
              116.3421578,
              39.9826866
            ],
            [
              116.3421085,
              39.9826856
            ],
            [
              116.3421054,
              39.982773
            ],
            [
              116.3419295,
              39.9827694
            ]
          ]
        ]
      }
    },
    {
      "type": "Feature",
      "id": "way/88777865",
      "properties": {
        "dog": "no",
        "leisure": "park",
        "name": "绿园",
        "name:zh": "绿园",
        "name:zh-Hans": "绿园",
        "name:zh-Hant": "綠園",
        "osm_id": "88777865",
        "osm_type": "way"
      },
      "geometry": {
        "type": "Polygon",
        "coordinates": [
          [
            [
              116.3390162,
              39.9829827
            ],
            [
              116.3386233,
              39.9829705
            ],
            [
              116.3386193,
              39.9830229
            ],
            [
              116.3386931,
              39.9830249
            ],
            [
              116.3386904,
              39.9830404
            ],
            [
              116.3383893,
              39.9830316
            ],
            [
              116.3383873,
              39.9830655
            ],
            [
              116.338347,
              39.9830645
            ],
            [
              116.3383524,
              39.982972
            ],
            [
              116.3384939,
              39.9829767
            ],
            [
              116.3384973,
              39.9828842
            ],
            [
              116.3384443,
              39.9828826
            ],
            [
              116.3384449,
              39.9828549
            ],
            [
              116.33829,
              39.9828503
            ],
            [
              116.3382887,
              39.9828348
            ],
            [
              116.3382451,
              39.9828328
            ],
            [
              116.3382458,
              39.9828117
            ],
            [
              116.3381117,
              39.9828092
            ],
            [
              116.3381083,
              39.9828838
            ],
            [
              116.3380755,
              39.9828837
            ],
            [
              116.3380916,
              39.9825507
            ],
            [
              116.3380922,
              39.9825286
            ],
            [
              116.3380936,
              39.9825045
            ],
            [
              116.3380942,
              39.9824783
            ],
            [
              116.3381177,
              39.981911
            ],
            [
              116.3381878,
              39.9818601
            ],
            [
              116.3399316,
              39.9819031
            ],
            [
              116.3408641,
              39.981915
            ],
            [
              116.3415035,
              39.9819487
            ],
            [
              116.3416335,
              39.9820998
            ],
            [
              116.3415919,
              39.9832117
            ],
            [
              116.3415188,
              39.983212
            ],
            [
              116.3415201,
              39.9831298
            ],
            [
              116.3413095,
              39.9831246
            ],
            [
              116.3413015,
              39.983288
            ],
            [
              116.3414356,
              39.9832901
            ],
            [
              116.3414316,
              39.9833301
            ],
            [
              116.3406285,
              39.9833072
            ],
            [
              116.3398583,
              39.9832845
            ],
            [
              116.3381206,
              39.9832368
            ],
            [
              116.3380909,
              39.9832264
            ],
            [
              116.3380694,
              39.9832068
            ],
            [
              116.338059,
              39.9831891
            ],
            [
              116.3380574,
              39.9831752
            ],
            [
              116.338059,
              39.9831521
            ],
            [
              116.3380715,
              39.9831704
            ],
            [
              116.3380855,
              39.9831847
            ],
            [
              116.3380993,
              39.9831963
            ],
            [
              116.3381184,
              39.9832073
            ],
            [
              116.3381352,
              39.9832143
            ],
            [
              116.3381596,
              39.9832215
            ],
            [
              116.3381814,
              39.9832246
            ],
            [
              116.3382025,
              39.9832256
            ],
            [
              116.3382237,
              39.9832246
            ],
            [
              116.3382495,
              39.9832194
            ],
            [
              116.3382699,
              39.9832127
            ],
            [
              116.3382874,
              39.983204
            ],
            [
              116.3383011,
              39.9831948
            ],
            [
              116.3383212,
              39.9831765
            ],
            [
              116.3383356,
              39.9831575
            ],
            [
              116.3383836,
              39.9831583
            ],
            [
              116.3383802,
              39.9832243
            ],
            [
              116.3390082,
              39.9832407
            ],
            [
              116.3390122,
              39.9831883
            ],
            [
              116.3392362,
              39.9831935
            ],
            [
              116.3392402,
              39.983026
            ],
            [
              116.3391068,
              39.9830229
            ],
            [
              116.3390162,
              39.9829827
            ]
          ]
        ]
      }
    },
    {
      "type": "Feature",
      "id": "way/88777866",
      "properties": {
        "building": "dormitory",
        "name": "1公寓",
        "osm_id": "88777866",
        "osm_type": "way"
      },
      "geometry": {
        "type": "Polygon",
        "coordinates": [
          [
            [
              116.3383064,
              39.9801791
            ],
            [
              116.3386963,
              39.9801952
            ],
            [
              116.3390885,
              39.9802069
            ],
            [
              116.3390973,
              39.9800625
            ],
            [
              116.3383152,
              39.9800347
            ],
            [
              116.3383064,
              39.9801791
            ]
          ]
        ]
      }
    },
    {
      "type": "Feature",
      "id": "way/88777867",
      "properties": {
        "landuse": "residential",
        "name": "大运村学生公寓",
        "name:de": "DaYunCun Studentenwohnheime",
        "name:en": "DaYunCun, Dorms",
        "name:zh": "大运村学生公寓",
        "name:zh-Hans": "大运村学生公寓",
        "name:zh-Hant": "大運村學生公寓",
        "residential": "apartments",
        "osm_id": "88777867",
        "osm_type": "way"
      },
      "geometry": {
        "type": "Polygon",
        "coordinates": [
          [
            [
              116.3363033,
              39.9768915
            ],
            [
              116.3369301,
              39.9770309
            ],
            [
              116.3373003,
              39.9770361
            ],
            [
              116.3374308,
              39.9770379
            ],
            [
              116.3375076,
              39.977039
            ],
            [
              116.3379447,
              39.9770452
            ],
            [
              116.3384152,
              39.9769459
            ],
            [
              116.3392265,
              39.9767151
            ],
            [
              116.3392176,
              39.9765092
            ],
            [
              116.3392171,
              39.9764712
            ],
            [
              116.3392163,
              39.9764045
            ],
            [
              116.3391339,
              39.9764041
            ],
            [
              116.3390628,
              39.9764037
            ],
            [
              116.339008,
              39.9764034
            ],
            [
              116.3389924,
              39.9764033
            ],
            [
              116.3389403,
              39.976403
            ],
            [
              116.3388914,
              39.9763965
            ],
            [
              116.3388615,
              39.9763926
            ],
            [
              116.3388343,
              39.9763891
            ],
            [
              116.3388046,
              39.9763852
            ],
            [
              116.3387355,
              39.9763761
            ],
            [
              116.3387268,
              39.9763749
            ],
            [
              116.3387197,
              39.976374
            ],
            [
              116.3385212,
              39.9763137
            ],
            [
              116.338348,
              39.9762074
            ],
            [
              116.3383101,
              39.9761036
            ],
            [
              116.3383543,
              39.9759901
            ],
            [
              116.3385086,
              39.9758791
            ],
            [
              116.3386315,
              39.975839
            ],
            [
              116.3384975,
              39.9756612
            ],
            [
              116.3380296,
              39.97565
            ],
            [
              116.3380309,
              39.9754031
            ],
            [
              116.3380114,
              39.9754036
            ],
            [
              116.3377826,
              39.9754092
            ],
            [
              116.3375722,
              39.9754053
            ],
            [
              116.3373669,
              39.9754297
            ],
            [
              116.337254,
              39.9754582
            ],
            [
              116.3370655,
              39.9755649
            ],
            [
              116.3368178,
              39.9757195
            ],
            [
              116.3367861,
              39.9757392
            ],
            [
              116.3367589,
              39.9757562
            ],
            [
              116.3366298,
              39.9758368
            ],
            [
              116.3365232,
              39.9759108
            ],
            [
              116.3364618,
              39.9759534
            ],
            [
              116.3363687,
              39.976018
            ],
            [
              116.3361776,
              39.976171
            ],
            [
              116.336061,
              39.9762864
            ],
            [
              116.3359285,
              39.9764613
            ],
            [
              116.3358758,
              39.9765309
            ],
            [
              116.3357823,
              39.9766384
            ],
            [
              116.3363033,
              39.9768915
            ]
          ]
        ]
      }
    },
    {
      "type": "Feature",
      "id": "way/88777868",
      "properties": {
        "cycleway": "lane",
        "highway": "service",
        "lanes": "2",
        "lanes:both_ways": "1",
        "maxspeed": "20",
        "name": "校园南路",
        "name:zh": "校园南路",
        "name:zh-Hans": "校园南路",
        "name:zh-Hant": "校園南路",
        "oneway": "no",
        "parking": "no",
        "sidewalk": "both",
        "surface": "asphalt",
        "turn:lanes:forward": "left;through;right",
        "osm_id": "88777868",
        "osm_type": "way"
      },
      "geometry": {
        "type": "LineString",
        "coordinates": [
          [
            116.3381526,
            39.979827
          ],
          [
            116.3388814,
            39.9798483
          ],
          [
            116.3391097,
            39.979855
          ],
          [
            116.3391908,
            39.9798573
          ],
          [
            116.3401348,
            39.9798849
          ],
          [
            116.3402943,
            39.9798896
          ],
          [
            116.3407972,
            39.9799043
          ],
          [
            116.3417588,
            39.9799324
          ],
          [
            116.3418186,
            39.9799341
          ]
        ]
      }
    },
    {
      "type": "Feature",
      "id": "way/103562825",
      "properties": {
        "highway": "service",
        "lanes": "2",
        "lanes:both_ways": "1",
        "name": "科技园路",
        "name:zh": "科技园路",
        "name:zh-Hans": "科技园路",
        "name:zh-Hant": "科技園路",
        "surface": "asphalt",
        "turn:lanes:backward": "left;right",
        "osm_id": "103562825",
        "osm_type": "way"
      },
      "geometry": {
        "type": "LineString",
        "coordinates": [
          [
            116.3439482,
            39.9799963
          ],
          [
            116.343952,
            39.9799201
          ],
          [
            116.3439726,
            39.979512
          ],
          [
            116.3439981,
            39.9790518
          ],
          [
            116.344041,
            39.9783947
          ],
          [
            116.3440443,
            39.9783781
          ],
          [
            116.3440625,
            39.9780088
          ],
          [
            116.3441246,
            39.976958
          ],
          [
            116.344197,
            39.9758871
          ],
          [
            116.3442246,
            39.9752394
          ],
          [
            116.3442298,
            39.9751592
          ]
        ]
      }
    },
    {
      "type": "Feature",
      "id": "way/103562826",
      "properties": {
        "highway": "residential",
        "osm_id": "103562826",
        "osm_type": "way"
      },
      "geometry": {
        "type": "LineString",
        "coordinates": [
          [
            116.3369847,
            39.977563
          ],
          [
            116.3369674,
            39.9779328
          ],
          [
            116.3368716,
            39.9797896
          ]
        ]
      }
    },
    {
      "type": "Feature",
      "id": "way/103562827",
      "properties": {
        "highway": "service",
        "osm_id": "103562827",
        "osm_type": "way"
      },
      "geometry": {
        "type": "LineString",
        "coordinates": [
          [
            116.3348937,
            39.9835449
          ],
          [
            116.3356285,
            39.9835621
          ],
          [
            116.3359151,
            39.9835688
          ],
          [
            116.337074,
            39.9836071
          ],
          [
            116.3379702,
            39.9836361
          ]
        ]
      }
    },
    {
      "type": "Feature",
      "id": "way/103562828",
      "properties": {
        "highway": "service",
        "osm_id": "103562828",
        "osm_type": "way"
      },
      "geometry": {
        "type": "LineString",
        "coordinates": [
          [
            116.3369714,
            39.984219
          ],
          [
            116.3370126,
            39.9838947
          ],
          [
            116.3370181,
            39.9838384
          ],
          [
            116.3370576,
            39.9837693
          ],
          [
            116.337074,
            39.9836071
          ]
        ]
      }
    },
    {
      "type": "Feature",
      "id": "way/103562829",
      "properties": {
        "highway": "residential",
        "osm_id": "103562829",
        "osm_type": "way"
      },
      "geometry": {
        "type": "LineString",
        "coordinates": [
          [
            116.3388681,
            39.9779478
          ],
          [
            116.3388693,
            39.9781128
          ],
          [
            116.3388344,
            39.9787453
          ],
          [
            116.3388212,
            39.978985
          ],
          [
            116.3387946,
            39.979468
          ],
          [
            116.3387923,
            39.9794992
          ],
          [
            116.3387963,
            39.9795423
          ],
          [
            116.3388039,
            39.9795843
          ],
          [
            116.3388256,
            39.9796452
          ],
          [
            116.3388578,
            39.9797625
          ],
          [
            116.3388814,
            39.9798483
          ]
        ]
      }
    },
    {
      "type": "Feature",
      "id": "way/103562834",
      "properties": {
        "highway": "service",
        "osm_id": "103562834",
        "osm_type": "way"
      },
      "geometry": {
        "type": "LineString",
        "coordinates": [
          [
            116.3470179,
            39.978684
          ],
          [
            116.3472802,
            39.9786795
          ],
          [
            116.3475308,
            39.9786763
          ]
        ]
      }
    },
    {
      "type": "Feature",
      "id": "way/103562838",
      "properties": {
        "highway": "service",
        "surface": "asphalt",
        "osm_id": "103562838",
        "osm_type": "way"
      },
      "geometry": {
        "type": "LineString",
        "coordinates": [
          [
            116.3419145,
            39.9779582
          ],
          [
            116.3419864,
            39.9779588
          ],
          [
            116.3423593,
            39.9779698
          ],
          [
            116.3427223,
            39.9779779
          ],
          [
            116.3433948,
            39.9779928
          ],
          [
            116.3436669,
            39.9779989
          ],
          [
            116.3440625,
            39.9780088
          ],
          [
            116.3442432,
            39.9780162
          ],
          [
            116.346397,
            39.9780641
          ],
          [
            116.3470173,
            39.9780779
          ],
          [
            116.3470501,
            39.9781836
          ],
          [
            116.3470179,
            39.978684
          ],
          [
            116.346945,
            39.9798152
          ],
          [
            116.346853,
            39.9798504
          ]
        ]
      }
    },
    {
      "type": "Feature",
      "id": "way/103562940",
      "properties": {
        "highway": "service",
        "surface": "asphalt",
        "osm_id": "103562940",
        "osm_type": "way"
      },
      "geometry": {
        "type": "LineString",
        "coordinates": [
          [
            116.3419502,
            39.9769032
          ],
          [
            116.3420407,
            39.9769042
          ],
          [
            116.34276,
            39.9769226
          ],
          [
            116.3441246,
            39.976958
          ]
        ]
      }
    },
    {
      "type": "Feature",
      "id": "way/106620117",
      "properties": {
        "bridge": "yes",
        "handrail": "yes",
        "handrail:left": "yes",
        "handrail:right": "yes",
        "highway": "steps",
        "layer": "1",
        "ramp": "yes",
        "ramp:bicycle": "yes",
        "osm_id": "106620117",
        "osm_type": "way"
      },
      "geometry": {
        "type": "LineString",
        "coordinates": [
          [
            116.3376021,
            39.9751925
          ],
          [
            116.3378902,
            39.975201
          ]
        ]
      }
    },
    {
      "type": "Feature",
      "id": "way/106620135",
      "properties": {
        "bridge": "yes",
        "highway": "footway",
        "layer": "1",
        "name": "大运会公寓南天桥",
        "osm_id": "106620135",
        "osm_type": "way"
      },
      "geometry": {
        "type": "LineString",
        "coordinates": [
          [
            116.3376795,
            39.9749116
          ],
          [
            116.3378986,
            39.9749137
          ],
          [
            116.3378902,
            39.975201
          ]
        ]
      }
    },
    {
      "type": "Feature",
      "id": "way/109349921",
      "properties": {
        "highway": "tertiary",
        "oneway": "yes",
        "osm_id": "109349921",
        "osm_type": "way"
      },
      "geometry": {
        "type": "LineString",
        "coordinates": [
          [
            116.3346496,
            39.9846289
          ],
          [
            116.334791,
            39.9846345
          ],
          [
            116.3367522,
            39.984747
          ],
          [
            116.3377779,
            39.9847966
          ],
          [
            116.3378961,
            39.9848262
          ],
          [
            116.3379424,
            39.9848459
          ],
          [
            116.3385813,
            39.9850134
          ]
        ]
      }
    },
    {
      "type": "Feature",
      "id": "way/120426538",
      "properties": {
        "highway": "tertiary_link",
        "oneway": "yes",
        "osm_id": "120426538",
        "osm_type": "way"
      },
      "geometry": {
        "type": "LineString",
        "coordinates": [
          [
            116.3445204,
            39.9852171
          ],
          [
            116.3448664,
            39.9850593
          ],
          [
            116.3467514,
            39.9851364
          ],
          [
            116.3467686,
            39.9851371
          ]
        ]
      }
    },
    {
      "type": "Feature",
      "id": "way/120426539",
      "properties": {
        "bridge": "yes",
        "highway": "steps",
        "incline": "down",
        "layer": "1",
        "osm_id": "120426539",
        "osm_type": "way"
      },
      "geometry": {
        "type": "LineString",
        "coordinates": [
          [
            116.3473173,
            39.9803914
          ],
          [
            116.3473237,
            39.9803197
          ],
          [
            116.3473169,
            39.9802988
          ],
          [
            116.3472931,
            39.9802977
          ],
          [
            116.3472668,
            39.9803147
          ],
          [
            116.3472505,
            39.9804819
          ]
        ]
      }
    },
    {
      "type": "Feature",
      "id": "way/120426542",
      "properties": {
        "highway": "trunk_link",
        "oneway": "yes",
        "osm_id": "120426542",
        "osm_type": "way"
      },
      "geometry": {
        "type": "LineString",
        "coordinates": [
          [
            116.3477269,
            39.9779404
          ],
          [
            116.3476462,
            39.9776141
          ],
          [
            116.3476559,
            39.9766706
          ],
          [
            116.3476711,
            39.9762586
          ]
        ]
      }
    },
    {
      "type": "Feature",
      "id": "way/120426543",
      "properties": {
        "highway": "tertiary",
        "name": "北四环中路",
        "name:zh": "北四环中路",
        "name:zh-Hans": "北四环中路",
        "name:zh-Hant": "北四環中路",
        "oneway": "yes",
        "osm_id": "120426543",
        "osm_type": "way"
      },
      "geometry": {
        "type": "LineString",
        "coordinates": [
          [
            116.3442196,
            39.9856054
          ],
          [
            116.3423679,
            39.9855531
          ],
          [
            116.3418541,
            39.9855422
          ],
          [
            116.3406796,
            39.9855232
          ],
          [
            116.3401091,
            39.9855078
          ],
          [
            116.3398683,
            39.9855007
          ],
          [
            116.3396673,
            39.9854945
          ],
          [
            116.3393235,
            39.9854863
          ],
          [
            116.3389635,
            39.9854735
          ]
        ]
      }
    },
    {
      "type": "Feature",
      "id": "way/120426546",
      "properties": {
        "bridge": "yes",
        "highway": "tertiary",
        "layer": "1",
        "name": "北四环中路",
        "name:en": "North 4th Ring Road",
        "name:zh": "北四环中路",
        "name:zh-Hans": "北四环中路",
        "name:zh-Hant": "北四環中路",
        "oneway": "yes",
        "osm_id": "120426546",
        "osm_type": "way"
      },
      "geometry": {
        "type": "LineString",
        "coordinates": [
          [
            116.345156,
            39.9852208
          ],
          [
            116.3470154,
            39.9852662
          ],
          [
            116.3470635,
            39.9852681
          ],
          [
            116.347197,
            39.9852733
          ]
        ]
      }
    },
    {
      "type": "Feature",
      "id": "way/120491943",
      "properties": {
        "highway": "trunk_link",
        "oneway": "yes",
        "osm_id": "120491943",
        "osm_type": "way"
      },
      "geometry": {
        "type": "LineString",
        "coordinates": [
          [
            116.3475006,
            39.9833609
          ],
          [
            116.3476397,
            39.9837881
          ]
        ]
      }
    },
    {
      "type": "Feature",
      "id": "way/120491952",
      "properties": {
        "highway": "trunk_link",
        "oneway": "yes",
        "osm_id": "120491952",
        "osm_type": "way"
      },
      "geometry": {
        "type": "LineString",
        "coordinates": [
          [
            116.347267,
            39.9837934
          ],
          [
            116.3471827,
            39.9832806
          ]
        ]
      }
    },
    {
      "type": "Feature",
      "id": "way/120491957",
      "properties": {
        "highway": "trunk_link",
        "oneway": "yes",
        "osm_id": "120491957",
        "osm_type": "way"
      },
      "geometry": {
        "type": "LineString",
        "coordinates": [
          [
            116.3475051,
            39.9789847
          ],
          [
            116.347646,
            39.9787307
          ]
        ]
      }
    },
    {
      "type": "Feature",
      "id": "way/120491969",
      "properties": {
        "highway": "trunk_link",
        "oneway": "yes",
        "osm_id": "120491969",
        "osm_type": "way"
      },
      "geometry": {
        "type": "LineString",
        "coordinates": [
          [
            116.3478473,
            39.9804556
          ],
          [
            116.3476957,
            39.9807533
          ]
        ]
      }
    },
    {
      "type": "Feature",
      "id": "way/120491977",
      "properties": {
        "highway": "tertiary_link",
        "maxheight": "3.6",
        "oneway": "yes",
        "osm_id": "120491977",
        "osm_type": "way"
      },
      "geometry": {
        "type": "LineString",
        "coordinates": [
          [
            116.3475168,
            39.9756373
          ],
          [
            116.3481111,
            39.9756417
          ]
        ]
      }
    },
    {
      "type": "Feature",
      "id": "way/120491984",
      "properties": {
        "bridge": "yes",
        "highway": "steps",
        "layer": "1",
        "osm_id": "120491984",
        "osm_type": "way"
      },
      "geometry": {
        "type": "LineString",
        "coordinates": [
          [
            116.3471982,
            39.9822169
          ],
          [
            116.3472027,
            39.9820762
          ],
          [
            116.3472117,
            39.9817954
          ]
        ]
      }
    },
    {
      "type": "Feature",
      "id": "way/120491989",
      "properties": {
        "bridge": "yes",
        "highway": "steps",
        "layer": "1",
        "osm_id": "120491989",
        "osm_type": "way"
      },
      "geometry": {
        "type": "LineString",
        "coordinates": [
          [
            116.347806,
            39.982237
          ],
          [
            116.3478165,
            39.9821106
          ],
          [
            116.3478378,
            39.9818531
          ]
        ]
      }
    },
    {
      "type": "Feature",
      "id": "way/120492004",
      "properties": {
        "highway": "trunk",
        "name": "学院路",
        "name:en": "Xueyuan Road",
        "name:zh": "学院路",
        "name:zh-Hans": "学院路",
        "name:zh-Hant": "學院路",
        "oneway": "yes",
        "osm_id": "120492004",
        "osm_type": "way"
      },
      "geometry": {
        "type": "LineString",
        "coordinates": [
          [
            116.3479189,
            39.9763161
          ],
          [
            116.3478219,
            39.9778395
          ],
          [
            116.3478337,
            39.9781062
          ]
        ]
      }
    },
    {
      "type": "Feature",
      "id": "way/121980931",
      "properties": {
        "highway": "primary",
        "oneway": "yes",
        "osm_id": "121980931",
        "osm_type": "way"
      },
      "geometry": {
        "type": "LineString",
        "coordinates": [
          [
            116.3481255,
            39.9752192
          ],
          [
            116.3473024,
            39.975213
          ]
        ]
      }
    },
    {
      "type": "Feature",
      "id": "way/121981776",
      "properties": {
        "highway": "service",
        "osm_id": "121981776",
        "osm_type": "way"
      },
      "geometry": {
        "type": "LineString",
        "coordinates": [
          [
            116.3326447,
            39.9845649
          ],
          [
            116.3342167,
            39.9846137
          ],
          [
            116.334441,
            39.9846207
          ],
          [
            116.3345432,
            39.9846247
          ]
        ]
      }
    },
    {
      "type": "Feature",
      "id": "way/121981794",
      "properties": {
        "highway": "footway",
        "osm_id": "121981794",
        "osm_type": "way"
      },
      "geometry": {
        "type": "LineString",
        "coordinates": [
          [
            116.3344576,
            39.9811104
          ],
          [
            116.3345504,
            39.9806033
          ],
          [
            116.3346958,
            39.9798087
          ],
          [
            116.3347673,
            39.9792833
          ],
          [
            116.3348211,
            39.9787868
          ],
          [
            116.3348441,
            39.9785738
          ],
          [
            116.3348491,
            39.978528
          ],
          [
            116.3347779,
            39.9784557
          ],
          [
            116.3346046,
            39.97828
          ],
          [
            116.3345093,
            39.9781834
          ],
          [
            116.3343588,
            39.9780308
          ],
          [
            116.3343239,
            39.9779954
          ],
          [
            116.334285,
            39.9779559
          ],
          [
            116.3339013,
            39.9776031
          ],
          [
            116.3337491,
            39.9775754
          ]
        ]
      }
    },
    {
      "type": "Feature",
      "id": "way/121982781",
      "properties": {
        "highway": "service",
        "osm_id": "121982781",
        "osm_type": "way"
      },
      "geometry": {
        "type": "LineString",
        "coordinates": [
          [
            116.3351151,
            39.9777453
          ],
          [
            116.3350598,
            39.9777437
          ],
          [
            116.3348972,
            39.9777264
          ]
        ]
      }
    },
    {
      "type": "Feature",
      "id": "way/121982784",
      "properties": {
        "highway": "footway",
        "lit": "yes",
        "osm_id": "121982784",
        "osm_type": "way"
      },
      "geometry": {
        "type": "LineString",
        "coordinates": [
          [
            116.3405731,
            39.9752737
          ],
          [
            116.3395387,
            39.9752625
          ],
          [
            116.3394622,
            39.9753038
          ],
          [
            116.3393813,
            39.9753046
          ],
          [
            116.339261,
            39.9753057
          ],
          [
            116.3386619,
            39.9752956
          ],
          [
            116.3380781,
            39.9752961
          ],
          [
            116.3380115,
            39.9752672
          ],
          [
            116.3379832,
            39.9752669
          ],
          [
            116.3373058,
            39.9752668
          ],
          [
            116.3372294,
            39.9752668
          ],
          [
            116.3342794,
            39.9752385
          ],
          [
            116.334233,
            39.9752336
          ],
          [
            116.3339668,
            39.9752056
          ],
          [
            116.3336449,
            39.9752332
          ],
          [
            116.3334882,
            39.9752355
          ],
          [
            116.3317956,
            39.9752698
          ],
          [
            116.330442,
            39.9753042
          ],
          [
            116.3291116,
            39.9753736
          ]
        ]
      }
    },
    {
      "type": "Feature",
      "id": "way/121982785",
      "properties": {
        "highway": "tertiary",
        "oneway": "yes",
        "osm_id": "121982785",
        "osm_type": "way"
      },
      "geometry": {
        "type": "LineString",
        "coordinates": [
          [
            116.3389635,
            39.9854735
          ],
          [
            116.3384218,
            39.9855235
          ],
          [
            116.3382233,
            39.9855477
          ],
          [
            116.3381592,
            39.9855454
          ],
          [
            116.3372368,
            39.9855124
          ],
          [
            116.3357762,
            39.9854683
          ],
          [
            116.3353517,
            39.9854554
          ],
          [
            116.3349131,
            39.9854423
          ],
          [
            116.3347852,
            39.9854436
          ],
          [
            116.3347337,
            39.9854428
          ],
          [
            116.3346095,
            39.9854432
          ],
          [
            116.3344996,
            39.9854469
          ]
        ]
      }
    },
    {
      "type": "Feature",
      "id": "way/121986136",
      "properties": {
        "highway": "footway",
        "osm_id": "121986136",
        "osm_type": "way"
      },
      "geometry": {
        "type": "LineString",
        "coordinates": [
          [
            116.3339993,
            39.9815647
          ],
          [
            116.3340754,
            39.9811097
          ],
          [
            116.3340656,
            39.9810507
          ],
          [
            116.3340777,
            39.9810363
          ],
          [
            116.3340703,
            39.9809522
          ]
        ]
      }
    },
    {
      "type": "Feature",
      "id": "way/121986137",
      "properties": {
        "highway": "footway",
        "osm_id": "121986137",
        "osm_type": "way"
      },
      "geometry": {
        "type": "LineString",
        "coordinates": [
          [
            116.3327873,
            39.9830394
          ],
          [
            116.3328743,
            39.9830379
          ],
          [
            116.3330606,
            39.9830414
          ],
          [
            116.3332491,
            39.9830449
          ],
          [
            116.3333838,
            39.9830474
          ],
          [
            116.3334193,
            39.983048
          ],
          [
            116.333515,
            39.9830496
          ],
          [
            116.3335251,
            39.983047
          ],
          [
            116.3335563,
            39.9830402
          ],
          [
            116.3335938,
            39.9830192
          ],
          [
            116.3336183,
            39.9830054
          ],
          [
            116.3337457,
            39.9828916
          ],
          [
            116.3337712,
            39.9828688
          ],
          [
            116.333903,
            39.9827559
          ],
          [
            116.3341574,
            39.9825379
          ],
          [
            116.3342178,
            39.9825122
          ],
          [
            116.3343479,
            39.982505
          ],
          [
            116.3345521,
            39.9825111
          ],
          [
            116.3346033,
            39.9825116
          ]
        ]
      }
    },
    {
      "type": "Feature",
      "id": "way/121986139",
      "properties": {
        "highway": "footway",
        "osm_id": "121986139",
        "osm_type": "way"
      },
      "geometry": {
        "type": "LineString",
        "coordinates": [
          [
            116.3328432,
            39.9815185
          ],
          [
            116.3329801,
            39.9807249
          ],
          [
            116.3330366,
            39.980723
          ],
          [
            116.3330469,
            39.9807223
          ],
          [
            116.3331039,
            39.9807183
          ],
          [
            116.3331607,
            39.9807143
          ],
          [
            116.333272,
            39.9807064
          ],
          [
            116.333554,
            39.9806865
          ],
          [
            116.3337141,
            39.9806726
          ],
          [
            116.333961,
            39.9806512
          ],
          [
            116.3341151,
            39.9806378
          ],
          [
            116.3341017,
            39.9807322
          ],
          [
            116.3340806,
            39.9808389
          ],
          [
            116.3340703,
            39.9809522
          ]
        ]
      }
    },
    {
      "type": "Feature",
      "id": "way/121986142",
      "properties": {
        "highway": "footway",
        "osm_id": "121986142",
        "osm_type": "way"
      },
      "geometry": {
        "type": "LineString",
        "coordinates": [
          [
            116.3343072,
            39.9822433
          ],
          [
            116.3340988,
            39.9823803
          ],
          [
            116.3339352,
            39.9824961
          ],
          [
            116.3338983,
            39.9827091
          ]
        ]
      }
    },
    {
      "type": "Feature",
      "id": "way/121986145",
      "properties": {
        "highway": "footway",
        "osm_id": "121986145",
        "osm_type": "way"
      },
      "geometry": {
        "type": "LineString",
        "coordinates": [
          [
            116.3341786,
            39.9785719
          ],
          [
            116.3342337,
            39.9785004
          ],
          [
            116.3343057,
            39.9784141
          ],
          [
            116.3345093,
            39.9781834
          ],
          [
            116.3346385,
            39.9780499
          ],
          [
            116.3348052,
            39.9778641
          ],
          [
            116.3349405,
            39.9778162
          ],
          [
            116.3350452,
            39.9778133
          ],
          [
            116.3350911,
            39.977812
          ]
        ]
      }
    },
    {
      "type": "Feature",
      "id": "way/121988943",
      "properties": {
        "highway": "trunk",
        "lanes": "4",
        "name": "北四环中路",
        "name:en": "North 4th Ring Road",
        "name:zh": "北四环中路",
        "name:zh-Hans": "北四环中路",
        "name:zh-Hant": "北四環中路",
        "oneway": "yes",
        "sidewalk": "no",
        "osm_id": "121988943",
        "osm_type": "way"
      },
      "geometry": {
        "type": "LineString",
        "coordinates": [
          [
            116.3354479,
            39.9850103
          ],
          [
            116.3357811,
            39.9850245
          ],
          [
            116.3386877,
            39.9851479
          ],
          [
            116.3418289,
            39.9852094
          ],
          [
            116.3439853,
            39.9853012
          ]
        ]
      }
    },
    {
      "type": "Feature",
      "id": "way/121991163",
      "properties": {
        "highway": "tertiary",
        "oneway": "yes",
        "osm_id": "121991163",
        "osm_type": "way"
      },
      "geometry": {
        "type": "LineString",
        "coordinates": [
          [
            116.3345412,
            39.9846981
          ],
          [
            116.3345432,
            39.9846247
          ]
        ]
      }
    },
    {
      "type": "Feature",
      "id": "way/121991164",
      "properties": {
        "highway": "trunk_link",
        "oneway": "yes",
        "osm_id": "121991164",
        "osm_type": "way"
      },
      "geometry": {
        "type": "LineString",
        "coordinates": [
          [
            116.3386751,
            39.9853269
          ],
          [
            116.3381199,
            39.9854315
          ]
        ]
      }
    },
    {
      "type": "Feature",
      "id": "way/121991165",
      "properties": {
        "highway": "trunk_link",
        "oneway": "yes",
        "osm_id": "121991165",
        "osm_type": "way"
      },
      "geometry": {
        "type": "LineString",
        "coordinates": [
          [
            116.3423679,
            39.9855531
          ],
          [
            116.3417903,
            39.9853893
          ]
        ]
      }
    },
    {
      "type": "Feature",
      "id": "way/121991166",
      "properties": {
        "highway": "service",
        "osm_id": "121991166",
        "osm_type": "way"
      },
      "geometry": {
        "type": "LineString",
        "coordinates": [
          [
            116.3406796,
            39.9855232
          ],
          [
            116.3406738,
            39.9856179
          ],
          [
            116.3406726,
            39.9856385
          ],
          [
            116.3406675,
            39.9856823
          ],
          [
            116.3406677,
            39.9857377
          ]
        ]
      }
    },
    {
      "type": "Feature",
      "id": "way/121991167",
      "properties": {
        "highway": "steps",
        "osm_id": "121991167",
        "osm_type": "way"
      },
      "geometry": {
        "type": "LineString",
        "coordinates": [
          [
            116.3417008,
            39.9849728
          ],
          [
            116.3419127,
            39.9849777
          ],
          [
            116.3421813,
            39.984984
          ]
        ]
      }
    },
    {
      "type": "Feature",
      "id": "way/121991168",
      "properties": {
        "bridge": "yes",
        "highway": "steps",
        "layer": "1",
        "osm_id": "121991168",
        "osm_type": "way"
      },
      "geometry": {
        "type": "LineString",
        "coordinates": [
          [
            116.3415841,
            39.9856485
          ],
          [
            116.3418711,
            39.9856587
          ],
          [
            116.3421059,
            39.985667
          ]
        ]
      }
    },
    {
      "type": "Feature",
      "id": "way/121991169",
      "properties": {
        "highway": "service",
        "osm_id": "121991169",
        "osm_type": "way"
      },
      "geometry": {
        "type": "LineString",
        "coordinates": [
          [
            116.3393235,
            39.9854863
          ],
          [
            116.3393254,
            39.9855847
          ],
          [
            116.3393259,
            39.9856099
          ],
          [
            116.3393249,
            39.9856372
          ],
          [
            116.3393272,
            39.9856847
          ]
        ]
      }
    },
    {
      "type": "Feature",
      "id": "way/121991170",
      "properties": {
        "highway": "service",
        "osm_id": "121991170",
        "osm_type": "way"
      },
      "geometry": {
        "type": "LineString",
        "coordinates": [
          [
            116.3390605,
            39.9850594
          ],
          [
            116.3390768,
            39.984906
          ],
          [
            116.3390927,
            39.9846509
          ]
        ]
      }
    },
    {
      "type": "Feature",
      "id": "way/121991171",
      "properties": {
        "highway": "service",
        "osm_id": "121991171",
        "osm_type": "way"
      },
      "geometry": {
        "type": "LineString",
        "coordinates": [
          [
            116.3397251,
            39.9856946
          ],
          [
            116.3393272,
            39.9856847
          ],
          [
            116.3389658,
            39.9856748
          ],
          [
            116.3389443,
            39.9861214
          ]
        ]
      }
    },
    {
      "type": "Feature",
      "id": "way/121991173",
      "properties": {
        "highway": "unclassified",
        "osm_id": "121991173",
        "osm_type": "way"
      },
      "geometry": {
        "type": "LineString",
        "coordinates": [
          [
            116.3344996,
            39.9854469
          ],
          [
            116.3343849,
            39.9854507
          ],
          [
            116.3342843,
            39.9854891
          ],
          [
            116.3336665,
            39.9854707
          ],
          [
            116.3326056,
            39.9854393
          ],
          [
            116.3325232,
            39.9854601
          ],
          [
            116.3324592,
            39.9855107
          ],
          [
            116.3323378,
            39.9862217
          ],
          [
            116.3323337,
            39.9862451
          ],
          [
            116.3322664,
            39.9866269
          ],
          [
            116.3322508,
            39.9867154
          ],
          [
            116.3322227,
            39.986936
          ],
          [
            116.3321594,
            39.9874329
          ],
          [
            116.332146,
            39.9875382
          ],
          [
            116.3321222,
            39.987725
          ],
          [
            116.332028,
            39.9894235
          ]
        ]
      }
    },
    {
      "type": "Feature",
      "id": "way/121991174",
      "properties": {
        "highway": "footway",
        "osm_id": "121991174",
        "osm_type": "way"
      },
      "geometry": {
        "type": "LineString",
        "coordinates": [
          [
            116.3431277,
            39.9850157
          ],
          [
            116.3421813,
            39.984984
          ],
          [
            116.3421835,
            39.9849623
          ],
          [
            116.3420924,
            39.9849599
          ],
          [
            116.3417019,
            39.9849494
          ],
          [
            116.3417008,
            39.9849728
          ],
          [
            116.3416352,
            39.9849691
          ],
          [
            116.3415856,
            39.9849663
          ],
          [
            116.341522,
            39.9849648
          ],
          [
            116.3391584,
            39.9849097
          ]
        ]
      }
    },
    {
      "type": "Feature",
      "id": "way/121991960",
      "properties": {
        "bicycle": "yes",
        "foot": "yes",
        "highway": "residential",
        "motor_vehicle": "yes",
        "note": "非社会化市政道路",
        "oneway": "no",
        "surface": "asphalt",
        "osm_id": "121991960",
        "osm_type": "way"
      },
      "geometry": {
        "type": "LineString",
        "coordinates": [
          [
            116.3393885,
            39.9751246
          ],
          [
            116.3393868,
            39.9751906
          ],
          [
            116.3393813,
            39.9753046
          ],
          [
            116.3393635,
            39.9757893
          ],
          [
            116.339343,
            39.976529
          ],
          [
            116.3393393,
            39.976661
          ],
          [
            116.339289,
            39.9767039
          ],
          [
            116.3392148,
            39.9767672
          ],
          [
            116.3389641,
            39.9768627
          ],
          [
            116.3388715,
            39.9768979
          ],
          [
            116.338369,
            39.9770803
          ],
          [
            116.3380987,
            39.9771496
          ],
          [
            116.3377908,
            39.9771954
          ],
          [
            116.3375047,
            39.977186
          ],
          [
            116.3356416,
            39.9771247
          ],
          [
            116.3354403,
            39.9771223
          ],
          [
            116.335377,
            39.9771215
          ]
        ]
      }
    },
    {
      "type": "Feature",
      "id": "way/121991968",
      "properties": {
        "highway": "footway",
        "osm_id": "121991968",
        "osm_type": "way"
      },
      "geometry": {
        "type": "LineString",
        "coordinates": [
          [
            116.33463,
            39.981629
          ],
          [
            116.334519,
            39.9815724
          ],
          [
            116.3340642,
            39.9815667
          ],
          [
            116.3339993,
            39.9815647
          ],
          [
            116.3338118,
            39.9815558
          ]
        ]
      }
    },
    {
      "type": "Feature",
      "id": "way/121991969",
      "properties": {
        "footway": "sidewalk",
        "highway": "footway",
        "osm_id": "121991969",
        "osm_type": "way"
      },
      "geometry": {
        "type": "LineString",
        "coordinates": [
          [
            116.3347928,
            39.9846047
          ],
          [
            116.3346949,
            39.9845933
          ],
          [
            116.3347101,
            39.983846
          ],
          [
            116.3346295,
            39.9837638
          ],
          [
            116.3346652,
            39.983193
          ],
          [
            116.3346908,
            39.9824748
          ],
          [
            116.3347195,
            39.981636
          ],
          [
            116.3346732,
            39.9816118
          ],
          [
            116.3348795,
            39.9797133
          ]
        ]
      }
    },
    {
      "type": "Feature",
      "id": "way/122020165",
      "properties": {
        "highway": "footway",
        "osm_id": "122020165",
        "osm_type": "way"
      },
      "geometry": {
        "type": "LineString",
        "coordinates": [
          [
            116.3366153,
            39.9754734
          ],
          [
            116.3366246,
            39.9754773
          ],
          [
            116.3367747,
            39.9754858
          ],
          [
            116.3369036,
            39.9754855
          ]
        ]
      }
    },
    {
      "type": "Feature",
      "id": "way/122020348",
      "properties": {
        "highway": "tertiary",
        "name": "大运村路",
        "name:zh": "大运村路",
        "name:zh-Hans": "大运村路",
        "name:zh-Hant": "大運村路",
        "surface": "asphalt",
        "osm_id": "122020348",
        "osm_type": "way"
      },
      "geometry": {
        "type": "LineString",
        "coordinates": [
          [
            116.335377,
            39.9771215
          ],
          [
            116.3351151,
            39.9777453
          ],
          [
            116.3350911,
            39.977812
          ],
          [
            116.3350629,
            39.9779418
          ],
          [
            116.3349471,
            39.9786762
          ],
          [
            116.3348297,
            39.9797245
          ],
          [
            116.3347371,
            39.9806079
          ],
          [
            116.334631,
            39.981619
          ],
          [
            116.33463,
            39.981629
          ],
          [
            116.3346016,
            39.9824678
          ],
          [
            116.3346033,
            39.9825116
          ],
          [
            116.3345891,
            39.9831923
          ],
          [
            116.3345809,
            39.9834146
          ],
          [
            116.3345696,
            39.9837833
          ]
        ]
      }
    },
    {
      "type": "Feature",
      "id": "way/122100442",
      "properties": {
        "highway": "tertiary",
        "layer": "-1",
        "name": "北四环中路",
        "name:en": "North 4th Ring Road",
        "name:zh": "北四环中路",
        "name:zh-Hans": "北四环中路",
        "name:zh-Hant": "北四環中路",
        "oneway": "yes",
        "osm_id": "122100442",
        "osm_type": "way"
      },
      "geometry": {
        "type": "LineString",
        "coordinates": [
          [
            116.3381199,
            39.9854315
          ],
          [
            116.3334491,
            39.9852441
          ]
        ]
      }
    },
    {
      "type": "Feature",
      "id": "way/122345018",
      "properties": {
        "bridge": "yes",
        "highway": "footway",
        "layer": "1",
        "osm_id": "122345018",
        "osm_type": "way"
      },
      "geometry": {
        "type": "LineString",
        "coordinates": [
          [
            116.3343911,
            39.9853632
          ],
          [
            116.334437,
            39.9846929
          ]
        ]
      }
    },
    {
      "type": "Feature",
      "id": "way/122345019",
      "properties": {
        "bridge": "yes",
        "highway": "footway",
        "layer": "1",
        "osm_id": "122345019",
        "osm_type": "way"
      },
      "geometry": {
        "type": "LineString",
        "coordinates": [
          [
            116.3347881,
            39.9847102
          ],
          [
            116.334745,
            39.9853806
          ]
        ]
      }
    },
    {
      "type": "Feature",
      "id": "way/122345020",
      "properties": {
        "highway": "footway",
        "osm_id": "122345020",
        "osm_type": "way"
      },
      "geometry": {
        "type": "LineString",
        "coordinates": [
          [
            116.3347928,
            39.9846047
          ],
          [
            116.334791,
            39.9846345
          ],
          [
            116.3347881,
            39.9847102
          ]
        ]
      }
    },
    {
      "type": "Feature",
      "id": "way/122345021",
      "properties": {
        "footway": "sidewalk",
        "highway": "footway",
        "osm_id": "122345021",
        "osm_type": "way"
      },
      "geometry": {
        "type": "LineString",
        "coordinates": [
          [
            116.334437,
            39.9846929
          ],
          [
            116.334441,
            39.9846207
          ],
          [
            116.3344437,
            39.9845845
          ],
          [
            116.3344742,
            39.983991
          ],
          [
            116.33449,
            39.9836836
          ],
          [
            116.3345143,
            39.9832179
          ],
          [
            116.3345303,
            39.9829109
          ],
          [
            116.334549,
            39.9826329
          ]
        ]
      }
    },
    {
      "type": "Feature",
      "id": "way/122345022",
      "properties": {
        "footway": "sidewalk",
        "highway": "footway",
        "osm_id": "122345022",
        "osm_type": "way"
      },
      "geometry": {
        "type": "LineString",
        "coordinates": [
          [
            116.3340668,
            39.9914922
          ],
          [
            116.3340679,
            39.9914665
          ],
          [
            116.3341556,
            39.9894811
          ],
          [
            116.3343292,
            39.9864601
          ],
          [
            116.334386,
            39.9854885
          ],
          [
            116.3343849,
            39.9854507
          ],
          [
            116.3343911,
            39.9853632
          ]
        ]
      }
    },
    {
      "type": "Feature",
      "id": "way/122345023",
      "properties": {
        "highway": "footway",
        "osm_id": "122345023",
        "osm_type": "way"
      },
      "geometry": {
        "type": "LineString",
        "coordinates": [
          [
            116.3342843,
            39.9854891
          ],
          [
            116.334386,
            39.9854885
          ],
          [
            116.3344926,
            39.985484
          ],
          [
            116.3346095,
            39.985484
          ],
          [
            116.3347336,
            39.9854788
          ],
          [
            116.3349126,
            39.9854799
          ],
          [
            116.3353489,
            39.9854898
          ],
          [
            116.3357731,
            39.9855009
          ],
          [
            116.3372247,
            39.9855895
          ],
          [
            116.3382317,
            39.9856398
          ],
          [
            116.3384158,
            39.9856244
          ],
          [
            116.3386481,
            39.9856084
          ]
        ]
      }
    },
    {
      "type": "Feature",
      "id": "way/122345024",
      "properties": {
        "footway": "sidewalk",
        "highway": "footway",
        "osm_id": "122345024",
        "osm_type": "way"
      },
      "geometry": {
        "type": "LineString",
        "coordinates": [
          [
            116.334745,
            39.9853806
          ],
          [
            116.3347337,
            39.9854428
          ],
          [
            116.3347336,
            39.9854788
          ],
          [
            116.3346874,
            39.9857271
          ],
          [
            116.3345114,
            39.9883659
          ],
          [
            116.3344679,
            39.9890186
          ],
          [
            116.3344512,
            39.989269
          ],
          [
            116.3344297,
            39.9895918
          ],
          [
            116.3343479,
            39.9914412
          ],
          [
            116.334392,
            39.991466
          ],
          [
            116.3351425,
            39.9914933
          ]
        ]
      }
    },
    {
      "type": "Feature",
      "id": "way/122345026",
      "properties": {
        "highway": "secondary",
        "name": "展春园西路",
        "oneway": "yes",
        "osm_id": "122345026",
        "osm_type": "way"
      },
      "geometry": {
        "type": "LineString",
        "coordinates": [
          [
            116.3344996,
            39.9854469
          ],
          [
            116.3345037,
            39.9853687
          ]
        ]
      }
    },
    {
      "type": "Feature",
      "id": "way/122345027",
      "properties": {
        "highway": "secondary",
        "name": "展春园西路",
        "name:zh": "展春园西路",
        "name:zh-Hans": "展春园西路",
        "name:zh-Hant": "展春園西路",
        "oneway": "yes",
        "surface": "asphalt",
        "osm_id": "122345027",
        "osm_type": "way"
      },
      "geometry": {
        "type": "LineString",
        "coordinates": [
          [
            116.3346095,
            39.9854432
          ],
          [
            116.3346095,
            39.985484
          ],
          [
            116.3346006,
            39.9857245
          ],
          [
            116.3345148,
            39.9871438
          ],
          [
            116.3344017,
            39.9890154
          ],
          [
            116.3343668,
            39.9895932
          ],
          [
            116.3343216,
            39.9905719
          ],
          [
            116.3342809,
            39.9914515
          ],
          [
            116.3342788,
            39.9914978
          ],
          [
            116.3342723,
            39.9915742
          ]
        ]
      }
    },
    {
      "type": "Feature",
      "id": "way/122345923",
      "properties": {
        "addr:housename": "展春园",
        "addr:housenumber": "17",
        "building": "yes",
        "osm_id": "122345923",
        "osm_type": "way"
      },
      "geometry": {
        "type": "Polygon",
        "coordinates": [
          [
            [
              116.3362785,
              39.9856422
            ],
            [
              116.3362734,
              39.9857577
            ],
            [
              116.3370914,
              39.9857788
            ],
            [
              116.3370965,
              39.9856633
            ],
            [
              116.3362785,
              39.9856422
            ]
          ]
        ]
      }
    },
    {
      "type": "Feature",
      "id": "way/122345924",
      "properties": {
        "bridge": "yes",
        "highway": "secondary",
        "layer": "1",
        "oneway": "yes",
        "osm_id": "122345924",
        "osm_type": "way"
      },
      "geometry": {
        "type": "LineString",
        "coordinates": [
          [
            116.3346473,
            39.9847033
          ],
          [
            116.3346144,
            39.9853742
          ]
        ]
      }
    },
    {
      "type": "Feature",
      "id": "way/122345926",
      "properties": {
        "highway": "service",
        "osm_id": "122345926",
        "osm_type": "way"
      },
      "geometry": {
        "type": "LineString",
        "coordinates": [
          [
            116.3398683,
            39.9855007
          ],
          [
            116.3398585,
            39.9855978
          ],
          [
            116.3398564,
            39.9856186
          ],
          [
            116.339846,
            39.985652
          ],
          [
            116.3398184,
            39.9862102
          ]
        ]
      }
    },
    {
      "type": "Feature",
      "id": "way/122345927",
      "properties": {
        "highway": "service",
        "osm_id": "122345927",
        "osm_type": "way"
      },
      "geometry": {
        "type": "LineString",
        "coordinates": [
          [
            116.3384079,
            39.9857612
          ],
          [
            116.3384154,
            39.9856456
          ],
          [
            116.3384158,
            39.9856244
          ],
          [
            116.3384178,
            39.9855908
          ],
          [
            116.3384218,
            39.9855235
          ]
        ]
      }
    },
    {
      "type": "Feature",
      "id": "way/122345928",
      "properties": {
        "highway": "service",
        "osm_id": "122345928",
        "osm_type": "way"
      },
      "geometry": {
        "type": "LineString",
        "coordinates": [
          [
            116.3353386,
            39.9858664
          ],
          [
            116.3353497,
            39.9855048
          ],
          [
            116.3353489,
            39.9854898
          ],
          [
            116.3353517,
            39.9854554
          ]
        ]
      }
    },
    {
      "type": "Feature",
      "id": "way/122345929",
      "properties": {
        "highway": "service",
        "osm_id": "122345929",
        "osm_type": "way"
      },
      "geometry": {
        "type": "LineString",
        "coordinates": [
          [
            116.3346006,
            39.9857245
          ],
          [
            116.3346874,
            39.9857271
          ],
          [
            116.3348523,
            39.9857294
          ],
          [
            116.3349122,
            39.9854951
          ],
          [
            116.3349126,
            39.9854799
          ],
          [
            116.3349131,
            39.9854423
          ]
        ]
      }
    },
    {
      "type": "Feature",
      "id": "way/122345931",
      "properties": {
        "building": "yes",
        "name": "北京市海淀区人民政府科学技术委员会",
        "osm_id": "122345931",
        "osm_type": "way"
      },
      "geometry": {
        "type": "Polygon",
        "coordinates": [
          [
            [
              116.3349331,
              39.9856829
            ],
            [
              116.3350966,
              39.985821
            ],
            [
              116.335282,
              39.9856922
            ],
            [
              116.3351185,
              39.9855541
            ],
            [
              116.3349331,
              39.9856829
            ]
          ]
        ]
      }
    },
    {
      "type": "Feature",
      "id": "way/122345932",
      "properties": {
        "building": "yes",
        "name": "北京市海淀科技中心（馆）",
        "osm_id": "122345932",
        "osm_type": "way"
      },
      "geometry": {
        "type": "Polygon",
        "coordinates": [
          [
            [
              116.3352275,
              39.9860893
            ],
            [
              116.3352264,
              39.9858844
            ],
            [
              116.3353032,
              39.9858844
            ],
            [
              116.3353206,
              39.9859056
            ],
            [
              116.3353498,
              39.9859162
            ],
            [
              116.3353838,
              39.9859179
            ],
            [
              116.3354193,
              39.9859107
            ],
            [
              116.3354516,
              39.9858982
            ],
            [
              116.3354804,
              39.9858766
            ],
            [
              116.3354933,
              39.9858458
            ],
            [
              116.3354931,
              39.9858199
            ],
            [
              116.3354757,
              39.9857848
            ],
            [
              116.335445,
              39.9857571
            ],
            [
              116.335447,
              39.9856333
            ],
            [
              116.3355787,
              39.9856348
            ],
            [
              116.3356516,
              39.9856908
            ],
            [
              116.3356499,
              39.9858312
            ],
            [
              116.3357121,
              39.9858325
            ],
            [
              116.3357005,
              39.986093
            ],
            [
              116.3352275,
              39.9860893
            ]
          ]
        ]
      }
    },
    {
      "type": "Feature",
      "id": "way/122345934",
      "properties": {
        "landuse": "residential",
        "name": "展春园小区",
        "name:zh": "展春园小区",
        "name:zh-Hans": "展春园小区",
        "name:zh-Hant": "展春園社區",
        "residential": "apartments",
        "osm_id": "122345934",
        "osm_type": "way"
      },
      "geometry": {
        "type": "Polygon",
        "coordinates": [
          [
            [
              116.3356706,
              39.9873643
            ],
            [
              116.337152,
              39.9874037
            ],
            [
              116.3372227,
              39.9874662
            ],
            [
              116.3379283,
              39.9874964
            ],
            [
              116.3381589,
              39.9874205
            ],
            [
              116.3381906,
              39.9867095
            ],
            [
              116.3378687,
              39.986697
            ],
            [
              116.3378867,
              39.9861991
            ],
            [
              116.3379518,
              39.9861585
            ],
            [
              116.3380141,
              39.9861593
            ],
            [
              116.3380508,
              39.9856256
            ],
            [
              116.3372258,
              39.9856098
            ],
            [
              116.3358165,
              39.9855828
            ],
            [
              116.3357868,
              39.9856461
            ],
            [
              116.3357837,
              39.9856916
            ],
            [
              116.3356706,
              39.9873643
            ]
          ]
        ]
      }
    },
    {
      "type": "Feature",
      "id": "way/122345938",
      "properties": {
        "highway": "trunk",
        "lanes": "4",
        "name": "北四环中路",
        "name:en": "North 4th Ring Road",
        "name:zh": "北四环中路",
        "name:zh-Hans": "北四环中路",
        "name:zh-Hant": "北四環中路",
        "oneway": "yes",
        "sidewalk": "no",
        "osm_id": "122345938",
        "osm_type": "way"
      },
      "geometry": {
        "type": "LineString",
        "coordinates": [
          [
            116.3439757,
            39.9854679
          ],
          [
            116.3417903,
            39.9853893
          ],
          [
            116.3386751,
            39.9853269
          ],
          [
            116.3354395,
            39.9851704
          ]
        ]
      }
    },
    {
      "type": "Feature",
      "id": "way/122346047",
      "properties": {
        "highway": "trunk_link",
        "oneway": "yes",
        "osm_id": "122346047",
        "osm_type": "way"
      },
      "geometry": {
        "type": "LineString",
        "coordinates": [
          [
            116.3418289,
            39.9852094
          ],
          [
            116.342638,
            39.9851858
          ]
        ]
      }
    },
    {
      "type": "Feature",
      "id": "way/122346051",
      "properties": {
        "highway": "service",
        "osm_id": "122346051",
        "osm_type": "way"
      },
      "geometry": {
        "type": "LineString",
        "coordinates": [
          [
            116.3418372,
            39.9857739
          ],
          [
            116.341832,
            39.9857253
          ],
          [
            116.3418371,
            39.9856828
          ],
          [
            116.3418415,
            39.9856468
          ],
          [
            116.3418541,
            39.9855422
          ]
        ]
      }
    },
    {
      "type": "Feature",
      "id": "way/122346052",
      "properties": {
        "highway": "footway",
        "osm_id": "122346052",
        "osm_type": "way"
      },
      "geometry": {
        "type": "LineString",
        "coordinates": [
          [
            116.336796,
            39.9848294
          ],
          [
            116.3377668,
            39.9848737
          ],
          [
            116.3377779,
            39.9847966
          ],
          [
            116.3377765,
            39.9847405
          ],
          [
            116.336757,
            39.9847076
          ],
          [
            116.3347928,
            39.9846047
          ]
        ]
      }
    },
    {
      "type": "Feature",
      "id": "way/122347705",
      "properties": {
        "highway": "footway",
        "osm_id": "122347705",
        "osm_type": "way"
      },
      "geometry": {
        "type": "LineString",
        "coordinates": [
          [
            116.3342167,
            39.9846137
          ],
          [
            116.3342153,
            39.9845751
          ],
          [
            116.3342094,
            39.9845575
          ],
          [
            116.3342257,
            39.9843156
          ],
          [
            116.3342472,
            39.9839999
          ],
          [
            116.3342573,
            39.9838539
          ],
          [
            116.3342593,
            39.9838251
          ],
          [
            116.3338903,
            39.9835223
          ],
          [
            116.3337364,
            39.9833971
          ],
          [
            116.3337265,
            39.983389
          ],
          [
            116.3336667,
            39.9833164
          ],
          [
            116.3336573,
            39.9832589
          ],
          [
            116.3337457,
            39.9828916
          ]
        ]
      }
    },
    {
      "type": "Feature",
      "id": "way/122347707",
      "properties": {
        "footway": "sidewalk",
        "highway": "footway",
        "osm_id": "122347707",
        "osm_type": "way"
      },
      "geometry": {
        "type": "LineString",
        "coordinates": [
          [
            116.3346949,
            39.9845933
          ],
          [
            116.3346521,
            39.9845911
          ],
          [
            116.334545,
            39.9845872
          ],
          [
            116.3344437,
            39.9845845
          ],
          [
            116.3342153,
            39.9845751
          ],
          [
            116.3327152,
            39.9845133
          ],
          [
            116.3326485,
            39.9845106
          ]
        ]
      }
    },
    {
      "type": "Feature",
      "id": "way/122348397",
      "properties": {
        "highway": "footway",
        "osm_id": "122348397",
        "osm_type": "way"
      },
      "geometry": {
        "type": "LineString",
        "coordinates": [
          [
            116.3347371,
            39.9806079
          ],
          [
            116.3346413,
            39.9806014
          ],
          [
            116.3345504,
            39.9806033
          ],
          [
            116.3341151,
            39.9806378
          ]
        ]
      }
    },
    {
      "type": "Feature",
      "id": "way/122348403",
      "properties": {
        "leisure": "park",
        "name": "京张铁路遗址公园",
        "osm_id": "122348403",
        "osm_type": "way"
      },
      "geometry": {
        "type": "Polygon",
        "coordinates": [
          [
            [
              116.3323394,
              39.9845579
            ],
            [
              116.3322042,
              39.9853796
            ],
            [
              116.3321208,
              39.9853725
            ],
            [
              116.3320375,
              39.9858717
            ],
            [
              116.3319592,
              39.9865838
            ],
            [
              116.3318291,
              39.9865745
            ],
            [
              116.3317859,
              39.9874508
            ],
            [
              116.3319233,
              39.9875808
            ],
            [
              116.3318166,
              39.9902148
            ],
            [
              116.3319395,
              39.9902181
            ],
            [
              116.3318977,
              39.991394
            ],
            [
              116.3321496,
              39.9914028
            ],
            [
              116.3321508,
              39.991365
            ],
            [
              116.3322018,
              39.9913664
            ],
            [
              116.3322857,
              39.9894654
            ],
            [
              116.3320025,
              39.9894554
            ],
            [
              116.3320894,
              39.9875986
            ],
            [
              116.3322111,
              39.9867042
            ],
            [
              116.3324387,
              39.9854223
            ],
            [
              116.3324443,
              39.9853907
            ],
            [
              116.3326327,
              39.9844807
            ],
            [
              116.3327808,
              39.9844869
            ],
            [
              116.3340288,
              39.9845464
            ],
            [
              116.3344074,
              39.9845644
            ],
            [
              116.3345363,
              39.9817356
            ],
            [
              116.3345446,
              39.9816512
            ],
            [
              116.3345504,
              39.9815925
            ],
            [
              116.3348508,
              39.9792474
            ],
            [
              116.3349614,
              39.9784013
            ],
            [
              116.3350452,
              39.9778133
            ],
            [
              116.3350435,
              39.9777638
            ],
            [
              116.3347391,
              39.9777386
            ],
            [
              116.3347872,
              39.9774673
            ],
            [
              116.3341655,
              39.9774089
            ],
            [
              116.3335231,
              39.9773822
            ],
            [
              116.3332679,
              39.9784918
            ],
            [
              116.3327645,
              39.9815373
            ],
            [
              116.3323394,
              39.9845579
            ]
          ]
        ]
      }
    },
    {
      "type": "Feature",
      "id": "way/122348404",
      "properties": {
        "area": "yes",
        "highway": "pedestrian",
        "osm_id": "122348404",
        "osm_type": "way"
      },
      "geometry": {
        "type": "Polygon",
        "coordinates": [
          [
            [
              116.3335601,
              39.9824664
            ],
            [
              116.3335638,
              39.9824373
            ],
            [
              116.3335798,
              39.9823097
            ],
            [
              116.333617,
              39.9820138
            ],
            [
              116.3335561,
              39.9818879
            ],
            [
              116.333591,
              39.9817091
            ],
            [
              116.3339713,
              39.9817259
            ],
            [
              116.3340018,
              39.9817272
            ],
            [
              116.3339804,
              39.9818514
            ],
            [
              116.3340582,
              39.9819593
            ],
            [
              116.3340267,
              39.9821125
            ],
            [
              116.3339819,
              39.9823303
            ],
            [
              116.3338518,
              39.9824215
            ],
            [
              116.3337605,
              39.9824855
            ],
            [
              116.3337578,
              39.9825399
            ],
            [
              116.3336689,
              39.9826052
            ],
            [
              116.333634,
              39.9825607
            ],
            [
              116.3336118,
              39.9825324
            ],
            [
              116.3335601,
              39.9824664
            ]
          ]
        ]
      }
    },
    {
      "type": "Feature",
      "id": "way/122348406",
      "properties": {
        "highway": "footway",
        "osm_id": "122348406",
        "osm_type": "way"
      },
      "geometry": {
        "type": "LineString",
        "coordinates": [
          [
            116.334519,
            39.9815724
          ],
          [
            116.3342709,
            39.9813013
          ],
          [
            116.3341439,
            39.9811629
          ],
          [
            116.3340656,
            39.9810507
          ],
          [
            116.3339364,
            39.9808989
          ],
          [
            116.3339197,
            39.9808895
          ],
          [
            116.3337141,
            39.9806726
          ],
          [
            116.3337118,
            39.98067
          ],
          [
            116.3336582,
            39.9805445
          ],
          [
            116.3337573,
            39.9800143
          ],
          [
            116.3338621,
            39.9795048
          ],
          [
            116.3339131,
            39.9794382
          ]
        ]
      }
    },
    {
      "type": "Feature",
      "id": "way/122348416",
      "properties": {
        "leisure": "pitch",
        "sport": "soccer",
        "osm_id": "122348416",
        "osm_type": "way"
      },
      "geometry": {
        "type": "Polygon",
        "coordinates": [
          [
            [
              116.33436,
              39.980455
            ],
            [
              116.3345041,
              39.9796594
            ],
            [
              116.3338886,
              39.9795939
            ],
            [
              116.3338201,
              39.9799725
            ],
            [
              116.3337445,
              39.9803896
            ],
            [
              116.33436,
              39.980455
            ]
          ]
        ]
      }
    },
    {
      "type": "Feature",
      "id": "way/122348728",
      "properties": {
        "footway": "sidewalk",
        "highway": "footway",
        "osm_id": "122348728",
        "osm_type": "way"
      },
      "geometry": {
        "type": "LineString",
        "coordinates": [
          [
            116.3351312,
            39.9779483
          ],
          [
            116.3350629,
            39.9779418
          ],
          [
            116.3350214,
            39.9779375
          ],
          [
            116.3350452,
            39.9778133
          ],
          [
            116.3350598,
            39.9777437
          ],
          [
            116.3350994,
            39.9776332
          ],
          [
            116.3352057,
            39.9774083
          ],
          [
            116.3352613,
            39.9772906
          ],
          [
            116.3353353,
            39.9771062
          ],
          [
            116.3353624,
            39.9770457
          ],
          [
            116.3353985,
            39.9769652
          ],
          [
            116.3354454,
            39.9767686
          ],
          [
            116.335519,
            39.9765857
          ],
          [
            116.3356194,
            39.9764233
          ],
          [
            116.3357218,
            39.9762761
          ],
          [
            116.3358029,
            39.9761946
          ],
          [
            116.3359875,
            39.9760301
          ],
          [
            116.3362329,
            39.975866
          ],
          [
            116.3364372,
            39.9757226
          ],
          [
            116.3367747,
            39.9754858
          ]
        ]
      }
    },
    {
      "type": "Feature",
      "id": "way/122348729",
      "properties": {
        "highway": "residential",
        "osm_id": "122348729",
        "osm_type": "way"
      },
      "geometry": {
        "type": "LineString",
        "coordinates": [
          [
            116.3393635,
            39.9757893
          ],
          [
            116.3392665,
            39.9757905
          ],
          [
            116.3390904,
            39.975793
          ]
        ]
      }
    },
    {
      "type": "Feature",
      "id": "way/122348730",
      "properties": {
        "highway": "residential",
        "osm_id": "122348730",
        "osm_type": "way"
      },
      "geometry": {
        "type": "LineString",
        "coordinates": [
          [
            116.339289,
            39.9767039
          ],
          [
            116.3393361,
            39.9767824
          ],
          [
            116.3393389,
            39.9768387
          ]
        ]
      }
    },
    {
      "type": "Feature",
      "id": "way/122348733",
      "properties": {
        "footway": "sidewalk",
        "highway": "footway",
        "osm_id": "122348733",
        "osm_type": "way"
      },
      "geometry": {
        "type": "LineString",
        "coordinates": [
          [
            116.3351312,
            39.9779483
          ],
          [
            116.3352178,
            39.9776729
          ],
          [
            116.335387,
            39.9772784
          ],
          [
            116.3354103,
            39.9772101
          ],
          [
            116.3354403,
            39.9771223
          ],
          [
            116.3356373,
            39.9765929
          ],
          [
            116.3357646,
            39.9763806
          ],
          [
            116.3359617,
            39.9761807
          ],
          [
            116.3367076,
            39.9756641
          ],
          [
            116.3373058,
            39.9752668
          ]
        ]
      }
    },
    {
      "type": "Feature",
      "id": "way/122348735",
      "properties": {
        "highway": "service",
        "osm_id": "122348735",
        "osm_type": "way"
      },
      "geometry": {
        "type": "LineString",
        "coordinates": [
          [
            116.335377,
            39.9771215
          ],
          [
            116.3353353,
            39.9771062
          ],
          [
            116.3352756,
            39.9770911
          ],
          [
            116.3352226,
            39.9770777
          ],
          [
            116.3351939,
            39.9770715
          ],
          [
            116.3349484,
            39.9768454
          ],
          [
            116.335033,
            39.9763321
          ],
          [
            116.3349637,
            39.9762237
          ],
          [
            116.335019,
            39.9760185
          ],
          [
            116.3348789,
            39.9758961
          ]
        ]
      }
    },
    {
      "type": "Feature",
      "id": "way/122348736",
      "properties": {
        "highway": "residential",
        "oneway": "yes",
        "osm_id": "122348736",
        "osm_type": "way"
      },
      "geometry": {
        "type": "LineString",
        "coordinates": [
          [
            116.3386597,
            39.9754543
          ],
          [
            116.3390597,
            39.9754642
          ],
          [
            116.3391049,
            39.9755173
          ],
          [
            116.3390904,
            39.975793
          ],
          [
            116.338671,
            39.9757905
          ],
          [
            116.3386177,
            39.9757559
          ],
          [
            116.338621,
            39.9754951
          ],
          [
            116.3386597,
            39.9754543
          ]
        ]
      }
    },
    {
      "type": "Feature",
      "id": "way/122348739",
      "properties": {
        "leisure": "pitch",
        "ref": "海1006",
        "sport": "futsal",
        "osm_id": "122348739",
        "osm_type": "way"
      },
      "geometry": {
        "type": "Polygon",
        "coordinates": [
          [
            [
              116.3355402,
              39.9774587
            ],
            [
              116.3355345,
              39.9772049
            ],
            [
              116.3356352,
              39.9772076
            ],
            [
              116.3361556,
              39.9772213
            ],
            [
              116.3362427,
              39.9772509
            ],
            [
              116.3362255,
              39.9773034
            ],
            [
              116.3356859,
              39.9774631
            ],
            [
              116.3355402,
              39.9774587
            ]
          ]
        ]
      }
    },
    {
      "type": "Feature",
      "id": "way/122348740",
      "properties": {
        "building": "yes",
        "osm_id": "122348740",
        "osm_type": "way"
      },
      "geometry": {
        "type": "Polygon",
        "coordinates": [
          [
            [
              116.3383543,
              39.9759901
            ],
            [
              116.3385086,
              39.9758791
            ],
            [
              116.3386315,
              39.975839
            ],
            [
              116.3387008,
              39.9758163
            ],
            [
              116.3392286,
              39.9758183
            ],
            [
              116.3392217,
              39.9761478
            ],
            [
              116.3392204,
              39.9762092
            ],
            [
              116.3392192,
              39.976268
            ],
            [
              116.339218,
              39.9763232
            ],
            [
              116.3392163,
              39.9764045
            ],
            [
              116.3391339,
              39.9764041
            ],
            [
              116.3390628,
              39.9764037
            ],
            [
              116.339008,
              39.9764034
            ],
            [
              116.3389924,
              39.9764033
            ],
            [
              116.3389403,
              39.976403
            ],
            [
              116.3388914,
              39.9763965
            ],
            [
              116.3388615,
              39.9763926
            ],
            [
              116.3388343,
              39.9763891
            ],
            [
              116.3388046,
              39.9763852
            ],
            [
              116.3387355,
              39.9763761
            ],
            [
              116.3387268,
              39.9763749
            ],
            [
              116.3387197,
              39.976374
            ],
            [
              116.3385212,
              39.9763137
            ],
            [
              116.338348,
              39.9762074
            ],
            [
              116.3383101,
              39.9761036
            ],
            [
              116.3383543,
              39.9759901
            ]
          ]
        ]
      }
    },
    {
      "type": "Feature",
      "id": "way/122348742",
      "properties": {
        "highway": "footway",
        "osm_id": "122348742",
        "osm_type": "way"
      },
      "geometry": {
        "type": "LineString",
        "coordinates": [
          [
            116.3338621,
            39.9795048
          ],
          [
            116.3340971,
            39.9794704
          ],
          [
            116.3341273,
            39.9792821
          ],
          [
            116.3341193,
            39.9792106
          ],
          [
            116.3341369,
            39.9790494
          ],
          [
            116.3342337,
            39.9785004
          ],
          [
            116.3343239,
            39.9779954
          ],
          [
            116.3343981,
            39.9775463
          ]
        ]
      }
    },
    {
      "type": "Feature",
      "id": "way/122348819",
      "properties": {
        "highway": "footway",
        "osm_id": "122348819",
        "osm_type": "way"
      },
      "geometry": {
        "type": "LineString",
        "coordinates": [
          [
            116.3394622,
            39.9753038
          ],
          [
            116.3394235,
            39.9765303
          ]
        ]
      }
    },
    {
      "type": "Feature",
      "id": "way/122348822",
      "properties": {
        "highway": "footway",
        "osm_id": "122348822",
        "osm_type": "way"
      },
      "geometry": {
        "type": "LineString",
        "coordinates": [
          [
            116.3394235,
            39.9765303
          ],
          [
            116.339343,
            39.976529
          ],
          [
            116.3392549,
            39.9765262
          ]
        ]
      }
    },
    {
      "type": "Feature",
      "id": "way/122348825",
      "properties": {
        "highway": "residential",
        "osm_id": "122348825",
        "osm_type": "way"
      },
      "geometry": {
        "type": "LineString",
        "coordinates": [
          [
            116.338666,
            39.9752591
          ],
          [
            116.3386619,
            39.9752956
          ],
          [
            116.338661,
            39.97537
          ],
          [
            116.3386597,
            39.9754543
          ]
        ]
      }
    },
    {
      "type": "Feature",
      "id": "way/122348826",
      "properties": {
        "highway": "footway",
        "osm_id": "122348826",
        "osm_type": "way"
      },
      "geometry": {
        "type": "LineString",
        "coordinates": [
          [
            116.3395387,
            39.9752625
          ],
          [
            116.3395404,
            39.9751918
          ],
          [
            116.339542,
            39.9751254
          ],
          [
            116.3395441,
            39.9750366
          ],
          [
            116.3395457,
            39.9749712
          ],
          [
            116.3395471,
            39.9749112
          ],
          [
            116.3395501,
            39.9747869
          ]
        ]
      }
    },
    {
      "type": "Feature",
      "id": "way/122348827",
      "properties": {
        "highway": "footway",
        "osm_id": "122348827",
        "osm_type": "way"
      },
      "geometry": {
        "type": "LineString",
        "coordinates": [
          [
            116.3392549,
            39.9765262
          ],
          [
            116.3392558,
            39.9764711
          ],
          [
            116.3392665,
            39.9757905
          ],
          [
            116.339261,
            39.9753057
          ],
          [
            116.3392784,
            39.9751913
          ],
          [
            116.3392798,
            39.9751234
          ],
          [
            116.3392815,
            39.9750345
          ],
          [
            116.3392828,
            39.9749684
          ],
          [
            116.3392839,
            39.9749144
          ]
        ]
      }
    },
    {
      "type": "Feature",
      "id": "way/122349989",
      "properties": {
        "highway": "footway",
        "osm_id": "122349989",
        "osm_type": "way"
      },
      "geometry": {
        "type": "LineString",
        "coordinates": [
          [
            116.3355708,
            39.9760257
          ],
          [
            116.3358029,
            39.9761946
          ]
        ]
      }
    },
    {
      "type": "Feature",
      "id": "way/122349990",
      "properties": {
        "bicycle": "designated",
        "bridge": "yes",
        "foot": "designated",
        "highway": "cycleway",
        "layer": "1",
        "lit": "yes",
        "osm_id": "122349990",
        "osm_type": "way"
      },
      "geometry": {
        "type": "LineString",
        "coordinates": [
          [
            116.334233,
            39.9752336
          ],
          [
            116.3343014,
            39.9748482
          ]
        ]
      }
    },
    {
      "type": "Feature",
      "id": "way/122349993",
      "properties": {
        "highway": "footway",
        "lit": "yes",
        "osm_id": "122349993",
        "osm_type": "way"
      },
      "geometry": {
        "type": "LineString",
        "coordinates": [
          [
            116.3342773,
            39.9752562
          ],
          [
            116.3342794,
            39.9752385
          ]
        ]
      }
    },
    {
      "type": "Feature",
      "id": "way/122349999",
      "properties": {
        "highway": "steps",
        "lit": "yes",
        "ramp": "no",
        "osm_id": "122349999",
        "osm_type": "way"
      },
      "geometry": {
        "type": "LineString",
        "coordinates": [
          [
            116.3343166,
            39.975261
          ],
          [
            116.3342773,
            39.9752562
          ]
        ]
      }
    },
    {
      "type": "Feature",
      "id": "way/122350001",
      "properties": {
        "highway": "footway",
        "lit": "yes",
        "osm_id": "122350001",
        "osm_type": "way"
      },
      "geometry": {
        "type": "LineString",
        "coordinates": [
          [
            116.3343179,
            39.9752956
          ],
          [
            116.3343166,
            39.975261
          ]
        ]
      }
    },
    {
      "type": "Feature",
      "id": "way/122350004",
      "properties": {
        "highway": "service",
        "osm_id": "122350004",
        "osm_type": "way"
      },
      "geometry": {
        "type": "LineString",
        "coordinates": [
          [
            116.3347537,
            39.9773831
          ],
          [
            116.3347477,
            39.9774254
          ]
        ]
      }
    },
    {
      "type": "Feature",
      "id": "way/122350006",
      "properties": {
        "bridge": "yes",
        "highway": "footway",
        "layer": "1",
        "lit": "no",
        "osm_id": "122350006",
        "osm_type": "way"
      },
      "geometry": {
        "type": "LineString",
        "coordinates": [
          [
            116.3340958,
            39.9748701
          ],
          [
            116.3340379,
            39.9752351
          ]
        ]
      }
    },
    {
      "type": "Feature",
      "id": "way/122350008",
      "properties": {
        "highway": "footway",
        "osm_id": "122350008",
        "osm_type": "way"
      },
      "geometry": {
        "type": "LineString",
        "coordinates": [
          [
            116.3366246,
            39.9754773
          ],
          [
            116.3366248,
            39.9753952
          ],
          [
            116.3365943,
            39.9753953
          ],
          [
            116.336246,
            39.9753909
          ],
          [
            116.3352515,
            39.9753818
          ],
          [
            116.3351793,
            39.9753148
          ]
        ]
      }
    },
    {
      "type": "Feature",
      "id": "way/122350009",
      "properties": {
        "highway": "footway",
        "osm_id": "122350009",
        "osm_type": "way"
      },
      "geometry": {
        "type": "LineString",
        "coordinates": [
          [
            116.334103,
            39.9782448
          ],
          [
            116.3339513,
            39.9781104
          ],
          [
            116.3337773,
            39.9779283
          ],
          [
            116.3337062,
            39.9778236
          ]
        ]
      }
    },
    {
      "type": "Feature",
      "id": "way/122350010",
      "properties": {
        "highway": "service",
        "osm_id": "122350010",
        "osm_type": "way"
      },
      "geometry": {
        "type": "LineString",
        "coordinates": [
          [
            116.3340895,
            39.9752972
          ],
          [
            116.3343179,
            39.9752956
          ],
          [
            116.3351793,
            39.9753148
          ],
          [
            116.3371369,
            39.9753295
          ]
        ]
      }
    },
    {
      "type": "Feature",
      "id": "way/122350023",
      "properties": {
        "leisure": "pitch",
        "sport": "soccer",
        "osm_id": "122350023",
        "osm_type": "way"
      },
      "geometry": {
        "type": "Polygon",
        "coordinates": [
          [
            [
              116.3344194,
              39.9771703
            ],
            [
              116.3347525,
              39.9771985
            ],
            [
              116.334816,
              39.9767581
            ],
            [
              116.3344829,
              39.9767299
            ],
            [
              116.3344194,
              39.9771703
            ]
          ]
        ]
      }
    },
    {
      "type": "Feature",
      "id": "way/122350024",
      "properties": {
        "leisure": "pitch",
        "sport": "tennis",
        "osm_id": "122350024",
        "osm_type": "way"
      },
      "geometry": {
        "type": "Polygon",
        "coordinates": [
          [
            [
              116.3341228,
              39.9762747
            ],
            [
              116.3342894,
              39.9762921
            ],
            [
              116.3343457,
              39.9759763
            ],
            [
              116.334179,
              39.9759589
            ],
            [
              116.3341228,
              39.9762747
            ]
          ]
        ]
      }
    },
    {
      "type": "Feature",
      "id": "way/122350026",
      "properties": {
        "highway": "footway",
        "osm_id": "122350026",
        "osm_type": "way"
      },
      "geometry": {
        "type": "LineString",
        "coordinates": [
          [
            116.3339131,
            39.9794382
          ],
          [
            116.3339701,
            39.979331
          ],
          [
            116.3340385,
            39.979261
          ],
          [
            116.3340716,
            39.9792053
          ],
          [
            116.3340864,
            39.9791323
          ],
          [
            116.3341092,
            39.9789812
          ],
          [
            116.3341786,
            39.9785719
          ]
        ]
      }
    },
    {
      "type": "Feature",
      "id": "way/122350029",
      "properties": {
        "building": "yes",
        "osm_id": "122350029",
        "osm_type": "way"
      },
      "geometry": {
        "type": "Polygon",
        "coordinates": [
          [
            [
              116.3354336,
              39.9763403
            ],
            [
              116.3354691,
              39.9762776
            ],
            [
              116.3355599,
              39.9761706
            ],
            [
              116.3356376,
              39.9761124
            ],
            [
              116.3357168,
              39.9761947
            ],
            [
              116.3355748,
              39.9763738
            ],
            [
              116.3354336,
              39.9763403
            ]
          ]
        ]
      }
    },
    {
      "type": "Feature",
      "id": "way/122363706",
      "properties": {
        "highway": "footway",
        "lit": "no",
        "osm_id": "122363706",
        "osm_type": "way"
      },
      "geometry": {
        "type": "LineString",
        "coordinates": [
          [
            116.3340379,
            39.9752351
          ],
          [
            116.3339877,
            39.9752358
          ]
        ]
      }
    },
    {
      "type": "Feature",
      "id": "way/128690897",
      "properties": {
        "highway": "tertiary",
        "layer": "-1",
        "name": "北四环西路",
        "name:zh": "北四环西路",
        "name:zh-Hans": "北四环西路",
        "name:zh-Hant": "北四環西路",
        "oneway": "yes",
        "osm_id": "128690897",
        "osm_type": "way"
      },
      "geometry": {
        "type": "LineString",
        "coordinates": [
          [
            116.3288051,
            39.9845641
          ],
          [
            116.3290379,
            39.9845762
          ],
          [
            116.3300926,
            39.9846231
          ],
          [
            116.3317256,
            39.9847142
          ],
          [
            116.3333858,
            39.9847654
          ],
          [
            116.3341265,
            39.9847284
          ]
        ]
      }
    },
    {
      "type": "Feature",
      "id": "way/131835343",
      "properties": {
        "addr:housename": "游泳馆",
        "building": "yes",
        "leisure": "sports_centre",
        "name": "游泳馆",
        "name:de": "Schwimmhalle",
        "name:en": "Swimming Hall",
        "name:zh": "游泳馆",
        "name:zh-Hans": "游泳馆",
        "name:zh-Hant": "游泳館",
        "opening_hours": "07:00-8:30,12:00-13:30,16:00-18:00,18:30-20:30",
        "sport": "swimming",
        "osm_id": "131835343",
        "osm_type": "way"
      },
      "geometry": {
        "type": "Polygon",
        "coordinates": [
          [
            [
              116.342112,
              39.9794333
            ],
            [
              116.3422566,
              39.9794391
            ],
            [
              116.3426391,
              39.9794543
            ],
            [
              116.3426854,
              39.9787715
            ],
            [
              116.3421583,
              39.9787505
            ],
            [
              116.342112,
              39.9794333
            ]
          ]
        ]
      }
    },
    {
      "type": "Feature",
      "id": "way/136569142",
      "properties": {
        "highway": "footway",
        "osm_id": "136569142",
        "osm_type": "way"
      },
      "geometry": {
        "type": "LineString",
        "coordinates": [
          [
            116.3434784,
            39.9856957
          ],
          [
            116.3423634,
            39.9856665
          ],
          [
            116.3423025,
            39.9856666
          ],
          [
            116.3421059,
            39.985667
          ]
        ]
      }
    },
    {
      "type": "Feature",
      "id": "way/136569148",
      "properties": {
        "highway": "footway",
        "osm_id": "136569148",
        "osm_type": "way"
      },
      "geometry": {
        "type": "LineString",
        "coordinates": [
          [
            116.3396487,
            39.9856113
          ],
          [
            116.3393259,
            39.9856099
          ],
          [
            116.3386481,
            39.9856084
          ]
        ]
      }
    },
    {
      "type": "Feature",
      "id": "way/136569149",
      "properties": {
        "highway": "footway",
        "osm_id": "136569149",
        "osm_type": "way"
      },
      "geometry": {
        "type": "LineString",
        "coordinates": [
          [
            116.3391584,
            39.9849097
          ],
          [
            116.3390768,
            39.984906
          ],
          [
            116.3380305,
            39.9848325
          ],
          [
            116.3379424,
            39.9848459
          ]
        ]
      }
    },
    {
      "type": "Feature",
      "id": "way/136702234",
      "properties": {
        "highway": "tertiary_link",
        "oneway": "yes",
        "osm_id": "136702234",
        "osm_type": "way"
      },
      "geometry": {
        "type": "LineString",
        "coordinates": [
          [
            116.3473024,
            39.975213
          ],
          [
            116.3472549,
            39.9751157
          ]
        ]
      }
    },
    {
      "type": "Feature",
      "id": "way/136702242",
      "properties": {
        "highway": "tertiary",
        "name": "西土城路",
        "oneway": "yes",
        "osm_id": "136702242",
        "osm_type": "way"
      },
      "geometry": {
        "type": "LineString",
        "coordinates": [
          [
            116.3472549,
            39.9751157
          ],
          [
            116.3472111,
            39.9750275
          ],
          [
            116.347134,
            39.9748757
          ],
          [
            116.3469097,
            39.9744672
          ],
          [
            116.3467868,
            39.9741287
          ],
          [
            116.3467366,
            39.973831
          ],
          [
            116.3467498,
            39.9730825
          ],
          [
            116.3467511,
            39.9728333
          ],
          [
            116.3467665,
            39.9719708
          ],
          [
            116.3467827,
            39.9714321
          ],
          [
            116.3467859,
            39.9713247
          ],
          [
            116.3467927,
            39.9710974
          ],
          [
            116.3468092,
            39.9706505
          ]
        ]
      }
    },
    {
      "type": "Feature",
      "id": "way/136867394",
      "properties": {
        "highway": "trunk",
        "name": "学院路",
        "name:en": "Xueyuan Road",
        "name:zh": "学院路",
        "name:zh-Hans": "学院路",
        "name:zh-Hant": "學院路",
        "oneway": "yes",
        "osm_id": "136867394",
        "osm_type": "way"
      },
      "geometry": {
        "type": "LineString",
        "coordinates": [
          [
            116.3477269,
            39.9779404
          ],
          [
            116.3477942,
            39.976316
          ]
        ]
      }
    },
    {
      "type": "Feature",
      "id": "way/136867399",
      "properties": {
        "highway": "footway",
        "osm_id": "136867399",
        "osm_type": "way"
      },
      "geometry": {
        "type": "LineString",
        "coordinates": [
          [
            116.3476805,
            39.9818907
          ],
          [
            116.3477207,
            39.9816966
          ]
        ]
      }
    },
    {
      "type": "Feature",
      "id": "way/136867408",
      "properties": {
        "highway": "footway",
        "osm_id": "136867408",
        "osm_type": "way"
      },
      "geometry": {
        "type": "LineString",
        "coordinates": [
          [
            116.3473714,
            39.9819387
          ],
          [
            116.3473393,
            39.9817668
          ],
          [
            116.3473754,
            39.9812143
          ],
          [
            116.3474196,
            39.9810314
          ],
          [
            116.3474317,
            39.9809461
          ]
        ]
      }
    },
    {
      "type": "Feature",
      "id": "way/136867409",
      "properties": {
        "bridge": "yes",
        "highway": "steps",
        "layer": "1",
        "osm_id": "136867409",
        "osm_type": "way"
      },
      "geometry": {
        "type": "LineString",
        "coordinates": [
          [
            116.3473652,
            39.9820853
          ],
          [
            116.3473714,
            39.9819387
          ]
        ]
      }
    },
    {
      "type": "Feature",
      "id": "way/136867411",
      "properties": {
        "bridge": "yes",
        "highway": "steps",
        "layer": "1",
        "osm_id": "136867411",
        "osm_type": "way"
      },
      "geometry": {
        "type": "LineString",
        "coordinates": [
          [
            116.3476621,
            39.9821019
          ],
          [
            116.3476805,
            39.9818907
          ]
        ]
      }
    },
    {
      "type": "Feature",
      "id": "way/136867413",
      "properties": {
        "highway": "tertiary",
        "name": "学院路",
        "oneway": "yes",
        "osm_id": "136867413",
        "osm_type": "way"
      },
      "geometry": {
        "type": "LineString",
        "coordinates": [
          [
            116.3476711,
            39.9762586
          ],
          [
            116.3476312,
            39.9759973
          ],
          [
            116.3475168,
            39.9756373
          ]
        ]
      }
    },
    {
      "type": "Feature",
      "id": "way/136879968",
      "properties": {
        "highway": "tertiary",
        "junction": "roundabout",
        "maxheight": "2.5",
        "osm_id": "136879968",
        "osm_type": "way"
      },
      "geometry": {
        "type": "LineString",
        "coordinates": [
          [
            116.3470517,
            39.9850152
          ],
          [
            116.3475933,
            39.9850363
          ]
        ]
      }
    },
    {
      "type": "Feature",
      "id": "way/136879969",
      "properties": {
        "highway": "tertiary_link",
        "oneway": "yes",
        "osm_id": "136879969",
        "osm_type": "way"
      },
      "geometry": {
        "type": "LineString",
        "coordinates": [
          [
            116.3467685,
            39.9857998
          ],
          [
            116.3467422,
            39.9857987
          ],
          [
            116.3445058,
            39.9857013
          ],
          [
            116.3443265,
            39.9856412
          ],
          [
            116.3442196,
            39.9856054
          ]
        ]
      }
    },
    {
      "type": "Feature",
      "id": "way/136879970",
      "properties": {
        "highway": "tertiary",
        "junction": "roundabout",
        "maxheight": "2.5",
        "osm_id": "136879970",
        "osm_type": "way"
      },
      "geometry": {
        "type": "LineString",
        "coordinates": [
          [
            116.3477912,
            39.9852034
          ],
          [
            116.3477552,
            39.985878
          ]
        ]
      }
    },
    {
      "type": "Feature",
      "id": "way/136879973",
      "properties": {
        "highway": "tertiary_link",
        "oneway": "yes",
        "osm_id": "136879973",
        "osm_type": "way"
      },
      "geometry": {
        "type": "LineString",
        "coordinates": [
          [
            116.3477912,
            39.9852034
          ],
          [
            116.3478361,
            39.9852049
          ],
          [
            116.348512,
            39.9852272
          ],
          [
            116.3502278,
            39.9852837
          ],
          [
            116.3504939,
            39.9853809
          ]
        ]
      }
    },
    {
      "type": "Feature",
      "id": "way/144929508",
      "properties": {
        "highway": "trunk",
        "name": "学院路",
        "name:en": "Xueyuan Road",
        "name:zh": "学院路",
        "name:zh-Hans": "学院路",
        "name:zh-Hant": "學院路",
        "oneway": "yes",
        "osm_id": "144929508",
        "osm_type": "way"
      },
      "geometry": {
        "type": "LineString",
        "coordinates": [
          [
            116.3478337,
            39.9781062
          ],
          [
            116.3477917,
            39.9791062
          ],
          [
            116.3476957,
            39.9807533
          ]
        ]
      }
    },
    {
      "type": "Feature",
      "id": "way/144929509",
      "properties": {
        "highway": "primary",
        "name": "知春路",
        "name:en": "Zhichun Road",
        "name:zh": "知春路",
        "name:zh-Hans": "知春路",
        "name:zh-Hant": "知春路",
        "oneway": "yes",
        "sidewalk": "no",
        "surface": "asphalt",
        "osm_id": "144929509",
        "osm_type": "way"
      },
      "geometry": {
        "type": "LineString",
        "coordinates": [
          [
            116.3473024,
            39.975213
          ],
          [
            116.3461724,
            39.9751936
          ],
          [
            116.3442298,
            39.9751592
          ],
          [
            116.3420841,
            39.9751308
          ],
          [
            116.339542,
            39.9751254
          ],
          [
            116.3393885,
            39.9751246
          ]
        ]
      }
    },
    {
      "type": "Feature",
      "id": "way/144929512",
      "properties": {
        "highway": "trunk_link",
        "oneway": "yes",
        "osm_id": "144929512",
        "osm_type": "way"
      },
      "geometry": {
        "type": "LineString",
        "coordinates": [
          [
            116.3480282,
            39.9773237
          ],
          [
            116.3478337,
            39.9781062
          ]
        ]
      }
    },
    {
      "type": "Feature",
      "id": "way/144929516",
      "properties": {
        "highway": "tertiary_link",
        "oneway": "yes",
        "osm_id": "144929516",
        "osm_type": "way"
      },
      "geometry": {
        "type": "LineString",
        "coordinates": [
          [
            116.3481176,
            39.9753197
          ],
          [
            116.3473456,
            39.9753084
          ]
        ]
      }
    },
    {
      "type": "Feature",
      "id": "way/144929521",
      "properties": {
        "highway": "tertiary",
        "name": "学院路",
        "name:en": "Xueyuan Road",
        "name:zh": "学院路",
        "name:zh-Hans": "学院路",
        "name:zh-Hant": "學院路",
        "oneway": "yes",
        "osm_id": "144929521",
        "osm_type": "way"
      },
      "geometry": {
        "type": "LineString",
        "coordinates": [
          [
            116.3480282,
            39.9773237
          ],
          [
            116.3480095,
            39.9777869
          ],
          [
            116.3480056,
            39.9778828
          ],
          [
            116.3479015,
            39.979249
          ],
          [
            116.3478665,
            39.9799374
          ],
          [
            116.3478654,
            39.9799588
          ],
          [
            116.3478622,
            39.9800223
          ]
        ]
      }
    },
    {
      "type": "Feature",
      "id": "way/144929524",
      "properties": {
        "highway": "tertiary",
        "name": "知春路",
        "name:zh": "知春路",
        "name:zh-Hans": "知春路",
        "name:zh-Hant": "知春路",
        "oneway": "yes",
        "surface": "asphalt",
        "osm_id": "144929524",
        "osm_type": "way"
      },
      "geometry": {
        "type": "LineString",
        "coordinates": [
          [
            116.3473456,
            39.9753084
          ],
          [
            116.3461952,
            39.9752955
          ],
          [
            116.3460401,
            39.9752938
          ],
          [
            116.3456558,
            39.9752587
          ],
          [
            116.3442246,
            39.9752394
          ],
          [
            116.3421293,
            39.9752235
          ],
          [
            116.3420483,
            39.9752224
          ],
          [
            116.3395404,
            39.9751918
          ],
          [
            116.3393868,
            39.9751906
          ],
          [
            116.3392784,
            39.9751913
          ],
          [
            116.3391423,
            39.9752201
          ],
          [
            116.338666,
            39.9752591
          ],
          [
            116.338079,
            39.9752563
          ],
          [
            116.3373049,
            39.9752203
          ]
        ]
      }
    },
    {
      "type": "Feature",
      "id": "way/156469320",
      "properties": {
        "highway": "secondary_link",
        "osm_id": "156469320",
        "osm_type": "way"
      },
      "geometry": {
        "type": "LineString",
        "coordinates": [
          [
            116.3420811,
            39.9750596
          ],
          [
            116.3420841,
            39.9751308
          ]
        ]
      }
    },
    {
      "type": "Feature",
      "id": "way/163056993",
      "properties": {
        "highway": "trunk",
        "name": "学院路",
        "name:en": "Xueyuan Road",
        "name:zh": "学院路",
        "name:zh-Hans": "学院路",
        "name:zh-Hant": "學院路",
        "oneway": "yes",
        "osm_id": "163056993",
        "osm_type": "way"
      },
      "geometry": {
        "type": "LineString",
        "coordinates": [
          [
            116.3476957,
            39.9807533
          ],
          [
            116.3476489,
            39.9811413
          ],
          [
            116.3476313,
            39.9813659
          ],
          [
            116.3476123,
            39.9816081
          ],
          [
            116.3474934,
            39.9831226
          ],
          [
            116.3474955,
            39.9831921
          ],
          [
            116.3475006,
            39.9833609
          ]
        ]
      }
    },
    {
      "type": "Feature",
      "id": "way/163057020",
      "properties": {
        "bridge": "yes",
        "highway": "footway",
        "osm_id": "163057020",
        "osm_type": "way"
      },
      "geometry": {
        "type": "LineString",
        "coordinates": [
          [
            116.3474515,
            39.9782262
          ],
          [
            116.3474317,
            39.977992
          ],
          [
            116.3474114,
            39.9777927
          ]
        ]
      }
    },
    {
      "type": "Feature",
      "id": "way/163057031",
      "properties": {
        "highway": "tertiary",
        "name": "学院路",
        "name:en": "Xueyuan Road",
        "name:zh": "学院路",
        "name:zh-Hans": "学院路",
        "name:zh-Hant": "學院路",
        "oneway": "yes",
        "osm_id": "163057031",
        "osm_type": "way"
      },
      "geometry": {
        "type": "LineString",
        "coordinates": [
          [
            116.3478473,
            39.9804556
          ],
          [
            116.3478804,
            39.9806242
          ],
          [
            116.3477857,
            39.9816981
          ],
          [
            116.3476876,
            39.98281
          ],
          [
            116.3476397,
            39.9837881
          ]
        ]
      }
    },
    {
      "type": "Feature",
      "id": "way/170473545",
      "properties": {
        "bridge": "yes",
        "highway": "trunk",
        "layer": "1",
        "name": "学院路",
        "name:en": "Xueyuan Road",
        "name:zh": "学院路",
        "name:zh-Hans": "学院路",
        "name:zh-Hant": "學院路",
        "oneway": "yes",
        "osm_id": "170473545",
        "osm_type": "way"
      },
      "geometry": {
        "type": "LineString",
        "coordinates": [
          [
            116.347197,
            39.9852733
          ],
          [
            116.3472144,
            39.9851151
          ],
          [
            116.3472606,
            39.9839648
          ]
        ]
      }
    },
    {
      "type": "Feature",
      "id": "way/170473549",
      "properties": {
        "bridge": "yes",
        "highway": "tertiary_link",
        "layer": "1",
        "maxheight": "4",
        "oneway": "yes",
        "osm_id": "170473549",
        "osm_type": "way"
      },
      "geometry": {
        "type": "LineString",
        "coordinates": [
          [
            116.3476537,
            39.9857348
          ],
          [
            116.3476867,
            39.9852932
          ]
        ]
      }
    },
    {
      "type": "Feature",
      "id": "way/170473550",
      "properties": {
        "bridge": "yes",
        "highway": "tertiary_link",
        "layer": "1",
        "maxheight": "4",
        "oneway": "yes",
        "osm_id": "170473550",
        "osm_type": "way"
      },
      "geometry": {
        "type": "LineString",
        "coordinates": [
          [
            116.3470154,
            39.9852662
          ],
          [
            116.3469819,
            39.985711
          ]
        ]
      }
    },
    {
      "type": "Feature",
      "id": "way/170473551",
      "properties": {
        "bridge": "yes",
        "highway": "tertiary",
        "layer": "1",
        "name": "北四环中路",
        "name:zh": "北四环中路",
        "name:zh-Hans": "北四环中路",
        "name:zh-Hant": "北四環中路",
        "oneway": "yes",
        "osm_id": "170473551",
        "osm_type": "way"
      },
      "geometry": {
        "type": "LineString",
        "coordinates": [
          [
            116.347197,
            39.9852733
          ],
          [
            116.3473973,
            39.9852797
          ]
        ]
      }
    },
    {
      "type": "Feature",
      "id": "way/170473552",
      "properties": {
        "highway": "tertiary",
        "layer": "-1",
        "name": "北四环中路",
        "name:en": "North 4th Ring Road",
        "name:zh": "北四环中路",
        "name:zh-Hans": "北四环中路",
        "name:zh-Hant": "北四環中路",
        "oneway": "yes",
        "osm_id": "170473552",
        "osm_type": "way"
      },
      "geometry": {
        "type": "LineString",
        "coordinates": [
          [
            116.3341265,
            39.9847284
          ],
          [
            116.337459,
            39.9849375
          ],
          [
            116.3377852,
            39.9849792
          ]
        ]
      }
    },
    {
      "type": "Feature",
      "id": "way/170473555",
      "properties": {
        "bridge": "yes",
        "highway": "primary",
        "layer": "1",
        "maxheight": "4",
        "name": "学院路",
        "name:en": "Xueyuan Road",
        "name:zh": "学院路",
        "name:zh-Hans": "学院路",
        "name:zh-Hant": "學院路",
        "oneway": "yes",
        "osm_id": "170473555",
        "osm_type": "way"
      },
      "geometry": {
        "type": "LineString",
        "coordinates": [
          [
            116.3473973,
            39.9852797
          ],
          [
            116.3473717,
            39.9857271
          ]
        ]
      }
    },
    {
      "type": "Feature",
      "id": "way/170473556",
      "properties": {
        "bridge": "yes",
        "highway": "primary",
        "layer": "1",
        "maxheight": "4",
        "name": "学院路",
        "name:en": "Xueyuan Road",
        "name:zh": "学院路",
        "name:zh-Hans": "学院路",
        "name:zh-Hant": "學院路",
        "oneway": "yes",
        "osm_id": "170473556",
        "osm_type": "way"
      },
      "geometry": {
        "type": "LineString",
        "coordinates": [
          [
            116.3471719,
            39.9857184
          ],
          [
            116.347197,
            39.9852733
          ]
        ]
      }
    },
    {
      "type": "Feature",
      "id": "way/170613299",
      "properties": {
        "highway": "cycleway",
        "oneway": "yes",
        "osm_id": "170613299",
        "osm_type": "way"
      },
      "geometry": {
        "type": "LineString",
        "coordinates": [
          [
            116.3342865,
            39.9853871
          ],
          [
            116.3333795,
            39.9853597
          ],
          [
            116.3331314,
            39.9854104
          ],
          [
            116.3291087,
            39.9851738
          ],
          [
            116.3288757,
            39.985183
          ],
          [
            116.3280681,
            39.9851319
          ],
          [
            116.3274368,
            39.98508
          ],
          [
            116.3272565,
            39.9850679
          ],
          [
            116.327172,
            39.9850623
          ],
          [
            116.3270346,
            39.9850531
          ],
          [
            116.3269127,
            39.9850449
          ],
          [
            116.3268523,
            39.9850409
          ],
          [
            116.326716,
            39.9850318
          ],
          [
            116.324013,
            39.9849459
          ],
          [
            116.3227458,
            39.9849057
          ],
          [
            116.3211064,
            39.9848536
          ],
          [
            116.3202921,
            39.9848278
          ],
          [
            116.3193315,
            39.9847973
          ],
          [
            116.3176958,
            39.9847453
          ],
          [
            116.3159124,
            39.9846887
          ],
          [
            116.3142406,
            39.9846356
          ],
          [
            116.3141628,
            39.9846332
          ],
          [
            116.3140727,
            39.9846256
          ],
          [
            116.3137722,
            39.9846159
          ],
          [
            116.3129358,
            39.9845887
          ],
          [
            116.3120324,
            39.9845594
          ],
          [
            116.3109764,
            39.9845421
          ],
          [
            116.3107158,
            39.9845325
          ],
          [
            116.3103714,
            39.9845198
          ],
          [
            116.3102621,
            39.9845158
          ],
          [
            116.3101491,
            39.9845116
          ],
          [
            116.310017,
            39.9845068
          ],
          [
            116.3099104,
            39.9845028
          ],
          [
            116.3098595,
            39.984501
          ],
          [
            116.3096173,
            39.984492
          ],
          [
            116.3089645,
            39.984464
          ],
          [
            116.308485,
            39.9844241
          ],
          [
            116.3081511,
            39.9844129
          ],
          [
            116.3067203,
            39.9843836
          ],
          [
            116.3042426,
            39.984333
          ],
          [
            116.3036317,
            39.9843205
          ],
          [
            116.3034177,
            39.9843194
          ],
          [
            116.3022542,
            39.9843759
          ],
          [
            116.301863,
            39.9843824
          ],
          [
            116.2998128,
            39.9843183
          ],
          [
            116.2997476,
            39.9843123
          ],
          [
            116.2996782,
            39.984306
          ]
        ]
      }
    },
    {
      "type": "Feature",
      "id": "way/170858297",
      "properties": {
        "highway": "trunk_link",
        "oneway": "yes",
        "osm_id": "170858297",
        "osm_type": "way"
      },
      "geometry": {
        "type": "LineString",
        "coordinates": [
          [
            116.3477917,
            39.9791062
          ],
          [
            116.3479015,
            39.979249
          ]
        ]
      }
    },
    {
      "type": "Feature",
      "id": "way/171981509",
      "properties": {
        "cycleway:right": "lane",
        "highway": "tertiary",
        "maxheight": "3.5",
        "name": "知春路",
        "name:zh": "知春路",
        "name:zh-Hans": "知春路",
        "name:zh-Hant": "知春路",
        "oneway": "yes",
        "sidewalk": "right",
        "surface": "asphalt",
        "osm_id": "171981509",
        "osm_type": "way"
      },
      "geometry": {
        "type": "LineString",
        "coordinates": [
          [
            116.3373049,
            39.9752203
          ],
          [
            116.3345103,
            39.9751963
          ],
          [
            116.3343176,
            39.9751976
          ],
          [
            116.3334855,
            39.9751711
          ],
          [
            116.3318237,
            39.9752236
          ]
        ]
      }
    },
    {
      "type": "Feature",
      "id": "way/171983188",
      "properties": {
        "highway": "primary",
        "name": "知春路",
        "name:en": "Zhichun Road",
        "name:zh": "知春路",
        "name:zh-Hans": "知春路",
        "name:zh-Hant": "知春路",
        "oneway": "yes",
        "sidewalk": "no",
        "surface": "asphalt",
        "osm_id": "171983188",
        "osm_type": "way"
      },
      "geometry": {
        "type": "LineString",
        "coordinates": [
          [
            116.3393885,
            39.9751246
          ],
          [
            116.3392798,
            39.9751234
          ],
          [
            116.3391289,
            39.9751541
          ],
          [
            116.3382724,
            39.9751495
          ],
          [
            116.3373076,
            39.9751443
          ]
        ]
      }
    },
    {
      "type": "Feature",
      "id": "way/171983190",
      "properties": {
        "highway": "unclassified",
        "osm_id": "171983190",
        "osm_type": "way"
      },
      "geometry": {
        "type": "LineString",
        "coordinates": [
          [
            116.3393885,
            39.9751246
          ],
          [
            116.3394595,
            39.9750353
          ]
        ]
      }
    },
    {
      "type": "Feature",
      "id": "way/171983196",
      "properties": {
        "highway": "footway",
        "lit": "yes",
        "surface": "asphalt",
        "osm_id": "171983196",
        "osm_type": "way"
      },
      "geometry": {
        "type": "LineString",
        "coordinates": [
          [
            116.338079,
            39.9752563
          ],
          [
            116.3380781,
            39.9752961
          ]
        ]
      }
    },
    {
      "type": "Feature",
      "id": "way/172179667",
      "properties": {
        "highway": "primary",
        "name": "知春路",
        "name:en": "Zhichun Road",
        "oneway": "yes",
        "sidewalk": "no",
        "osm_id": "172179667",
        "osm_type": "way"
      },
      "geometry": {
        "type": "LineString",
        "coordinates": [
          [
            116.3420811,
            39.9750596
          ],
          [
            116.3439634,
            39.9750796
          ],
          [
            116.3472549,
            39.9751157
          ]
        ]
      }
    },
    {
      "type": "Feature",
      "id": "way/188356144",
      "properties": {
        "bridge": "yes",
        "highway": "footway",
        "layer": "1",
        "osm_id": "188356144",
        "osm_type": "way"
      },
      "geometry": {
        "type": "LineString",
        "coordinates": [
          [
            116.3473173,
            39.9803914
          ],
          [
            116.3479179,
            39.980418
          ]
        ]
      }
    },
    {
      "type": "Feature",
      "id": "way/190405979",
      "properties": {
        "access": "no",
        "building": "yes",
        "name": "天行网球馆",
        "name:zh": "天行网球馆",
        "name:zh-Hans": "天行网球馆",
        "name:zh-Hant": "天行網球館",
        "osm_id": "190405979",
        "osm_type": "way"
      },
      "geometry": {
        "type": "Polygon",
        "coordinates": [
          [
            [
              116.3421051,
              39.9786688
            ],
            [
              116.3421222,
              39.9780499
            ],
            [
              116.3425779,
              39.9780573
            ],
            [
              116.3425608,
              39.9786762
            ],
            [
              116.3421051,
              39.9786688
            ]
          ]
        ]
      }
    },
    {
      "type": "Feature",
      "id": "way/190406471",
      "properties": {
        "building": "yes",
        "name": "第十馆",
        "name:zh": "第十馆",
        "name:zh-Hans": "第十馆",
        "name:zh-Hant": "第十館",
        "osm_id": "190406471",
        "osm_type": "way"
      },
      "geometry": {
        "type": "Polygon",
        "coordinates": [
          [
            [
              116.3429982,
              39.9787026
            ],
            [
              116.3430105,
              39.9784285
            ],
            [
              116.343516,
              39.9784418
            ],
            [
              116.3438006,
              39.9784493
            ],
            [
              116.3437884,
              39.9787233
            ],
            [
              116.3429982,
              39.9787026
            ]
          ]
        ]
      }
    },
    {
      "type": "Feature",
      "id": "way/190426330",
      "properties": {
        "building": "yes",
        "leisure": "sports_centre",
        "name": "体育馆",
        "osm_id": "190426330",
        "osm_type": "way"
      },
      "geometry": {
        "type": "Polygon",
        "coordinates": [
          [
            [
              116.3430908,
              39.9787462
            ],
            [
              116.343082,
              39.9789223
            ],
            [
              116.3428595,
              39.9789158
            ],
            [
              116.3428484,
              39.9791382
            ],
            [
              116.3428413,
              39.97928
            ],
            [
              116.3430792,
              39.979287
            ],
            [
              116.3430711,
              39.9794504
            ],
            [
              116.3433473,
              39.9794585
            ],
            [
              116.3436481,
              39.9794673
            ],
            [
              116.3436566,
              39.9792967
            ],
            [
              116.3438765,
              39.9793031
            ],
            [
              116.3438838,
              39.9791547
            ],
            [
              116.343894,
              39.9789488
            ],
            [
              116.3436951,
              39.978943
            ],
            [
              116.343704,
              39.9787641
            ],
            [
              116.3430908,
              39.9787462
            ]
          ]
        ]
      }
    },
    {
      "type": "Feature",
      "id": "way/190426947",
      "properties": {
        "building": "yes",
        "name": "月宫一号附楼",
        "osm_id": "190426947",
        "osm_type": "way"
      },
      "geometry": {
        "type": "Polygon",
        "coordinates": [
          [
            [
              116.3434463,
              39.9782938
            ],
            [
              116.3434522,
              39.9780831
            ],
            [
              116.3436104,
              39.9780857
            ],
            [
              116.3436076,
              39.9781824
            ],
            [
              116.3436044,
              39.9782964
            ],
            [
              116.3434463,
              39.9782938
            ]
          ]
        ]
      }
    },
    {
      "type": "Feature",
      "id": "way/190426948",
      "properties": {
        "leisure": "pitch",
        "sport": "basketball",
        "osm_id": "190426948",
        "osm_type": "way"
      },
      "geometry": {
        "type": "Polygon",
        "coordinates": [
          [
            [
              116.3411304,
              39.9795595
            ],
            [
              116.3411375,
              39.9794297
            ],
            [
              116.3411397,
              39.9793882
            ],
            [
              116.3411542,
              39.9791254
            ],
            [
              116.3411568,
              39.9790776
            ],
            [
              116.3411601,
              39.9790177
            ],
            [
              116.3412124,
              39.9780629
            ],
            [
              116.3418076,
              39.9780821
            ],
            [
              116.3417296,
              39.9794992
            ],
            [
              116.3417252,
              39.9795787
            ],
            [
              116.3412212,
              39.9795624
            ],
            [
              116.3411304,
              39.9795595
            ]
          ]
        ]
      }
    },
    {
      "type": "Feature",
      "id": "way/190426949",
      "properties": {
        "building": "yes",
        "name": "月宫一号",
        "name:zh": "月宫一号",
        "name:zh-Hans": "月宫一号",
        "name:zh-Hant": "月宮一號",
        "osm_id": "190426949",
        "osm_type": "way"
      },
      "geometry": {
        "type": "Polygon",
        "coordinates": [
          [
            [
              116.3436926,
              39.9782979
            ],
            [
              116.3437009,
              39.9780883
            ],
            [
              116.3438325,
              39.9780914
            ],
            [
              116.3439499,
              39.9780941
            ],
            [
              116.3439416,
              39.9783037
            ],
            [
              116.3436926,
              39.9782979
            ]
          ]
        ]
      }
    },
    {
      "type": "Feature",
      "id": "way/190426979",
      "properties": {
        "building": "residential",
        "name": "404住宅",
        "name:zh": "404住宅",
        "name:zh-Hans": "404住宅",
        "name:zh-Hant": "404住宅",
        "osm_id": "190426979",
        "osm_type": "way"
      },
      "geometry": {
        "type": "Polygon",
        "coordinates": [
          [
            [
              116.3383592,
              39.978107
            ],
            [
              116.3383632,
              39.978001
            ],
            [
              116.3387999,
              39.9780088
            ],
            [
              116.338799,
              39.9781125
            ],
            [
              116.3383592,
              39.978107
            ]
          ]
        ]
      }
    },
    {
      "type": "Feature",
      "id": "way/190426980",
      "properties": {
        "building": "residential",
        "name": "402住宅",
        "name:zh": "402住宅",
        "name:zh-Hans": "402住宅",
        "name:zh-Hant": "402住宅",
        "osm_id": "190426980",
        "osm_type": "way"
      },
      "geometry": {
        "type": "Polygon",
        "coordinates": [
          [
            [
              116.3383013,
              39.979284
            ],
            [
              116.3383069,
              39.9791663
            ],
            [
              116.3383824,
              39.9791681
            ],
            [
              116.3385896,
              39.979173
            ],
            [
              116.3387338,
              39.9791764
            ],
            [
              116.3387282,
              39.9792929
            ],
            [
              116.3383013,
              39.979284
            ]
          ]
        ]
      }
    },
    {
      "type": "Feature",
      "id": "way/190426981",
      "properties": {
        "building": "residential",
        "name": "401住宅",
        "name:zh": "401住宅",
        "name:zh-Hans": "401住宅",
        "name:zh-Hant": "401住宅",
        "osm_id": "190426981",
        "osm_type": "way"
      },
      "geometry": {
        "type": "Polygon",
        "coordinates": [
          [
            [
              116.3382727,
              39.9796284
            ],
            [
              116.3382812,
              39.9795105
            ],
            [
              116.3387525,
              39.9795193
            ],
            [
              116.3387482,
              39.9796352
            ],
            [
              116.3382727,
              39.9796284
            ]
          ]
        ]
      }
    },
    {
      "type": "Feature",
      "id": "way/190426982",
      "properties": {
        "building": "residential",
        "name": "403住宅",
        "name:zh": "403住宅",
        "name:zh-Hans": "403住宅",
        "name:zh-Hant": "403住宅",
        "osm_id": "190426982",
        "osm_type": "way"
      },
      "geometry": {
        "type": "Polygon",
        "coordinates": [
          [
            [
              116.3383441,
              39.9784608
            ],
            [
              116.3383504,
              39.9783453
            ],
            [
              116.3387899,
              39.9783493
            ],
            [
              116.3387836,
              39.9784696
            ],
            [
              116.3383441,
              39.9784608
            ]
          ]
        ]
      }
    },
    {
      "type": "Feature",
      "id": "way/190427033",
      "properties": {
        "building": "residential",
        "name": "406住宅",
        "name:zh": "406住宅",
        "name:zh-Hans": "406住宅",
        "name:zh-Hant": "406住宅",
        "osm_id": "190427033",
        "osm_type": "way"
      },
      "geometry": {
        "type": "Polygon",
        "coordinates": [
          [
            [
              116.3370464,
              39.9784714
            ],
            [
              116.3370532,
              39.9783486
            ],
            [
              116.3381443,
              39.9783843
            ],
            [
              116.3381374,
              39.9785071
            ],
            [
              116.3370464,
              39.9784714
            ]
          ]
        ]
      }
    },
    {
      "type": "Feature",
      "id": "way/190427034",
      "properties": {
        "amenity": "hospital",
        "building": "yes",
        "healthcare": "hospital",
        "name": "北航校医院",
        "name:de": "Krankenhaus",
        "name:en": "Beihang Hospital",
        "osm_id": "190427034",
        "osm_type": "way"
      },
      "geometry": {
        "type": "Polygon",
        "coordinates": [
          [
            [
              116.3371591,
              39.9794638
            ],
            [
              116.3371672,
              39.9793113
            ],
            [
              116.3373811,
              39.979318
            ],
            [
              116.3373899,
              39.9791547
            ],
            [
              116.337178,
              39.979148
            ],
            [
              116.3371862,
              39.9789938
            ],
            [
              116.3379043,
              39.9790164
            ],
            [
              116.337896,
              39.9791733
            ],
            [
              116.3376401,
              39.9791653
            ],
            [
              116.337631,
              39.9793345
            ],
            [
              116.3378785,
              39.9793422
            ],
            [
              116.3378708,
              39.9794862
            ],
            [
              116.3375118,
              39.9794749
            ],
            [
              116.3371591,
              39.9794638
            ]
          ]
        ]
      }
    },
    {
      "type": "Feature",
      "id": "way/190427035",
      "properties": {
        "building": "residential",
        "name": "407住宅",
        "name:zh": "407住宅",
        "name:zh-Hans": "407住宅",
        "name:zh-Hant": "407住宅",
        "osm_id": "190427035",
        "osm_type": "way"
      },
      "geometry": {
        "type": "Polygon",
        "coordinates": [
          [
            [
              116.3370259,
              39.9787778
            ],
            [
              116.3370325,
              39.9786631
            ],
            [
              116.3381385,
              39.9787008
            ],
            [
              116.3381318,
              39.9788154
            ],
            [
              116.3370259,
              39.9787778
            ]
          ]
        ]
      }
    },
    {
      "type": "Feature",
      "id": "way/190427036",
      "properties": {
        "building": "residential",
        "name": "405住宅",
        "name:zh": "405住宅",
        "name:zh-Hans": "405住宅",
        "name:zh-Hant": "405住宅",
        "osm_id": "190427036",
        "osm_type": "way"
      },
      "geometry": {
        "type": "Polygon",
        "coordinates": [
          [
            [
              116.3370749,
              39.9781481
            ],
            [
              116.3370824,
              39.9780347
            ],
            [
              116.3381821,
              39.9780676
            ],
            [
              116.3381745,
              39.9781811
            ],
            [
              116.3370749,
              39.9781481
            ]
          ]
        ]
      }
    },
    {
      "type": "Feature",
      "id": "way/190427568",
      "properties": {
        "building": "dormitory",
        "name": "11公寓",
        "osm_id": "190427568",
        "osm_type": "way"
      },
      "geometry": {
        "type": "Polygon",
        "coordinates": [
          [
            [
              116.3393179,
              39.980181
            ],
            [
              116.3393228,
              39.9800701
            ],
            [
              116.3397152,
              39.9800803
            ],
            [
              116.3397125,
              39.9801418
            ],
            [
              116.3400239,
              39.9801499
            ],
            [
              116.340388,
              39.9801593
            ],
            [
              116.3403905,
              39.9801034
            ],
            [
              116.3407794,
              39.9801135
            ],
            [
              116.3407749,
              39.9802149
            ],
            [
              116.3405874,
              39.98021
            ],
            [
              116.340395,
              39.980205
            ],
            [
              116.340392,
              39.9802714
            ],
            [
              116.3400533,
              39.9802626
            ],
            [
              116.3400192,
              39.9802617
            ],
            [
              116.3399789,
              39.9802606
            ],
            [
              116.3397009,
              39.9802534
            ],
            [
              116.3397077,
              39.9801928
            ],
            [
              116.339509,
              39.9801868
            ],
            [
              116.3393179,
              39.980181
            ]
          ]
        ]
      }
    },
    {
      "type": "Feature",
      "id": "way/190427801",
      "properties": {
        "building": "dormitory",
        "name": "7公寓",
        "name:zh": "7公寓",
        "name:zh-Hans": "7公寓",
        "name:zh-Hant": "7公寓",
        "osm_id": "190427801",
        "osm_type": "way"
      },
      "geometry": {
        "type": "Polygon",
        "coordinates": [
          [
            [
              116.3401015,
              39.9813618
            ],
            [
              116.3401055,
              39.9812386
            ],
            [
              116.3404935,
              39.981246
            ],
            [
              116.3408052,
              39.981252
            ],
            [
              116.3408735,
              39.9812533
            ],
            [
              116.3408671,
              39.9814523
            ],
            [
              116.3407717,
              39.9814505
            ],
            [
              116.3407741,
              39.9813746
            ],
            [
              116.3401015,
              39.9813618
            ]
          ]
        ]
      }
    },
    {
      "type": "Feature",
      "id": "way/190427802",
      "properties": {
        "building": "dormitory",
        "name": "2公寓",
        "name:de": "2. Studentenwohnheim",
        "name:en": "2nd Dormitory",
        "name:zh": "2公寓",
        "name:zh-Hans": "2公寓",
        "name:zh-Hant": "2公寓",
        "osm_id": "190427802",
        "osm_type": "way"
      },
      "geometry": {
        "type": "Polygon",
        "coordinates": [
          [
            [
              116.3390383,
              39.9806212
            ],
            [
              116.3390478,
              39.980475
            ],
            [
              116.3394149,
              39.9804818
            ],
            [
              116.3398394,
              39.9804871
            ],
            [
              116.3398335,
              39.9806333
            ],
            [
              116.3390383,
              39.9806212
            ]
          ]
        ]
      }
    },
    {
      "type": "Feature",
      "id": "way/190427803",
      "properties": {
        "building": "dormitory",
        "name": "10公寓",
        "name:zh": "10公寓",
        "name:zh-Hans": "10公寓",
        "name:zh-Hant": "10公寓",
        "osm_id": "190427803",
        "osm_type": "way"
      },
      "geometry": {
        "type": "Polygon",
        "coordinates": [
          [
            [
              116.3400795,
              39.9817445
            ],
            [
              116.3400885,
              39.9815736
            ],
            [
              116.3401757,
              39.9815763
            ],
            [
              116.3401731,
              39.9816253
            ],
            [
              116.3402974,
              39.9816292
            ],
            [
              116.3406374,
              39.9816397
            ],
            [
              116.340631,
              39.9817616
            ],
            [
              116.3400795,
              39.9817445
            ]
          ]
        ]
      }
    },
    {
      "type": "Feature",
      "id": "way/190427804",
      "properties": {
        "building": "dormitory",
        "name": "9公寓",
        "name:zh": "9公寓",
        "name:zh-Hans": "9公寓",
        "name:zh-Hant": "9公寓",
        "osm_id": "190427804",
        "osm_type": "way"
      },
      "geometry": {
        "type": "Polygon",
        "coordinates": [
          [
            [
              116.3391406,
              39.9817182
            ],
            [
              116.3391454,
              39.9816152
            ],
            [
              116.3395467,
              39.9816261
            ],
            [
              116.339614,
              39.9816279
            ],
            [
              116.3396173,
              39.9815558
            ],
            [
              116.3397143,
              39.9815584
            ],
            [
              116.3397063,
              39.9817335
            ],
            [
              116.3391406,
              39.9817182
            ]
          ]
        ]
      }
    },
    {
      "type": "Feature",
      "id": "way/190427806",
      "properties": {
        "building": "dormitory",
        "name": "4公寓",
        "name:zh": "4公寓",
        "name:zh-Hans": "4公寓",
        "name:zh-Hant": "4公寓",
        "osm_id": "190427806",
        "osm_type": "way"
      },
      "geometry": {
        "type": "Polygon",
        "coordinates": [
          [
            [
              116.3382298,
              39.9817195
            ],
            [
              116.3382411,
              39.9814767
            ],
            [
              116.3383701,
              39.9814802
            ],
            [
              116.3383665,
              39.9815581
            ],
            [
              116.3384017,
              39.9815591
            ],
            [
              116.3384002,
              39.9815908
            ],
            [
              116.338648,
              39.9815976
            ],
            [
              116.3388858,
              39.9816041
            ],
            [
              116.3388892,
              39.9815309
            ],
            [
              116.3390702,
              39.9815358
            ],
            [
              116.3390606,
              39.9817422
            ],
            [
              116.3382298,
              39.9817195
            ]
          ]
        ]
      }
    },
    {
      "type": "Feature",
      "id": "way/190427808",
      "properties": {
        "building": "dormitory",
        "building:levels": "7",
        "name": "3公寓",
        "name:zh": "3公寓",
        "name:zh-Hans": "3公寓",
        "name:zh-Hant": "3公寓",
        "osm_id": "190427808",
        "osm_type": "way"
      },
      "geometry": {
        "type": "Polygon",
        "coordinates": [
          [
            [
              116.3389946,
              39.9813811
            ],
            [
              116.3390091,
              39.981175
            ],
            [
              116.3393561,
              39.9811894
            ],
            [
              116.3397971,
              39.9812077
            ],
            [
              116.3397879,
              39.9813384
            ],
            [
              116.3391165,
              39.9813105
            ],
            [
              116.3391112,
              39.9813859
            ],
            [
              116.3389946,
              39.9813811
            ]
          ]
        ]
      }
    },
    {
      "type": "Feature",
      "id": "way/190427809",
      "properties": {
        "building": "dormitory",
        "building:levels": "7",
        "name": "5公寓",
        "osm_id": "190427809",
        "osm_type": "way"
      },
      "geometry": {
        "type": "Polygon",
        "coordinates": [
          [
            [
              116.3409836,
              39.9802266
            ],
            [
              116.3409861,
              39.9800944
            ],
            [
              116.3416816,
              39.9801021
            ],
            [
              116.3417249,
              39.9801026
            ],
            [
              116.3417223,
              39.9802397
            ],
            [
              116.341721,
              39.9803071
            ],
            [
              116.3416303,
              39.9803061
            ],
            [
              116.3416317,
              39.9802339
            ],
            [
              116.3412205,
              39.980227
            ],
            [
              116.3411674,
              39.9802276
            ],
            [
              116.3409836,
              39.9802266
            ]
          ]
        ]
      }
    },
    {
      "type": "Feature",
      "id": "way/190427810",
      "properties": {
        "amenity": "restaurant",
        "building": "yes",
        "building:levels": "4",
        "cuisine": "chinese",
        "name": "合一楼",
        "osm_id": "190427810",
        "osm_type": "way"
      },
      "geometry": {
        "type": "Polygon",
        "coordinates": [
          [
            [
              116.3384155,
              39.9813517
            ],
            [
              116.3384279,
              39.9810784
            ],
            [
              116.3384481,
              39.9806325
            ],
            [
              116.3384595,
              39.9803814
            ],
            [
              116.3386428,
              39.9803863
            ],
            [
              116.3388683,
              39.9803923
            ],
            [
              116.3388639,
              39.9805316
            ],
            [
              116.3388598,
              39.9806632
            ],
            [
              116.3388573,
              39.9807424
            ],
            [
              116.338838,
              39.9810599
            ],
            [
              116.3388243,
              39.9813625
            ],
            [
              116.3384155,
              39.9813517
            ]
          ]
        ]
      }
    },
    {
      "type": "Feature",
      "id": "way/190427811",
      "properties": {
        "building": "dormitory",
        "name": "6公寓",
        "name:zh": "6公寓",
        "name:zh-Hans": "6公寓",
        "name:zh-Hant": "6公寓",
        "osm_id": "190427811",
        "osm_type": "way"
      },
      "geometry": {
        "type": "Polygon",
        "coordinates": [
          [
            [
              116.3401467,
              39.9806168
            ],
            [
              116.3401517,
              39.9804955
            ],
            [
              116.3406337,
              39.9805054
            ],
            [
              116.3408781,
              39.9805119
            ],
            [
              116.3408825,
              39.9804434
            ],
            [
              116.3409978,
              39.9804483
            ],
            [
              116.3409866,
              39.9806381
            ],
            [
              116.3401467,
              39.9806168
            ]
          ]
        ]
      }
    },
    {
      "type": "Feature",
      "id": "way/190427995",
      "properties": {
        "amenity": "restaurant",
        "building": "yes",
        "cuisine": "chinese",
        "name": "东区食堂",
        "name:zh": "东区食堂",
        "name:zh-Hans": "东区食堂",
        "name:zh-Hant": "東區食堂",
        "osm_id": "190427995",
        "osm_type": "way"
      },
      "geometry": {
        "type": "Polygon",
        "coordinates": [
          [
            [
              116.3411352,
              39.9807245
            ],
            [
              116.3411411,
              39.9804901
            ],
            [
              116.341593,
              39.9804971
            ],
            [
              116.3416681,
              39.9804983
            ],
            [
              116.3416631,
              39.9806858
            ],
            [
              116.3416618,
              39.9807323
            ],
            [
              116.3414723,
              39.9807295
            ],
            [
              116.3411352,
              39.9807245
            ]
          ]
        ]
      }
    },
    {
      "type": "Feature",
      "id": "way/190430062",
      "properties": {
        "building": "dormitory",
        "name": "8公寓",
        "name:zh": "8公寓",
        "name:zh-Hans": "8公寓",
        "name:zh-Hant": "8公寓",
        "osm_id": "190430062",
        "osm_type": "way"
      },
      "geometry": {
        "type": "Polygon",
        "coordinates": [
          [
            [
              116.3408492,
              39.9817075
            ],
            [
              116.3408563,
              39.9815642
            ],
            [
              116.3409579,
              39.9815671
            ],
            [
              116.3409536,
              39.9816528
            ],
            [
              116.3410018,
              39.9816542
            ],
            [
              116.3413382,
              39.9816639
            ],
            [
              116.3414428,
              39.9816669
            ],
            [
              116.341448,
              39.981562
            ],
            [
              116.3415789,
              39.9815658
            ],
            [
              116.3415708,
              39.9817284
            ],
            [
              116.3408492,
              39.9817075
            ]
          ]
        ]
      }
    },
    {
      "type": "Feature",
      "id": "way/190430779",
      "properties": {
        "building": "residential",
        "name": "308住宅",
        "name:zh": "308住宅",
        "name:zh-Hans": "308住宅",
        "name:zh-Hant": "308住宅",
        "osm_id": "190430779",
        "osm_type": "way"
      },
      "geometry": {
        "type": "Polygon",
        "coordinates": [
          [
            [
              116.336648,
              39.9807159
            ],
            [
              116.3366558,
              39.98057
            ],
            [
              116.3373827,
              39.9805928
            ],
            [
              116.3373749,
              39.9807387
            ],
            [
              116.336648,
              39.9807159
            ]
          ]
        ]
      }
    },
    {
      "type": "Feature",
      "id": "way/190430780",
      "properties": {
        "building": "residential",
        "name": "303住宅",
        "name:zh": "303住宅",
        "name:zh-Hans": "303住宅",
        "name:zh-Hant": "303住宅",
        "osm_id": "190430780",
        "osm_type": "way"
      },
      "geometry": {
        "type": "Polygon",
        "coordinates": [
          [
            [
              116.3376422,
              39.9810534
            ],
            [
              116.3376637,
              39.9806711
            ],
            [
              116.3378085,
              39.9806752
            ],
            [
              116.3377924,
              39.9810575
            ],
            [
              116.3376422,
              39.9810534
            ]
          ]
        ]
      }
    },
    {
      "type": "Feature",
      "id": "way/190430781",
      "properties": {
        "building": "residential",
        "name": "307住宅",
        "name:zh": "307住宅",
        "name:zh-Hans": "307住宅",
        "name:zh-Hant": "307住宅",
        "osm_id": "190430781",
        "osm_type": "way"
      },
      "geometry": {
        "type": "Polygon",
        "coordinates": [
          [
            [
              116.3366384,
              39.9810371
            ],
            [
              116.3366448,
              39.9808945
            ],
            [
              116.3373671,
              39.9809135
            ],
            [
              116.3373607,
              39.9810561
            ],
            [
              116.3366384,
              39.9810371
            ]
          ]
        ]
      }
    },
    {
      "type": "Feature",
      "id": "way/190444294",
      "properties": {
        "building": "university",
        "name": "八号楼 综合服务大厅",
        "osm_id": "190444294",
        "osm_type": "way"
      },
      "geometry": {
        "type": "Polygon",
        "coordinates": [
          [
            [
              116.3428236,
              39.9806059
            ],
            [
              116.3428289,
              39.9803984
            ],
            [
              116.3428343,
              39.9801908
            ],
            [
              116.3432795,
              39.9802031
            ],
            [
              116.3434029,
              39.980273
            ],
            [
              116.343401,
              39.9806232
            ],
            [
              116.3428236,
              39.9806059
            ]
          ]
        ]
      }
    },
    {
      "type": "Feature",
      "id": "way/190444295",
      "properties": {
        "building": "yes",
        "name": "行政办公楼（六号楼）",
        "osm_id": "190444295",
        "osm_type": "way"
      },
      "geometry": {
        "type": "Polygon",
        "coordinates": [
          [
            [
              116.3421102,
              39.9811027
            ],
            [
              116.3421085,
              39.9812398
            ],
            [
              116.3419269,
              39.9812354
            ],
            [
              116.3419449,
              39.9808953
            ],
            [
              116.3420876,
              39.9809031
            ],
            [
              116.3421022,
              39.9809568
            ],
            [
              116.342602,
              39.9809681
            ],
            [
              116.3431376,
              39.9809913
            ],
            [
              116.3431392,
              39.9809185
            ],
            [
              116.3433137,
              39.9809207
            ],
            [
              116.3432897,
              39.9812728
            ],
            [
              116.3431379,
              39.9812729
            ],
            [
              116.3431457,
              39.981131
            ],
            [
              116.3426152,
              39.9811165
            ],
            [
              116.3421102,
              39.9811027
            ]
          ]
        ]
      }
    },
    {
      "type": "Feature",
      "id": "way/190444296",
      "properties": {
        "building": "yes",
        "name": "培训中心",
        "name:zh": "培训中心",
        "name:zh-Hans": "培训中心",
        "name:zh-Hant": "培訓中心",
        "tourism": "hotel",
        "osm_id": "190444296",
        "osm_type": "way"
      },
      "geometry": {
        "type": "Polygon",
        "coordinates": [
          [
            [
              116.3419539,
              39.9805864
            ],
            [
              116.3419742,
              39.9801824
            ],
            [
              116.3423043,
              39.9801922
            ],
            [
              116.3425682,
              39.9802
            ],
            [
              116.3425623,
              39.9803168
            ],
            [
              116.3420503,
              39.9803016
            ],
            [
              116.3420426,
              39.9804541
            ],
            [
              116.342439,
              39.9804659
            ],
            [
              116.3424351,
              39.9805436
            ],
            [
              116.3425523,
              39.980547
            ],
            [
              116.3425494,
              39.9806041
            ],
            [
              116.3419539,
              39.9805864
            ]
          ]
        ]
      }
    },
    {
      "type": "Feature",
      "id": "way/190444423",
      "properties": {
        "amenity": "concert_hall",
        "building": "yes",
        "name": "晨兴音乐厅",
        "name:zh": "晨兴音乐厅",
        "name:zh-Hans": "晨兴音乐厅",
        "name:zh-Hant": "晨興音樂廳",
        "osm_id": "190444423",
        "osm_type": "way"
      },
      "geometry": {
        "type": "Polygon",
        "coordinates": [
          [
            [
              116.345018,
              39.9807057
            ],
            [
              116.3450364,
              39.9803074
            ],
            [
              116.3453643,
              39.98031
            ],
            [
              116.3457058,
              39.9803127
            ],
            [
              116.3456908,
              39.9807204
            ],
            [
              116.345018,
              39.9807057
            ]
          ]
        ]
      }
    },
    {
      "type": "Feature",
      "id": "way/190444424",
      "properties": {
        "building": "university",
        "name": "第九馆 / 逸夫楼",
        "name:zh": "第九馆 / 逸夫楼",
        "name:zh-Hans": "第九馆 / 逸夫楼",
        "name:zh-Hant": "第九館 / 逸夫樓",
        "osm_id": "190444424",
        "osm_type": "way"
      },
      "geometry": {
        "type": "Polygon",
        "coordinates": [
          [
            [
              116.3436246,
              39.9807393
            ],
            [
              116.3436456,
              39.9803732
            ],
            [
              116.3438676,
              39.9803806
            ],
            [
              116.3441106,
              39.9803888
            ],
            [
              116.3440896,
              39.9807549
            ],
            [
              116.3436246,
              39.9807393
            ]
          ]
        ]
      }
    },
    {
      "type": "Feature",
      "id": "way/190444425",
      "properties": {
        "alt_name:en": "Beijing Aviation Museum",
        "building": "yes",
        "name": "北京航空航天博物馆",
        "name:en": "Beijing Air and Space Museum",
        "name:zh": "北京航空航天博物馆",
        "name:zh-Hans": "北京航空航天博物馆",
        "name:zh-Hant": "北京航空航太博物館",
        "tourism": "museum",
        "url": "http://airandspacemuseum.buaa.edu.cn/",
        "osm_id": "190444425",
        "osm_type": "way"
      },
      "geometry": {
        "type": "Polygon",
        "coordinates": [
          [
            [
              116.3441353,
              39.9813765
            ],
            [
              116.3441898,
              39.9802978
            ],
            [
              116.3445426,
              39.9803
            ],
            [
              116.3448792,
              39.9803022
            ],
            [
              116.344831,
              39.9813932
            ],
            [
              116.3441353,
              39.9813765
            ]
          ]
        ]
      }
    },
    {
      "type": "Feature",
      "id": "way/190444428",
      "properties": {
        "building": "yes",
        "name": "第五馆东",
        "name:zh": "第五馆东",
        "name:zh-Hans": "第五馆东",
        "name:zh-Hant": "第五館東",
        "osm_id": "190444428",
        "osm_type": "way"
      },
      "geometry": {
        "type": "Polygon",
        "coordinates": [
          [
            [
              116.3455906,
              39.9814501
            ],
            [
              116.3456042,
              39.9811821
            ],
            [
              116.3458032,
              39.981188
            ],
            [
              116.3457895,
              39.9814561
            ],
            [
              116.3456969,
              39.9814533
            ],
            [
              116.3455906,
              39.9814501
            ]
          ]
        ]
      }
    },
    {
      "type": "Feature",
      "id": "way/190444429",
      "properties": {
        "building": "yes",
        "name": "第五馆",
        "name:zh": "第五馆",
        "name:zh-Hans": "第五馆",
        "name:zh-Hant": "第五館",
        "osm_id": "190444429",
        "osm_type": "way"
      },
      "geometry": {
        "type": "Polygon",
        "coordinates": [
          [
            [
              116.3448989,
              39.9813926
            ],
            [
              116.3449076,
              39.9811571
            ],
            [
              116.345141,
              39.9811599
            ],
            [
              116.3451303,
              39.9814239
            ],
            [
              116.3450209,
              39.9814239
            ],
            [
              116.3448973,
              39.9814238
            ],
            [
              116.3448989,
              39.9813926
            ]
          ]
        ]
      }
    },
    {
      "type": "Feature",
      "id": "way/190444632",
      "properties": {
        "building": "yes",
        "name": "第六馆 流体力学研究所",
        "name:zh": "第六馆",
        "name:zh-Hans": "第六馆",
        "name:zh-Hant": "第六館",
        "office": "research",
        "osm_id": "190444632",
        "osm_type": "way"
      },
      "geometry": {
        "type": "Polygon",
        "coordinates": [
          [
            [
              116.3458821,
              39.9806238
            ],
            [
              116.3458973,
              39.9803062
            ],
            [
              116.3462899,
              39.9803151
            ],
            [
              116.346652,
              39.9803233
            ],
            [
              116.3466375,
              39.9807443
            ],
            [
              116.3464107,
              39.9807374
            ],
            [
              116.3464188,
              39.9805078
            ],
            [
              116.3460405,
              39.980501
            ],
            [
              116.346036,
              39.9806239
            ],
            [
              116.3458821,
              39.9806238
            ]
          ]
        ]
      }
    },
    {
      "type": "Feature",
      "id": "way/190482667",
      "properties": {
        "building": "yes",
        "name": "第九馆北 / 南配电楼",
        "name:zh": "第九馆北 / 南配电楼",
        "name:zh-Hans": "第九馆北 / 南配电楼",
        "name:zh-Hant": "第九館北 / 南配電樓",
        "osm_id": "190482667",
        "osm_type": "way"
      },
      "geometry": {
        "type": "Polygon",
        "coordinates": [
          [
            [
              116.3436428,
              39.9811487
            ],
            [
              116.3439411,
              39.9811606
            ],
            [
              116.3439276,
              39.9813733
            ],
            [
              116.3439258,
              39.9814017
            ],
            [
              116.3437735,
              39.9813988
            ],
            [
              116.3436332,
              39.9813962
            ],
            [
              116.3436362,
              39.9812689
            ],
            [
              116.3436428,
              39.9811487
            ]
          ]
        ]
      }
    },
    {
      "type": "Feature",
      "id": "way/190484072",
      "properties": {
        "building": "yes",
        "name": "新主楼F座",
        "name:zh": "新主楼F座",
        "name:zh-Hans": "新主楼F座",
        "name:zh-Hant": "新主樓F座",
        "osm_id": "190484072",
        "osm_type": "way"
      },
      "geometry": {
        "type": "Polygon",
        "coordinates": [
          [
            [
              116.3442895,
              39.9793477
            ],
            [
              116.344299,
              39.97906
            ],
            [
              116.3443099,
              39.9787274
            ],
            [
              116.3447784,
              39.9787365
            ],
            [
              116.3447683,
              39.9790415
            ],
            [
              116.3447579,
              39.9793568
            ],
            [
              116.3442895,
              39.9793477
            ]
          ]
        ]
      }
    },
    {
      "type": "Feature",
      "id": "way/190484074",
      "properties": {
        "building": "residential",
        "name": "309住宅",
        "name:zh": "309住宅",
        "name:zh-Hans": "309住宅",
        "name:zh-Hant": "309住宅",
        "osm_id": "190484074",
        "osm_type": "way"
      },
      "geometry": {
        "type": "Polygon",
        "coordinates": [
          [
            [
              116.3362706,
              39.9800941
            ],
            [
              116.3362719,
              39.9799923
            ],
            [
              116.3369181,
              39.9799992
            ],
            [
              116.3369168,
              39.9801011
            ],
            [
              116.3362706,
              39.9800941
            ]
          ]
        ]
      }
    },
    {
      "type": "Feature",
      "id": "way/190484076",
      "properties": {
        "building": "residential",
        "name": "306住宅",
        "name:zh": "306住宅",
        "name:zh-Hans": "306住宅",
        "name:zh-Hant": "306住宅",
        "osm_id": "190484076",
        "osm_type": "way"
      },
      "geometry": {
        "type": "Polygon",
        "coordinates": [
          [
            [
              116.3362123,
              39.9815746
            ],
            [
              116.3362191,
              39.9814236
            ],
            [
              116.3363081,
              39.9814259
            ],
            [
              116.3363059,
              39.9814756
            ],
            [
              116.3363343,
              39.9814763
            ],
            [
              116.3363364,
              39.9814282
            ],
            [
              116.3364533,
              39.9814313
            ],
            [
              116.3364511,
              39.981481
            ],
            [
              116.3365121,
              39.9814826
            ],
            [
              116.3365142,
              39.9814352
            ],
            [
              116.3366714,
              39.9814394
            ],
            [
              116.3366693,
              39.9814845
            ],
            [
              116.336694,
              39.9814851
            ],
            [
              116.3366964,
              39.98143
            ],
            [
              116.3367909,
              39.9814325
            ],
            [
              116.3367839,
              39.9815897
            ],
            [
              116.3362123,
              39.9815746
            ]
          ]
        ]
      }
    },
    {
      "type": "Feature",
      "id": "way/190560774",
      "properties": {
        "building": "residential",
        "name": "413住宅",
        "name:zh": "413住宅",
        "name:zh-Hans": "413住宅",
        "name:zh-Hant": "413住宅",
        "osm_id": "190560774",
        "osm_type": "way"
      },
      "geometry": {
        "type": "Polygon",
        "coordinates": [
          [
            [
              116.3357838,
              39.9790038
            ],
            [
              116.3357882,
              39.9789008
            ],
            [
              116.3368282,
              39.9789271
            ],
            [
              116.3368238,
              39.97903
            ],
            [
              116.3357838,
              39.9790038
            ]
          ]
        ]
      }
    },
    {
      "type": "Feature",
      "id": "way/190560775",
      "properties": {
        "building": "residential",
        "name": "416住宅",
        "name:zh": "416住宅",
        "name:zh-Hans": "416住宅",
        "name:zh-Hant": "416住宅",
        "osm_id": "190560775",
        "osm_type": "way"
      },
      "geometry": {
        "type": "Polygon",
        "coordinates": [
          [
            [
              116.3357666,
              39.9780502
            ],
            [
              116.3357735,
              39.977935
            ],
            [
              116.3368597,
              39.977973
            ],
            [
              116.3368528,
              39.9780881
            ],
            [
              116.3357666,
              39.9780502
            ]
          ]
        ]
      }
    },
    {
      "type": "Feature",
      "id": "way/190560776",
      "properties": {
        "building": "residential",
        "name": "411住宅",
        "name:zh": "411住宅",
        "name:zh-Hans": "411住宅",
        "name:zh-Hant": "411住宅",
        "osm_id": "190560776",
        "osm_type": "way"
      },
      "geometry": {
        "type": "Polygon",
        "coordinates": [
          [
            [
              116.3361402,
              39.9796394
            ],
            [
              116.3361402,
              39.979549
            ],
            [
              116.3367732,
              39.9795613
            ],
            [
              116.3367678,
              39.9796559
            ],
            [
              116.3361402,
              39.9796394
            ]
          ]
        ]
      }
    },
    {
      "type": "Feature",
      "id": "way/190560777",
      "properties": {
        "building": "residential",
        "name": "415住宅",
        "name:zh": "415住宅",
        "name:zh-Hans": "415住宅",
        "name:zh-Hant": "415住宅",
        "osm_id": "190560777",
        "osm_type": "way"
      },
      "geometry": {
        "type": "Polygon",
        "coordinates": [
          [
            [
              116.335751,
              39.9783652
            ],
            [
              116.3357568,
              39.9782605
            ],
            [
              116.3368754,
              39.9782972
            ],
            [
              116.3368696,
              39.9784019
            ],
            [
              116.335751,
              39.9783652
            ]
          ]
        ]
      }
    },
    {
      "type": "Feature",
      "id": "way/190560778",
      "properties": {
        "building": "residential",
        "name": "412住宅",
        "name:zh": "412住宅",
        "name:zh-Hans": "412住宅",
        "name:zh-Hant": "412住宅",
        "osm_id": "190560778",
        "osm_type": "way"
      },
      "geometry": {
        "type": "Polygon",
        "coordinates": [
          [
            [
              116.335743,
              39.9793096
            ],
            [
              116.3357489,
              39.9792066
            ],
            [
              116.3367915,
              39.9792417
            ],
            [
              116.3367856,
              39.9793447
            ],
            [
              116.335743,
              39.9793096
            ]
          ]
        ]
      }
    },
    {
      "type": "Feature",
      "id": "way/190560779",
      "properties": {
        "building": "residential",
        "name": "418住宅",
        "name:zh": "418住宅",
        "name:zh-Hans": "418住宅",
        "name:zh-Hant": "418住宅",
        "osm_id": "190560779",
        "osm_type": "way"
      },
      "geometry": {
        "type": "Polygon",
        "coordinates": [
          [
            [
              116.3354106,
              39.9796476
            ],
            [
              116.3354106,
              39.9795366
            ],
            [
              116.3360329,
              39.9795449
            ],
            [
              116.3360329,
              39.97966
            ],
            [
              116.3354106,
              39.9796476
            ]
          ]
        ]
      }
    },
    {
      "type": "Feature",
      "id": "way/190560780",
      "properties": {
        "building": "residential",
        "name": "417住宅",
        "name:zh": "417住宅",
        "name:zh-Hans": "417住宅",
        "name:zh-Hant": "417住宅",
        "osm_id": "190560780",
        "osm_type": "way"
      },
      "geometry": {
        "type": "Polygon",
        "coordinates": [
          [
            [
              116.3358318,
              39.9776816
            ],
            [
              116.335837,
              39.9775891
            ],
            [
              116.3368992,
              39.9776242
            ],
            [
              116.3368939,
              39.9777167
            ],
            [
              116.3358318,
              39.9776816
            ]
          ]
        ]
      }
    },
    {
      "type": "Feature",
      "id": "way/190560781",
      "properties": {
        "building": "residential",
        "name": "414住宅",
        "name:zh": "414住宅",
        "name:zh-Hans": "414住宅",
        "name:zh-Hant": "414住宅",
        "osm_id": "190560781",
        "osm_type": "way"
      },
      "geometry": {
        "type": "Polygon",
        "coordinates": [
          [
            [
              116.3357962,
              39.978686
            ],
            [
              116.3358003,
              39.9785813
            ],
            [
              116.3368299,
              39.978605
            ],
            [
              116.3368258,
              39.9787097
            ],
            [
              116.3357962,
              39.978686
            ]
          ]
        ]
      }
    },
    {
      "type": "Feature",
      "id": "way/190560924",
      "properties": {
        "building": "school",
        "name": "高中楼",
        "name:zh": "高中楼",
        "name:zh-Hans": "高中楼",
        "name:zh-Hant": "高中樓",
        "osm_id": "190560924",
        "osm_type": "way"
      },
      "geometry": {
        "type": "Polygon",
        "coordinates": [
          [
            [
              116.3372484,
              39.9776105
            ],
            [
              116.3372569,
              39.9774224
            ],
            [
              116.3373613,
              39.9774258
            ],
            [
              116.3373627,
              39.9774043
            ],
            [
              116.3374606,
              39.9774068
            ],
            [
              116.3374592,
              39.9774289
            ],
            [
              116.3374956,
              39.9774222
            ],
            [
              116.3378408,
              39.9774413
            ],
            [
              116.3378421,
              39.9774176
            ],
            [
              116.3380453,
              39.9774233
            ],
            [
              116.3380446,
              39.9774464
            ],
            [
              116.3381044,
              39.9774487
            ],
            [
              116.3381559,
              39.9774443
            ],
            [
              116.3381607,
              39.9773772
            ],
            [
              116.338365,
              39.9773859
            ],
            [
              116.338365,
              39.9775711
            ],
            [
              116.3380979,
              39.9775717
            ],
            [
              116.3380945,
              39.9776358
            ],
            [
              116.3372484,
              39.9776105
            ]
          ]
        ]
      }
    },
    {
      "type": "Feature",
      "id": "way/190561617",
      "properties": {
        "building": "office",
        "name": "综合维修部",
        "name:zh": "综合维修部",
        "name:zh-Hans": "综合维修部",
        "name:zh-Hant": "綜合維修部",
        "osm_id": "190561617",
        "osm_type": "way"
      },
      "geometry": {
        "type": "Polygon",
        "coordinates": [
          [
            [
              116.3353895,
              39.9801148
            ],
            [
              116.3353945,
              39.9799641
            ],
            [
              116.3360919,
              39.9799724
            ],
            [
              116.3360838,
              39.9801183
            ],
            [
              116.3353895,
              39.9801148
            ]
          ]
        ]
      }
    },
    {
      "type": "Feature",
      "id": "way/190561719",
      "properties": {
        "building": "kindergarten",
        "name": "北航幼儿园",
        "name:zh": "北航幼儿园",
        "name:zh-Hans": "北航幼儿园",
        "name:zh-Hant": "北航幼儿園",
        "osm_id": "190561719",
        "osm_type": "way"
      },
      "geometry": {
        "type": "Polygon",
        "coordinates": [
          [
            [
              116.3357805,
              39.9809182
            ],
            [
              116.3357899,
              39.9807767
            ],
            [
              116.3361355,
              39.9807902
            ],
            [
              116.3361444,
              39.9806565
            ],
            [
              116.3357922,
              39.9806427
            ],
            [
              116.3358006,
              39.9805159
            ],
            [
              116.3361466,
              39.9805294
            ],
            [
              116.3361565,
              39.9803806
            ],
            [
              116.3359016,
              39.9803706
            ],
            [
              116.3358979,
              39.9804263
            ],
            [
              116.3357862,
              39.9804219
            ],
            [
              116.3357966,
              39.9802662
            ],
            [
              116.3361534,
              39.9802802
            ],
            [
              116.3361509,
              39.9803177
            ],
            [
              116.3365256,
              39.9803324
            ],
            [
              116.3365195,
              39.9804244
            ],
            [
              116.3361898,
              39.9804115
            ],
            [
              116.3361949,
              39.9805365
            ],
            [
              116.3362441,
              39.9805346
            ],
            [
              116.3362307,
              39.9806539
            ],
            [
              116.3361706,
              39.9806512
            ],
            [
              116.3361639,
              39.9807996
            ],
            [
              116.3365167,
              39.9808135
            ],
            [
              116.3364971,
              39.9811076
            ],
            [
              116.3362788,
              39.9810991
            ],
            [
              116.3362896,
              39.9809381
            ],
            [
              116.3357805,
              39.9809182
            ]
          ]
        ]
      }
    },
    {
      "type": "Feature",
      "id": "way/190561981",
      "properties": {
        "building": "residential",
        "name": "204住宅",
        "name:zh": "204住宅",
        "name:zh-Hans": "204住宅",
        "name:zh-Hant": "204住宅",
        "osm_id": "190561981",
        "osm_type": "way"
      },
      "geometry": {
        "type": "Polygon",
        "coordinates": [
          [
            [
              116.3350887,
              39.9822866
            ],
            [
              116.3350887,
              39.9821797
            ],
            [
              116.3354602,
              39.9821883
            ],
            [
              116.3356646,
              39.9821972
            ],
            [
              116.3356734,
              39.9819701
            ],
            [
              116.3358022,
              39.9819701
            ],
            [
              116.3357904,
              39.9822829
            ],
            [
              116.3356614,
              39.9822786
            ],
            [
              116.335657,
              39.9823139
            ],
            [
              116.3350887,
              39.9822866
            ]
          ]
        ]
      }
    },
    {
      "type": "Feature",
      "id": "way/190561982",
      "properties": {
        "building": "residential",
        "name": "203住宅",
        "name:zh": "203住宅",
        "name:zh-Hans": "203住宅",
        "name:zh-Hant": "203住宅",
        "osm_id": "190561982",
        "osm_type": "way"
      },
      "geometry": {
        "type": "Polygon",
        "coordinates": [
          [
            [
              116.3352272,
              39.9819123
            ],
            [
              116.3352172,
              39.9821427
            ],
            [
              116.3350887,
              39.9821427
            ],
            [
              116.3351064,
              39.9817985
            ],
            [
              116.3357853,
              39.9818145
            ],
            [
              116.3357837,
              39.9819265
            ],
            [
              116.3352272,
              39.9819123
            ]
          ]
        ]
      }
    },
    {
      "type": "Feature",
      "id": "way/190562246",
      "properties": {
        "building": "residential",
        "name": "205住宅",
        "name:zh": "205住宅",
        "name:zh-Hans": "205住宅",
        "name:zh-Hant": "205住宅",
        "osm_id": "190562246",
        "osm_type": "way"
      },
      "geometry": {
        "type": "Polygon",
        "coordinates": [
          [
            [
              116.335993,
              39.9823147
            ],
            [
              116.3360008,
              39.9821686
            ],
            [
              116.3369696,
              39.9821989
            ],
            [
              116.3369618,
              39.982345
            ],
            [
              116.335993,
              39.9823147
            ]
          ]
        ]
      }
    },
    {
      "type": "Feature",
      "id": "way/190562247",
      "properties": {
        "building": "residential",
        "name": "208住宅",
        "name:zh": "208住宅",
        "name:zh-Hans": "208住宅",
        "name:zh-Hant": "208住宅",
        "osm_id": "190562247",
        "osm_type": "way"
      },
      "geometry": {
        "type": "Polygon",
        "coordinates": [
          [
            [
              116.335962,
              39.9827049
            ],
            [
              116.3359697,
              39.9825536
            ],
            [
              116.3369524,
              39.982583
            ],
            [
              116.3369447,
              39.9827343
            ],
            [
              116.335962,
              39.9827049
            ]
          ]
        ]
      }
    },
    {
      "type": "Feature",
      "id": "way/190562310",
      "properties": {
        "building": "residential",
        "name": "207住宅",
        "name:zh": "207住宅",
        "name:zh-Hans": "207住宅",
        "name:zh-Hant": "207住宅",
        "osm_id": "190562310",
        "osm_type": "way"
      },
      "geometry": {
        "type": "Polygon",
        "coordinates": [
          [
            [
              116.3371201,
              39.9827458
            ],
            [
              116.3371222,
              39.9826141
            ],
            [
              116.3377593,
              39.98262
            ],
            [
              116.3377572,
              39.9827517
            ],
            [
              116.3371201,
              39.9827458
            ]
          ]
        ]
      }
    },
    {
      "type": "Feature",
      "id": "way/190562311",
      "properties": {
        "building": "residential",
        "name": "206住宅",
        "name:zh": "206住宅",
        "name:zh-Hans": "206住宅",
        "name:zh-Hant": "206住宅",
        "osm_id": "190562311",
        "osm_type": "way"
      },
      "geometry": {
        "type": "Polygon",
        "coordinates": [
          [
            [
              116.3371693,
              39.9823203
            ],
            [
              116.3371718,
              39.9821955
            ],
            [
              116.3377568,
              39.9822023
            ],
            [
              116.3377543,
              39.9823271
            ],
            [
              116.3371693,
              39.9823203
            ]
          ]
        ]
      }
    },
    {
      "type": "Feature",
      "id": "way/190562312",
      "properties": {
        "building": "residential",
        "name": "212住宅",
        "name:zh": "212住宅",
        "name:zh-Hans": "212住宅",
        "name:zh-Hant": "212住宅",
        "osm_id": "190562312",
        "osm_type": "way"
      },
      "geometry": {
        "type": "Polygon",
        "coordinates": [
          [
            [
              116.3371219,
              39.983102
            ],
            [
              116.337124,
              39.9829681
            ],
            [
              116.3378028,
              39.9829745
            ],
            [
              116.3378007,
              39.9831084
            ],
            [
              116.3371219,
              39.983102
            ]
          ]
        ]
      }
    },
    {
      "type": "Feature",
      "id": "way/190562313",
      "properties": {
        "building": "residential",
        "name": "201住宅",
        "name:zh": "201住宅",
        "name:zh-Hans": "201住宅",
        "name:zh-Hant": "201住宅",
        "osm_id": "190562313",
        "osm_type": "way"
      },
      "geometry": {
        "type": "Polygon",
        "coordinates": [
          [
            [
              116.3371606,
              39.981967
            ],
            [
              116.3371661,
              39.9818273
            ],
            [
              116.3378795,
              39.9818438
            ],
            [
              116.337874,
              39.9819835
            ],
            [
              116.3371606,
              39.981967
            ]
          ]
        ]
      }
    },
    {
      "type": "Feature",
      "id": "way/190562420",
      "properties": {
        "building": "yes",
        "name": "思源楼",
        "name:zh": "思源楼",
        "name:zh-Hans": "思源楼",
        "name:zh-Hant": "思源樓",
        "osm_id": "190562420",
        "osm_type": "way"
      },
      "geometry": {
        "type": "Polygon",
        "coordinates": [
          [
            [
              116.3380645,
              39.9831377
            ],
            [
              116.3380717,
              39.9829647
            ],
            [
              116.3383356,
              39.9829736
            ],
            [
              116.3383296,
              39.9830763
            ],
            [
              116.3384034,
              39.9830789
            ],
            [
              116.3384061,
              39.9830429
            ],
            [
              116.3387078,
              39.9830517
            ],
            [
              116.3387105,
              39.9830136
            ],
            [
              116.3386347,
              39.9830121
            ],
            [
              116.3386354,
              39.9829823
            ],
            [
              116.3390048,
              39.9829926
            ],
            [
              116.3389927,
              39.9832302
            ],
            [
              116.3387258,
              39.9832234
            ],
            [
              116.338396,
              39.9832151
            ],
            [
              116.3383993,
              39.9831472
            ],
            [
              116.3383256,
              39.9831452
            ],
            [
              116.3383082,
              39.9831693
            ],
            [
              116.3382947,
              39.9831858
            ],
            [
              116.3382793,
              39.9831955
            ],
            [
              116.3382619,
              39.9832038
            ],
            [
              116.3382411,
              39.9832115
            ],
            [
              116.3382183,
              39.9832156
            ],
            [
              116.3381908,
              39.9832156
            ],
            [
              116.3381536,
              39.9832091
            ],
            [
              116.3381256,
              39.9831972
            ],
            [
              116.3381062,
              39.9831854
            ],
            [
              116.3380946,
              39.9831754
            ],
            [
              116.3380855,
              39.9831657
            ],
            [
              116.3380701,
              39.9831477
            ],
            [
              116.3380645,
              39.9831377
            ]
          ]
        ]
      }
    },
    {
      "type": "Feature",
      "id": "way/190562498",
      "properties": {
        "building": "yes",
        "name": "新主楼E座",
        "name:zh": "新主楼E座",
        "name:zh-Hans": "新主楼E座",
        "name:zh-Hant": "新主樓E座",
        "osm_id": "190562498",
        "osm_type": "way"
      },
      "geometry": {
        "type": "Polygon",
        "coordinates": [
          [
            [
              116.3443107,
              39.9787036
            ],
            [
              116.3443172,
              39.9784085
            ],
            [
              116.3443249,
              39.9780637
            ],
            [
              116.3447928,
              39.9780698
            ],
            [
              116.3447833,
              39.978499
            ],
            [
              116.3447786,
              39.9787097
            ],
            [
              116.3443107,
              39.9787036
            ]
          ]
        ]
      }
    },
    {
      "type": "Feature",
      "id": "way/190562606",
      "properties": {
        "building": "yes",
        "name": "新主楼D座",
        "name:zh": "新主楼D座",
        "name:zh-Hans": "新主楼D座",
        "name:zh-Hant": "新主樓D座",
        "osm_id": "190562606",
        "osm_type": "way"
      },
      "geometry": {
        "type": "Polygon",
        "coordinates": [
          [
            [
              116.3448551,
              39.9783853
            ],
            [
              116.3448647,
              39.9780778
            ],
            [
              116.3456243,
              39.9780917
            ],
            [
              116.3463789,
              39.9781056
            ],
            [
              116.3463693,
              39.9784131
            ],
            [
              116.3456513,
              39.9783999
            ],
            [
              116.3448551,
              39.9783853
            ]
          ]
        ]
      }
    },
    {
      "type": "Feature",
      "id": "way/190563610",
      "properties": {
        "building": "yes",
        "name": "新主楼C座",
        "name:zh": "新主楼C座",
        "name:zh-Hans": "新主楼C座",
        "name:zh-Hant": "新主樓C座",
        "osm_id": "190563610",
        "osm_type": "way"
      },
      "geometry": {
        "type": "Polygon",
        "coordinates": [
          [
            [
              116.346401,
              39.9787691
            ],
            [
              116.3464062,
              39.9785154
            ],
            [
              116.3464144,
              39.9781211
            ],
            [
              116.346849,
              39.9781264
            ],
            [
              116.3468407,
              39.9785257
            ],
            [
              116.3468356,
              39.9787744
            ],
            [
              116.346401,
              39.9787691
            ]
          ]
        ]
      }
    },
    {
      "type": "Feature",
      "id": "way/190563611",
      "properties": {
        "building": "yes",
        "name": "新主楼B座",
        "name:zh": "新主楼B座",
        "name:zh-Hans": "新主楼B座",
        "name:zh-Hant": "新主樓B座",
        "osm_id": "190563611",
        "osm_type": "way"
      },
      "geometry": {
        "type": "Polygon",
        "coordinates": [
          [
            [
              116.3463734,
              39.9794126
            ],
            [
              116.3463835,
              39.9791031
            ],
            [
              116.346393,
              39.9788118
            ],
            [
              116.346839,
              39.9788204
            ],
            [
              116.3468292,
              39.9791197
            ],
            [
              116.3468193,
              39.9794212
            ],
            [
              116.3463734,
              39.9794126
            ]
          ]
        ]
      }
    },
    {
      "type": "Feature",
      "id": "way/190563776",
      "properties": {
        "building": "yes",
        "name": "七号楼附楼",
        "name:zh": "七号楼附楼",
        "name:zh-Hans": "七号楼附楼",
        "name:zh-Hant": "七號樓附樓",
        "osm_id": "190563776",
        "osm_type": "way"
      },
      "geometry": {
        "type": "Polygon",
        "coordinates": [
          [
            [
              116.3419216,
              39.9830378
            ],
            [
              116.3419284,
              39.982934
            ],
            [
              116.34196,
              39.9829088
            ],
            [
              116.3420933,
              39.9829134
            ],
            [
              116.3421255,
              39.9829411
            ],
            [
              116.3421222,
              39.9829927
            ],
            [
              116.3421188,
              39.983045
            ],
            [
              116.3420879,
              39.9830676
            ],
            [
              116.34195,
              39.9830621
            ],
            [
              116.3419216,
              39.9830378
            ]
          ]
        ]
      }
    },
    {
      "type": "Feature",
      "id": "way/190564099",
      "properties": {
        "building": "yes",
        "name": "第八馆 凝聚态物理与材料科学研究中心",
        "name:zh": "第八馆 凝聚态物理与材料科学研究中心",
        "name:zh-Hans": "第八馆 凝聚态物理与材料科学研究中心",
        "name:zh-Hant": "第八館",
        "osm_id": "190564099",
        "osm_type": "way"
      },
      "geometry": {
        "type": "Polygon",
        "coordinates": [
          [
            [
              116.3460008,
              39.9814574
            ],
            [
              116.3460202,
              39.981206
            ],
            [
              116.3464028,
              39.9812234
            ],
            [
              116.3463834,
              39.9814747
            ],
            [
              116.3461959,
              39.9814662
            ],
            [
              116.3460008,
              39.9814574
            ]
          ]
        ]
      }
    },
    {
      "type": "Feature",
      "id": "way/191050698",
      "properties": {
        "bridge": "yes",
        "highway": "tertiary",
        "layer": "1",
        "name": "北四环中路",
        "name:en": "North 4th Ring Road",
        "name:zh": "北四环中路",
        "name:zh-Hans": "北四环中路",
        "name:zh-Hant": "北四環中路",
        "oneway": "yes",
        "osm_id": "191050698",
        "osm_type": "way"
      },
      "geometry": {
        "type": "LineString",
        "coordinates": [
          [
            116.3473973,
            39.9852797
          ],
          [
            116.3476867,
            39.9852932
          ],
          [
            116.3489181,
            39.9853296
          ],
          [
            116.3499394,
            39.9853598
          ]
        ]
      }
    },
    {
      "type": "Feature",
      "id": "way/193285487",
      "properties": {
        "bicycle": "yes",
        "highway": "unclassified",
        "oneway": "yes",
        "osm_id": "193285487",
        "osm_type": "way"
      },
      "geometry": {
        "type": "LineString",
        "coordinates": [
          [
            116.3593845,
            39.9805482
          ],
          [
            116.3593056,
            39.9805744
          ],
          [
            116.3583949,
            39.9805481
          ],
          [
            116.3574124,
            39.9805198
          ],
          [
            116.3571409,
            39.980512
          ],
          [
            116.3557304,
            39.9804713
          ],
          [
            116.3556574,
            39.980428
          ],
          [
            116.3549786,
            39.9804163
          ],
          [
            116.3542072,
            39.9803885
          ],
          [
            116.3538753,
            39.9803765
          ],
          [
            116.3531894,
            39.9803679
          ],
          [
            116.3526615,
            39.9803613
          ],
          [
            116.3521159,
            39.9803545
          ],
          [
            116.3500557,
            39.9803161
          ],
          [
            116.3499382,
            39.9802897
          ],
          [
            116.3497187,
            39.9802405
          ],
          [
            116.3491632,
            39.9802267
          ],
          [
            116.348146,
            39.9801946
          ],
          [
            116.3480112,
            39.9801917
          ],
          [
            116.3478515,
            39.9802336
          ]
        ]
      }
    },
    {
      "type": "Feature",
      "id": "way/193285488",
      "properties": {
        "highway": "cycleway",
        "oneway": "no",
        "osm_id": "193285488",
        "osm_type": "way"
      },
      "geometry": {
        "type": "LineString",
        "coordinates": [
          [
            116.3478665,
            39.9799374
          ],
          [
            116.3480224,
            39.9799694
          ],
          [
            116.3485613,
            39.9799833
          ],
          [
            116.3490929,
            39.9800047
          ],
          [
            116.3494924,
            39.9800421
          ]
        ]
      }
    },
    {
      "type": "Feature",
      "id": "way/217610413",
      "properties": {
        "highway": "residential",
        "osm_id": "217610413",
        "osm_type": "way"
      },
      "geometry": {
        "type": "LineString",
        "coordinates": [
          [
            116.3370912,
            39.9874165
          ],
          [
            116.3371097,
            39.9871684
          ],
          [
            116.3371525,
            39.9865942
          ],
          [
            116.3371717,
            39.9863357
          ],
          [
            116.33719,
            39.9860904
          ],
          [
            116.3372258,
            39.9856098
          ],
          [
            116.3372247,
            39.9855895
          ],
          [
            116.3372368,
            39.9855124
          ]
        ]
      }
    },
    {
      "type": "Feature",
      "id": "way/248791419",
      "properties": {
        "building": "commercial",
        "name": "唯实大厦",
        "name:en": "Vision Hotel",
        "name:zh": "唯实大厦",
        "name:zh-Hans": "唯实大厦",
        "name:zh-Hant": "唯實大廈",
        "osm_id": "248791419",
        "osm_type": "way"
      },
      "geometry": {
        "type": "Polygon",
        "coordinates": [
          [
            [
              116.3462788,
              39.9775379
            ],
            [
              116.3462939,
              39.9772362
            ],
            [
              116.347201,
              39.9772629
            ],
            [
              116.3471859,
              39.9775645
            ],
            [
              116.3462788,
              39.9775379
            ]
          ]
        ]
      }
    },
    {
      "type": "Feature",
      "id": "way/255737641",
      "properties": {
        "building": "commercial",
        "name": "量子芯座",
        "name:en": "Quatum Plaza",
        "name:zh": "量子芯座",
        "name:zh-Hans": "量子芯座",
        "name:zh-Hant": "量子芯座",
        "osm_id": "255737641",
        "osm_type": "way"
      },
      "geometry": {
        "type": "Polygon",
        "coordinates": [
          [
            [
              116.3380309,
              39.9754031
            ],
            [
              116.3384982,
              39.975409
            ],
            [
              116.3384975,
              39.9756612
            ],
            [
              116.3380296,
              39.97565
            ],
            [
              116.3380309,
              39.9754031
            ]
          ]
        ]
      }
    },
    {
      "type": "Feature",
      "id": "way/255737642",
      "properties": {
        "building": "commercial",
        "building:levels": "16",
        "name": "量子银座",
        "name:zh": "量子银座",
        "name:zh-Hans": "量子银座",
        "name:zh-Hant": "量子銀座",
        "osm_id": "255737642",
        "osm_type": "way"
      },
      "geometry": {
        "type": "Polygon",
        "coordinates": [
          [
            [
              116.3395436,
              39.9759016
            ],
            [
              116.3399567,
              39.9759001
            ],
            [
              116.3399672,
              39.9761463
            ],
            [
              116.3398438,
              39.9761453
            ],
            [
              116.3398405,
              39.9765637
            ],
            [
              116.3395243,
              39.9765669
            ],
            [
              116.3395281,
              39.9764371
            ],
            [
              116.3395312,
              39.9763293
            ],
            [
              116.3395436,
              39.9759016
            ]
          ]
        ]
      }
    },
    {
      "type": "Feature",
      "id": "way/255896184",
      "properties": {
        "addr:city": "北京",
        "addr:postcode": "100191",
        "addr:street": "北四环中路",
        "building": "yes",
        "building:levels": "4",
        "name": "学生16公寓",
        "name:de": "16. Studentenwohnheim",
        "name:en": "16th Dormitory",
        "name:zh": "学生16公寓",
        "name:zh-Hans": "学生16公寓",
        "name:zh-Hant": "學生16公寓",
        "osm_id": "255896184",
        "osm_type": "way"
      },
      "geometry": {
        "type": "Polygon",
        "coordinates": [
          [
            [
              116.3409192,
              39.984033
            ],
            [
              116.3412228,
              39.9840426
            ],
            [
              116.3415367,
              39.9840525
            ],
            [
              116.3415455,
              39.9838893
            ],
            [
              116.340928,
              39.9838698
            ],
            [
              116.3409192,
              39.984033
            ]
          ]
        ]
      }
    },
    {
      "type": "Feature",
      "id": "way/263472730",
      "properties": {
        "bicycle": "private",
        "foot": "yes",
        "highway": "service",
        "horse": "no",
        "motor_vehicle": "private",
        "oneway": "no",
        "surface": "asphalt",
        "osm_id": "263472730",
        "osm_type": "way"
      },
      "geometry": {
        "type": "LineString",
        "coordinates": [
          [
            116.3434691,
            39.9812687
          ],
          [
            116.3434606,
            39.9814631
          ],
          [
            116.3434501,
            39.981632
          ],
          [
            116.3433132,
            39.9816315
          ],
          [
            116.3432964,
            39.9819706
          ],
          [
            116.3432898,
            39.982115
          ],
          [
            116.3432861,
            39.9821971
          ],
          [
            116.343274,
            39.9824622
          ],
          [
            116.3432582,
            39.982812
          ],
          [
            116.3432433,
            39.9831386
          ],
          [
            116.3432222,
            39.9833775
          ]
        ]
      }
    },
    {
      "type": "Feature",
      "id": "way/265003797",
      "properties": {
        "building": "yes",
        "name": "第三馆东 / 北配电楼",
        "name:zh": "第三馆东 / 北配电楼",
        "name:zh-Hans": "第三馆东 / 北配电楼",
        "name:zh-Hant": "第三館東 / 北配電樓",
        "osm_id": "265003797",
        "osm_type": "way"
      },
      "geometry": {
        "type": "Polygon",
        "coordinates": [
          [
            [
              116.344432,
              39.9849764
            ],
            [
              116.3444427,
              39.9847745
            ],
            [
              116.3447936,
              39.9847828
            ],
            [
              116.3450362,
              39.9847886
            ],
            [
              116.3450282,
              39.9849903
            ],
            [
              116.344432,
              39.9849764
            ]
          ]
        ]
      }
    },
    {
      "type": "Feature",
      "id": "way/265003799",
      "properties": {
        "leisure": "park",
        "osm_id": "265003799",
        "osm_type": "way"
      },
      "geometry": {
        "type": "Polygon",
        "coordinates": [
          [
            [
              116.3443985,
              39.9846146
            ],
            [
              116.3444309,
              39.9840102
            ],
            [
              116.3437101,
              39.9839875
            ],
            [
              116.3436792,
              39.9845628
            ],
            [
              116.3436777,
              39.9845919
            ],
            [
              116.3443985,
              39.9846146
            ]
          ]
        ]
      }
    },
    {
      "type": "Feature",
      "id": "way/265003801",
      "properties": {
        "building": "yes",
        "layer": "1",
        "name": "四号楼",
        "name:zh": "四号楼",
        "name:zh-Hans": "四号楼",
        "name:zh-Hant": "四號樓",
        "osm_id": "265003801",
        "osm_type": "way"
      },
      "geometry": {
        "type": "Polygon",
        "coordinates": [
          [
            [
              116.3436157,
              39.9836392
            ],
            [
              116.343916,
              39.9836477
            ],
            [
              116.3439186,
              39.9835943
            ],
            [
              116.3440616,
              39.9835984
            ],
            [
              116.3442009,
              39.9836023
            ],
            [
              116.3441984,
              39.983655
            ],
            [
              116.3445031,
              39.9836637
            ],
            [
              116.3445068,
              39.9835872
            ],
            [
              116.3447239,
              39.9835934
            ],
            [
              116.3447167,
              39.9837433
            ],
            [
              116.3447154,
              39.9837705
            ],
            [
              116.3447144,
              39.9837901
            ],
            [
              116.3447139,
              39.9838015
            ],
            [
              116.3447127,
              39.9838248
            ],
            [
              116.3447065,
              39.9839547
            ],
            [
              116.3444897,
              39.9839486
            ],
            [
              116.3444932,
              39.9838762
            ],
            [
              116.3436071,
              39.9838511
            ],
            [
              116.3436036,
              39.9839237
            ],
            [
              116.3433771,
              39.9839173
            ],
            [
              116.3433946,
              39.9835547
            ],
            [
              116.3436195,
              39.9835611
            ],
            [
              116.3436157,
              39.9836392
            ]
          ]
        ]
      }
    },
    {
      "type": "Feature",
      "id": "way/265003803",
      "properties": {
        "building": "yes",
        "building:levels": "4",
        "layer": "1",
        "name": "三号楼",
        "name:zh": "三号楼",
        "name:zh-Hans": "三号楼",
        "name:zh-Hant": "三號樓",
        "osm_id": "265003803",
        "osm_type": "way"
      },
      "geometry": {
        "type": "Polygon",
        "coordinates": [
          [
            [
              116.3449573,
              39.9839602
            ],
            [
              116.3451812,
              39.9839668
            ],
            [
              116.3451848,
              39.983894
            ],
            [
              116.3460691,
              39.9839198
            ],
            [
              116.3460659,
              39.9839854
            ],
            [
              116.3462845,
              39.9839918
            ],
            [
              116.3463022,
              39.9836369
            ],
            [
              116.3460879,
              39.9836307
            ],
            [
              116.346084,
              39.9837093
            ],
            [
              116.3457747,
              39.9837003
            ],
            [
              116.3457774,
              39.9836455
            ],
            [
              116.3456394,
              39.9836415
            ],
            [
              116.3455013,
              39.9836374
            ],
            [
              116.3454985,
              39.9836925
            ],
            [
              116.3453995,
              39.9836896
            ],
            [
              116.3451933,
              39.9836836
            ],
            [
              116.345197,
              39.9836082
            ],
            [
              116.3449752,
              39.9836017
            ],
            [
              116.344968,
              39.9837455
            ],
            [
              116.3449664,
              39.9837774
            ],
            [
              116.3449655,
              39.9837953
            ],
            [
              116.3449652,
              39.9838025
            ],
            [
              116.3449651,
              39.9838035
            ],
            [
              116.3449637,
              39.9838318
            ],
            [
              116.3449573,
              39.9839602
            ]
          ]
        ]
      }
    },
    {
      "type": "Feature",
      "id": "way/265004775",
      "properties": {
        "building": "yes",
        "layer": "1",
        "name": "主楼",
        "name:zh": "主楼",
        "name:zh-Hans": "主楼",
        "name:zh-Hant": "主樓",
        "osm_id": "265004775",
        "osm_type": "way"
      },
      "geometry": {
        "type": "Polygon",
        "coordinates": [
          [
            [
              116.3450977,
              39.9831994
            ],
            [
              116.345109,
              39.9829869
            ],
            [
              116.3451292,
              39.9829875
            ],
            [
              116.3451343,
              39.9828912
            ],
            [
              116.3452057,
              39.9828934
            ],
            [
              116.3452119,
              39.9827769
            ],
            [
              116.345218,
              39.9826625
            ],
            [
              116.3451473,
              39.9826602
            ],
            [
              116.3451525,
              39.9825617
            ],
            [
              116.345127,
              39.9825609
            ],
            [
              116.3451383,
              39.9823481
            ],
            [
              116.3448738,
              39.9823401
            ],
            [
              116.3448708,
              39.9823979
            ],
            [
              116.3448536,
              39.982718
            ],
            [
              116.3448514,
              39.9827619
            ],
            [
              116.3448485,
              39.982818
            ],
            [
              116.3448312,
              39.9831394
            ],
            [
              116.3448286,
              39.9831918
            ],
            [
              116.3450977,
              39.9831994
            ]
          ]
        ]
      }
    },
    {
      "type": "Feature",
      "id": "way/265004776",
      "properties": {
        "building": "yes",
        "name": "主M",
        "name:zh": "主M",
        "name:zh-Hans": "主M",
        "name:zh-Hant": "主M",
        "osm_id": "265004776",
        "osm_type": "way"
      },
      "geometry": {
        "type": "Polygon",
        "coordinates": [
          [
            [
              116.3441052,
              39.9829409
            ],
            [
              116.3441165,
              39.9827204
            ],
            [
              116.3441249,
              39.9825562
            ],
            [
              116.3443864,
              39.9825641
            ],
            [
              116.3443828,
              39.9826339
            ],
            [
              116.3448199,
              39.982647
            ],
            [
              116.3448163,
              39.9827169
            ],
            [
              116.3448536,
              39.982718
            ],
            [
              116.3448514,
              39.9827619
            ],
            [
              116.3448485,
              39.982818
            ],
            [
              116.3448097,
              39.9828169
            ],
            [
              116.3448061,
              39.9828868
            ],
            [
              116.3443706,
              39.9828737
            ],
            [
              116.3443668,
              39.9829488
            ],
            [
              116.3441052,
              39.9829409
            ]
          ]
        ]
      }
    },
    {
      "type": "Feature",
      "id": "way/265004777",
      "properties": {
        "highway": "steps",
        "osm_id": "265004777",
        "osm_type": "way"
      },
      "geometry": {
        "type": "LineString",
        "coordinates": [
          [
            116.3452119,
            39.9827769
          ],
          [
            116.3452878,
            39.9827778
          ]
        ]
      }
    },
    {
      "type": "Feature",
      "id": "way/265004778",
      "properties": {
        "building": "yes",
        "name": "主北",
        "name:zh": "主北",
        "name:zh-Hans": "主北",
        "name:zh-Hant": "主北",
        "osm_id": "265004778",
        "osm_type": "way"
      },
      "geometry": {
        "type": "Polygon",
        "coordinates": [
          [
            [
              116.3440614,
              39.9832903
            ],
            [
              116.3440683,
              39.983148
            ],
            [
              116.3440737,
              39.9830372
            ],
            [
              116.3442574,
              39.9830424
            ],
            [
              116.3442535,
              39.9831229
            ],
            [
              116.3448312,
              39.9831394
            ],
            [
              116.3448286,
              39.9831918
            ],
            [
              116.3450977,
              39.9831994
            ],
            [
              116.3451913,
              39.9832021
            ],
            [
              116.3451803,
              39.9834292
            ],
            [
              116.3449642,
              39.9834231
            ],
            [
              116.3449682,
              39.9833409
            ],
            [
              116.3449096,
              39.9833392
            ],
            [
              116.3448936,
              39.9833387
            ],
            [
              116.3448222,
              39.9833367
            ],
            [
              116.3441988,
              39.9833189
            ],
            [
              116.3442,
              39.9832943
            ],
            [
              116.3440614,
              39.9832903
            ]
          ]
        ]
      }
    },
    {
      "type": "Feature",
      "id": "way/265004779",
      "properties": {
        "building": "yes",
        "name": "主南",
        "name:zh": "主南",
        "name:zh-Hans": "主南",
        "name:zh-Hant": "主南",
        "osm_id": "265004779",
        "osm_type": "way"
      },
      "geometry": {
        "type": "Polygon",
        "coordinates": [
          [
            [
              116.3441021,
              39.9824546
            ],
            [
              116.3441092,
              39.9823175
            ],
            [
              116.344115,
              39.9822054
            ],
            [
              116.344249,
              39.9822095
            ],
            [
              116.3442505,
              39.9821807
            ],
            [
              116.3448748,
              39.9821997
            ],
            [
              116.3449413,
              39.9822017
            ],
            [
              116.3449506,
              39.982202
            ],
            [
              116.3450191,
              39.982204
            ],
            [
              116.3450238,
              39.9821138
            ],
            [
              116.345246,
              39.9821205
            ],
            [
              116.3452341,
              39.982351
            ],
            [
              116.3451383,
              39.9823481
            ],
            [
              116.3448738,
              39.9823401
            ],
            [
              116.3448708,
              39.9823979
            ],
            [
              116.3442848,
              39.9823801
            ],
            [
              116.3442807,
              39.98246
            ],
            [
              116.3441021,
              39.9824546
            ]
          ]
        ]
      }
    },
    {
      "type": "Feature",
      "id": "way/265004782",
      "properties": {
        "building": "yes",
        "layer": "2",
        "name": "一号楼",
        "name:zh": "一号楼",
        "name:zh-Hans": "一号楼",
        "name:zh-Hant": "一號樓",
        "osm_id": "265004782",
        "osm_type": "way"
      },
      "geometry": {
        "type": "Polygon",
        "coordinates": [
          [
            [
              116.3450531,
              39.9819304
            ],
            [
              116.3450627,
              39.9817303
            ],
            [
              116.3450653,
              39.981675
            ],
            [
              116.3450702,
              39.9815728
            ],
            [
              116.3452865,
              39.9815789
            ],
            [
              116.3452832,
              39.9816474
            ],
            [
              116.3457435,
              39.9816604
            ],
            [
              116.3461633,
              39.9816722
            ],
            [
              116.3461667,
              39.9816023
            ],
            [
              116.3463929,
              39.9816087
            ],
            [
              116.3463757,
              39.9819662
            ],
            [
              116.3461566,
              39.98196
            ],
            [
              116.3461603,
              39.981883
            ],
            [
              116.3458552,
              39.9818744
            ],
            [
              116.3458526,
              39.9819293
            ],
            [
              116.3457086,
              39.9819253
            ],
            [
              116.345575,
              39.9819215
            ],
            [
              116.3455775,
              39.9818696
            ],
            [
              116.3452669,
              39.9818609
            ],
            [
              116.3452632,
              39.9819363
            ],
            [
              116.3450531,
              39.9819304
            ]
          ]
        ]
      }
    },
    {
      "type": "Feature",
      "id": "way/265004783",
      "properties": {
        "building": "yes",
        "name": "二号楼",
        "name:zh": "二号楼",
        "name:zh-Hans": "二号楼",
        "name:zh-Hant": "二號樓",
        "osm_id": "265004783",
        "osm_type": "way"
      },
      "geometry": {
        "type": "Polygon",
        "coordinates": [
          [
            [
              116.3434709,
              39.9818846
            ],
            [
              116.3434808,
              39.9816765
            ],
            [
              116.3435,
              39.981677
            ],
            [
              116.343507,
              39.9815299
            ],
            [
              116.3437041,
              39.9815354
            ],
            [
              116.3437009,
              39.9816032
            ],
            [
              116.3441367,
              39.9816154
            ],
            [
              116.3445861,
              39.9816279
            ],
            [
              116.3445893,
              39.9815601
            ],
            [
              116.3448142,
              39.9815664
            ],
            [
              116.3448094,
              39.9816686
            ],
            [
              116.344807,
              39.9817189
            ],
            [
              116.3447974,
              39.9819213
            ],
            [
              116.3445715,
              39.981915
            ],
            [
              116.344575,
              39.9818406
            ],
            [
              116.3441206,
              39.981828
            ],
            [
              116.3436906,
              39.981816
            ],
            [
              116.343687,
              39.9818907
            ],
            [
              116.3434709,
              39.9818846
            ]
          ]
        ]
      }
    },
    {
      "type": "Feature",
      "id": "way/265006582",
      "properties": {
        "building": "yes",
        "name": "柏彦大厦",
        "name:zh": "柏彦大厦",
        "name:zh-Hans": "柏彦大厦",
        "name:zh-Hant": "柏彥大廈",
        "osm_id": "265006582",
        "osm_type": "way"
      },
      "geometry": {
        "type": "Polygon",
        "coordinates": [
          [
            [
              116.3430595,
              39.9844937
            ],
            [
              116.3430571,
              39.9845424
            ],
            [
              116.3430929,
              39.9845435
            ],
            [
              116.3430872,
              39.984657
            ],
            [
              116.3430512,
              39.984656
            ],
            [
              116.3430487,
              39.9847068
            ],
            [
              116.3429951,
              39.9847052
            ],
            [
              116.3429958,
              39.9846917
            ],
            [
              116.3428416,
              39.9846871
            ],
            [
              116.3428403,
              39.9847136
            ],
            [
              116.3426368,
              39.9847076
            ],
            [
              116.3426381,
              39.9846815
            ],
            [
              116.3424933,
              39.9846772
            ],
            [
              116.3424926,
              39.9846912
            ],
            [
              116.3424326,
              39.9846894
            ],
            [
              116.3424351,
              39.98464
            ],
            [
              116.3424067,
              39.9846391
            ],
            [
              116.3424125,
              39.9845242
            ],
            [
              116.3424408,
              39.984525
            ],
            [
              116.3424441,
              39.9844594
            ],
            [
              116.3425103,
              39.9844613
            ],
            [
              116.3425094,
              39.984478
            ],
            [
              116.3426961,
              39.9844835
            ],
            [
              116.342697,
              39.9844658
            ],
            [
              116.34287,
              39.9844709
            ],
            [
              116.3428691,
              39.9844881
            ],
            [
              116.3430595,
              39.9844937
            ]
          ]
        ]
      }
    },
    {
      "type": "Feature",
      "id": "way/265006590",
      "properties": {
        "building": "yes",
        "name": "七号楼",
        "name:zh": "七号楼",
        "name:zh-Hans": "七号楼",
        "name:zh-Hant": "七號樓",
        "osm_id": "265006590",
        "osm_type": "way"
      },
      "geometry": {
        "type": "Polygon",
        "coordinates": [
          [
            [
              116.3419683,
              39.9831548
            ],
            [
              116.3418809,
              39.9831519
            ],
            [
              116.3418841,
              39.9830947
            ],
            [
              116.3419478,
              39.9830964
            ],
            [
              116.3420542,
              39.9831006
            ],
            [
              116.3422863,
              39.9831078
            ],
            [
              116.3422839,
              39.9831504
            ],
            [
              116.3423509,
              39.9831526
            ],
            [
              116.3423463,
              39.9832364
            ],
            [
              116.3419645,
              39.9832241
            ],
            [
              116.3419666,
              39.9831859
            ],
            [
              116.3419683,
              39.9831548
            ]
          ]
        ]
      }
    },
    {
      "type": "Feature",
      "id": "way/265006591",
      "properties": {
        "building": "yes",
        "name": "知行北楼",
        "name:zh": "知行北楼",
        "name:zh-Hans": "知行北楼",
        "name:zh-Hant": "知行北樓",
        "osm_id": "265006591",
        "osm_type": "way"
      },
      "geometry": {
        "type": "Polygon",
        "coordinates": [
          [
            [
              116.3415635,
              39.9813805
            ],
            [
              116.3412179,
              39.9811122
            ],
            [
              116.3411616,
              39.9811548
            ],
            [
              116.3411062,
              39.9811967
            ],
            [
              116.3411032,
              39.9814634
            ],
            [
              116.3415625,
              39.9814664
            ],
            [
              116.3415635,
              39.9813805
            ]
          ]
        ]
      }
    },
    {
      "type": "Feature",
      "id": "way/265006592",
      "properties": {
        "building": "yes",
        "name": "知行南楼",
        "name:zh": "知行南楼",
        "name:zh-Hans": "知行南楼",
        "name:zh-Hant": "知行南樓",
        "osm_id": "265006592",
        "osm_type": "way"
      },
      "geometry": {
        "type": "Polygon",
        "coordinates": [
          [
            [
              116.3413176,
              39.9810588
            ],
            [
              116.3416446,
              39.981068
            ],
            [
              116.3416516,
              39.9809221
            ],
            [
              116.341133,
              39.9809075
            ],
            [
              116.3412324,
              39.980989
            ],
            [
              116.3413176,
              39.9810588
            ]
          ]
        ]
      }
    },
    {
      "type": "Feature",
      "id": "way/265008341",
      "properties": {
        "building": "yes",
        "name": "第二馆",
        "name:zh": "第二馆",
        "name:zh-Hans": "第二馆",
        "name:zh-Hant": "第二館",
        "osm_id": "265008341",
        "osm_type": "way"
      },
      "geometry": {
        "type": "Polygon",
        "coordinates": [
          [
            [
              116.3444682,
              39.9840735
            ],
            [
              116.3444571,
              39.9843045
            ],
            [
              116.3445303,
              39.9843066
            ],
            [
              116.3445191,
              39.9845383
            ],
            [
              116.3447159,
              39.9845438
            ],
            [
              116.3447242,
              39.9843708
            ],
            [
              116.3447306,
              39.9842377
            ],
            [
              116.3449512,
              39.984244
            ],
            [
              116.3449588,
              39.9840874
            ],
            [
              116.3444682,
              39.9840735
            ]
          ]
        ]
      }
    },
    {
      "type": "Feature",
      "id": "way/265008342",
      "properties": {
        "bicycle": "no",
        "foot": "yes",
        "highway": "footway",
        "horse": "yes",
        "motor_vehicle": "yes",
        "osm_id": "265008342",
        "osm_type": "way"
      },
      "geometry": {
        "type": "LineString",
        "coordinates": [
          [
            116.3450078,
            39.9847213
          ],
          [
            116.3450337,
            39.9839485
          ]
        ]
      }
    },
    {
      "type": "Feature",
      "id": "way/265008343",
      "properties": {
        "bicycle": "private",
        "foot": "yes",
        "highway": "footway",
        "horse": "no",
        "motor_vehicle": "private",
        "surface": "asphalt",
        "osm_id": "265008343",
        "osm_type": "way"
      },
      "geometry": {
        "type": "LineString",
        "coordinates": [
          [
            116.3438701,
            39.9833979
          ],
          [
            116.3438741,
            39.983312
          ],
          [
            116.3438976,
            39.9827129
          ],
          [
            116.3439269,
            39.982126
          ],
          [
            116.3439307,
            39.9819906
          ]
        ]
      }
    },
    {
      "type": "Feature",
      "id": "way/265008344",
      "properties": {
        "bicycle": "no",
        "foot": "yes",
        "highway": "footway",
        "horse": "no",
        "osm_id": "265008344",
        "osm_type": "way"
      },
      "geometry": {
        "type": "LineString",
        "coordinates": [
          [
            116.3456695,
            39.9827208
          ],
          [
            116.3468148,
            39.9827517
          ]
        ]
      }
    },
    {
      "type": "Feature",
      "id": "way/265008348",
      "properties": {
        "building": "transportation",
        "name": "地铁知春路站",
        "name:zh": "地铁知春路站",
        "name:zh-Hans": "地铁知春路站",
        "name:zh-Hant": "地鐵知春路站",
        "osm_id": "265008348",
        "osm_type": "way"
      },
      "geometry": {
        "type": "Polygon",
        "coordinates": [
          [
            [
              116.3362491,
              39.9755422
            ],
            [
              116.336246,
              39.9754131
            ],
            [
              116.3365943,
              39.9754175
            ],
            [
              116.3365943,
              39.9754774
            ],
            [
              116.3365129,
              39.9755422
            ],
            [
              116.3362491,
              39.9755422
            ]
          ]
        ]
      }
    },
    {
      "type": "Feature",
      "id": "way/265008349",
      "properties": {
        "leisure": "park",
        "osm_id": "265008349",
        "osm_type": "way"
      },
      "geometry": {
        "type": "Polygon",
        "coordinates": [
          [
            [
              116.3383189,
              39.9791483
            ],
            [
              116.3383494,
              39.9785753
            ],
            [
              116.3387655,
              39.9785884
            ],
            [
              116.338735,
              39.9791614
            ],
            [
              116.3383189,
              39.9791483
            ]
          ]
        ]
      }
    },
    {
      "type": "Feature",
      "id": "way/265008350",
      "properties": {
        "leisure": "pitch",
        "name": "小足球场",
        "name:de": "Fußballfeldchen",
        "name:en": "Small Football Field",
        "name:zh": "小足球场",
        "name:zh-Hans": "小足球场",
        "name:zh-Hant": "小足球場",
        "sport": "soccer",
        "osm_id": "265008350",
        "osm_type": "way"
      },
      "geometry": {
        "type": "Polygon",
        "coordinates": [
          [
            [
              116.3404843,
              39.9790657
            ],
            [
              116.3411568,
              39.9790776
            ],
            [
              116.3411601,
              39.9790177
            ],
            [
              116.3412124,
              39.9780629
            ],
            [
              116.3405433,
              39.9780422
            ],
            [
              116.3405159,
              39.9785534
            ],
            [
              116.3404843,
              39.9790657
            ]
          ]
        ]
      }
    },
    {
      "type": "Feature",
      "id": "way/265008351",
      "properties": {
        "access": "permissive",
        "barrier": "fence",
        "building": "yes",
        "fee": "no",
        "fence_type": "chain_link",
        "indoor": "no",
        "layer": "1",
        "leisure": "pitch",
        "lit": "no",
        "loc_name": "TD线",
        "name": "体能锻炼走廊",
        "name:zh": "体能锻炼走廊",
        "name:zh-Hans": "体能锻炼走廊",
        "name:zh-Hant": "體能鍛煉走廊",
        "note": "雨雪天气不对外开放",
        "opening_hours": "06:30-10:00,11:30-14:00, 15:30-19:00",
        "surface": "local knowledge",
        "osm_id": "265008351",
        "osm_type": "way"
      },
      "geometry": {
        "type": "Polygon",
        "coordinates": [
          [
            [
              116.3403414,
              39.9796888
            ],
            [
              116.3403947,
              39.9796902
            ],
            [
              116.3404637,
              39.9796923
            ],
            [
              116.3404742,
              39.979363
            ],
            [
              116.3404843,
              39.9790657
            ],
            [
              116.3405159,
              39.9785534
            ],
            [
              116.3405433,
              39.9780422
            ],
            [
              116.340489,
              39.9780412
            ],
            [
              116.3404302,
              39.9780401
            ],
            [
              116.3403414,
              39.9796888
            ]
          ]
        ]
      }
    },
    {
      "type": "Feature",
      "id": "way/298657916",
      "properties": {
        "building": "commercial",
        "name": "首享科技大厦",
        "name:en": "Shouxiang Science and Technology Mansion",
        "name:zh": "首享科技大厦",
        "name:zh-Hans": "首享科技大厦",
        "name:zh-Hant": "首享科技大廈",
        "osm_id": "298657916",
        "osm_type": "way"
      },
      "geometry": {
        "type": "Polygon",
        "coordinates": [
          [
            [
              116.3462868,
              39.9770104
            ],
            [
              116.3468258,
              39.9770269
            ],
            [
              116.3468467,
              39.9766257
            ],
            [
              116.3463077,
              39.9766092
            ],
            [
              116.3462868,
              39.9770104
            ]
          ]
        ]
      }
    },
    {
      "type": "Feature",
      "id": "way/298657918",
      "properties": {
        "addr:district": "海淀区",
        "addr:housenumber": "1号",
        "addr:province": "北京市",
        "addr:street": "知春路",
        "building": "commercial",
        "name": "学院国际大厦",
        "name:zh": "学院国际大厦",
        "name:zh-Hans": "学院国际大厦",
        "name:zh-Hant": "學院國際大廈",
        "osm_id": "298657918",
        "osm_type": "way"
      },
      "geometry": {
        "type": "Polygon",
        "coordinates": [
          [
            [
              116.3469087,
              39.9761432
            ],
            [
              116.3468966,
              39.9763822
            ],
            [
              116.3471836,
              39.9763925
            ],
            [
              116.3472113,
              39.9758822
            ],
            [
              116.3472111,
              39.9758437
            ],
            [
              116.347203,
              39.9758231
            ],
            [
              116.3471926,
              39.9758052
            ],
            [
              116.3471755,
              39.9757923
            ],
            [
              116.3471527,
              39.975779
            ],
            [
              116.3471299,
              39.9757691
            ],
            [
              116.3471061,
              39.9757659
            ],
            [
              116.3470685,
              39.9757644
            ],
            [
              116.3466942,
              39.9757541
            ],
            [
              116.346674,
              39.9761356
            ],
            [
              116.3469087,
              39.9761432
            ]
          ]
        ]
      }
    },
    {
      "type": "Feature",
      "id": "way/363833719",
      "properties": {
        "addr:city": "北京",
        "addr:housenumber": "9",
        "addr:postcode": "100083",
        "addr:street": "知春路",
        "building": "commercial",
        "name": "坤讯大厦",
        "name:zh": "坤讯大厦",
        "name:zh-Hans": "坤讯大厦",
        "name:zh-Hant": "坤訊大廈",
        "osm_id": "363833719",
        "osm_type": "way"
      },
      "geometry": {
        "type": "Polygon",
        "coordinates": [
          [
            [
              116.3435174,
              39.9756781
            ],
            [
              116.3435207,
              39.9754472
            ],
            [
              116.3439868,
              39.975451
            ],
            [
              116.3439817,
              39.9758134
            ],
            [
              116.3437651,
              39.9758116
            ],
            [
              116.3437669,
              39.9756802
            ],
            [
              116.3435174,
              39.9756781
            ]
          ]
        ]
      }
    },
    {
      "type": "Feature",
      "id": "way/370806843",
      "properties": {
        "building": "yes",
        "layer": "1",
        "name": "为民楼",
        "name:zh": "为民楼",
        "name:zh-Hans": "为民楼",
        "name:zh-Hant": "為民樓",
        "osm_id": "370806843",
        "osm_type": "way"
      },
      "geometry": {
        "type": "Polygon",
        "coordinates": [
          [
            [
              116.3428133,
              39.9778861
            ],
            [
              116.3433765,
              39.977902
            ],
            [
              116.343965,
              39.9779187
            ],
            [
              116.3439674,
              39.9778682
            ],
            [
              116.3439845,
              39.9775144
            ],
            [
              116.3439978,
              39.9772393
            ],
            [
              116.3440069,
              39.9770499
            ],
            [
              116.3435671,
              39.9770374
            ],
            [
              116.3435688,
              39.9770008
            ],
            [
              116.3434518,
              39.9769975
            ],
            [
              116.3433188,
              39.9769938
            ],
            [
              116.3433169,
              39.9770327
            ],
            [
              116.3428551,
              39.9770196
            ],
            [
              116.3428459,
              39.9772109
            ],
            [
              116.3428329,
              39.9774795
            ],
            [
              116.3428191,
              39.9777656
            ],
            [
              116.3428133,
              39.9778861
            ]
          ]
        ]
      }
    },
    {
      "type": "Feature",
      "id": "way/370806847",
      "properties": {
        "building": "yes",
        "name": "第十六馆 / 曾宪梓楼",
        "name:zh": "第十六馆 / 曾宪梓楼",
        "name:zh-Hans": "第十六馆 / 曾宪梓楼",
        "name:zh-Hant": "第十六館 / 曾憲梓樓",
        "osm_id": "370806847",
        "osm_type": "way"
      },
      "geometry": {
        "type": "Polygon",
        "coordinates": [
          [
            [
              116.3421114,
              39.9773909
            ],
            [
              116.3426629,
              39.9774082
            ],
            [
              116.3426884,
              39.9770141
            ],
            [
              116.3424218,
              39.9770069
            ],
            [
              116.3421273,
              39.9769989
            ],
            [
              116.3421114,
              39.9773909
            ]
          ]
        ]
      }
    },
    {
      "type": "Feature",
      "id": "way/407857810",
      "properties": {
        "building": "dormitory",
        "building:levels": "4",
        "name": "20公寓",
        "name:zh": "20公寓",
        "name:zh-Hans": "20公寓",
        "name:zh-Hant": "20公寓",
        "osm_id": "407857810",
        "osm_type": "way"
      },
      "geometry": {
        "type": "Polygon",
        "coordinates": [
          [
            [
              116.3390572,
              39.9809871
            ],
            [
              116.3393652,
              39.9809951
            ],
            [
              116.3396919,
              39.9810035
            ],
            [
              116.3396972,
              39.9808829
            ],
            [
              116.3390625,
              39.9808665
            ],
            [
              116.3390572,
              39.9809871
            ]
          ]
        ]
      }
    },
    {
      "type": "Feature",
      "id": "way/407857811",
      "properties": {
        "building": "dormitory",
        "building:levels": "4",
        "name": "21公寓",
        "name:zh": "21公寓",
        "name:zh-Hans": "21公寓",
        "name:zh-Hant": "21公寓",
        "osm_id": "407857811",
        "osm_type": "way"
      },
      "geometry": {
        "type": "Polygon",
        "coordinates": [
          [
            [
              116.3402453,
              39.9810598
            ],
            [
              116.3406757,
              39.98107
            ],
            [
              116.3410271,
              39.9810783
            ],
            [
              116.3410328,
              39.9809364
            ],
            [
              116.340251,
              39.9809179
            ],
            [
              116.3402453,
              39.9810598
            ]
          ]
        ]
      }
    },
    {
      "type": "Feature",
      "id": "way/439501149",
      "properties": {
        "building": "yes",
        "name": "110住宅",
        "name:zh": "110住宅",
        "name:zh-Hans": "110住宅",
        "name:zh-Hant": "110住宅",
        "osm_id": "439501149",
        "osm_type": "way"
      },
      "geometry": {
        "type": "Polygon",
        "coordinates": [
          [
            [
              116.3380062,
              39.9847154
            ],
            [
              116.338948,
              39.9847427
            ],
            [
              116.338944,
              39.9848548
            ],
            [
              116.3380651,
              39.9848304
            ],
            [
              116.3380225,
              39.9848191
            ],
            [
              116.3379984,
              39.9847975
            ],
            [
              116.3380062,
              39.9847154
            ]
          ]
        ]
      }
    },
    {
      "type": "Feature",
      "id": "way/439501150",
      "properties": {
        "building": "residential",
        "roof:shape": "hipped",
        "osm_id": "439501150",
        "osm_type": "way"
      },
      "geometry": {
        "type": "Polygon",
        "coordinates": [
          [
            [
              116.3391649,
              39.9847311
            ],
            [
              116.3401115,
              39.9847619
            ],
            [
              116.3401052,
              39.9848556
            ],
            [
              116.3391586,
              39.9848248
            ],
            [
              116.3391649,
              39.9847311
            ]
          ]
        ]
      }
    },
    {
      "type": "Feature",
      "id": "way/479448966",
      "properties": {
        "bicycle": "private",
        "foot": "yes",
        "highway": "service",
        "horse": "no",
        "motor_vehicle": "private",
        "name": "校园中路",
        "surface": "asphalt",
        "osm_id": "479448966",
        "osm_type": "way"
      },
      "geometry": {
        "type": "LineString",
        "coordinates": [
          [
            116.3466339,
            39.9820628
          ],
          [
            116.3457056,
            39.9820358
          ],
          [
            116.344971,
            39.9820161
          ],
          [
            116.3449596,
            39.9820155
          ]
        ]
      }
    },
    {
      "type": "Feature",
      "id": "way/485050586",
      "properties": {
        "addr:city": "北京",
        "addr:housenumber": "29号",
        "addr:street": "知春路",
        "building": "dormitory",
        "building:levels": "18",
        "name": "5号楼",
        "name:zh": "5号楼",
        "name:zh-Hans": "5号楼",
        "name:zh-Hant": "5號樓",
        "osm_id": "485050586",
        "osm_type": "way"
      },
      "geometry": {
        "type": "Polygon",
        "coordinates": [
          [
            [
              116.3365202,
              39.976749
            ],
            [
              116.3363819,
              39.9767132
            ],
            [
              116.3363189,
              39.9768456
            ],
            [
              116.3365039,
              39.9768985
            ],
            [
              116.3366767,
              39.9769406
            ],
            [
              116.3368393,
              39.9769718
            ],
            [
              116.336884,
              39.97683
            ],
            [
              116.3367295,
              39.9767973
            ],
            [
              116.3367422,
              39.9767607
            ],
            [
              116.3368108,
              39.9765636
            ],
            [
              116.3365974,
              39.9765247
            ],
            [
              116.3365309,
              39.9767179
            ],
            [
              116.3365202,
              39.976749
            ]
          ]
        ]
      }
    },
    {
      "type": "Feature",
      "id": "way/499013878",
      "properties": {
        "highway": "service",
        "surface": "asphalt",
        "osm_id": "499013878",
        "osm_type": "way"
      },
      "geometry": {
        "type": "LineString",
        "coordinates": [
          [
            116.3394707,
            39.9779651
          ],
          [
            116.3395137,
            39.9771801
          ],
          [
            116.3394387,
            39.9770554
          ],
          [
            116.3394152,
            39.9769972
          ],
          [
            116.3394008,
            39.9769614
          ],
          [
            116.3393389,
            39.9768387
          ]
        ]
      }
    },
    {
      "type": "Feature",
      "id": "way/541233490",
      "properties": {
        "addr:city": "北京市海淀区",
        "addr:housenumber": "17",
        "addr:postcode": "100081",
        "addr:street": "知春路",
        "building": "apartments",
        "name": "知春嘉园1号楼",
        "name:zh": "知春嘉园1号楼",
        "name:zh-Hans": "知春嘉园1号楼",
        "name:zh-Hant": "知春嘉園1號樓",
        "osm_id": "541233490",
        "osm_type": "way"
      },
      "geometry": {
        "type": "Polygon",
        "coordinates": [
          [
            [
              116.3415494,
              39.9756904
            ],
            [
              116.3415586,
              39.9753882
            ],
            [
              116.3419622,
              39.9753953
            ],
            [
              116.341953,
              39.9756904
            ],
            [
              116.3415494,
              39.9756904
            ]
          ]
        ]
      }
    },
    {
      "type": "Feature",
      "id": "way/541233491",
      "properties": {
        "addr:city": "北京市海淀区",
        "addr:housenumber": "17",
        "addr:postcode": "100081",
        "addr:street": "知春路",
        "building": "apartments",
        "name": "知春嘉园2号楼",
        "name:zh": "知春嘉园2号楼",
        "name:zh-Hans": "知春嘉园2号楼",
        "name:zh-Hant": "知春嘉園2號樓",
        "osm_id": "541233491",
        "osm_type": "way"
      },
      "geometry": {
        "type": "Polygon",
        "coordinates": [
          [
            [
              116.3409054,
              39.975655
            ],
            [
              116.3409177,
              39.9754189
            ],
            [
              116.3412536,
              39.9754189
            ],
            [
              116.3412567,
              39.9756621
            ],
            [
              116.3409054,
              39.975655
            ]
          ]
        ]
      }
    },
    {
      "type": "Feature",
      "id": "way/541233492",
      "properties": {
        "addr:city": "北京市海淀区",
        "addr:housenumber": "17",
        "addr:postcode": "100081",
        "addr:street": "知春路",
        "building": "apartments",
        "name": "知春嘉园3号楼",
        "name:zh": "知春嘉园3号楼",
        "name:zh-Hans": "知春嘉园3号楼",
        "name:zh-Hant": "知春嘉園3號樓",
        "osm_id": "541233492",
        "osm_type": "way"
      },
      "geometry": {
        "type": "Polygon",
        "coordinates": [
          [
            [
              116.3402065,
              39.9756564
            ],
            [
              116.3402086,
              39.9754038
            ],
            [
              116.3405922,
              39.9754057
            ],
            [
              116.3405901,
              39.9756583
            ],
            [
              116.3402065,
              39.9756564
            ]
          ]
        ]
      }
    },
    {
      "type": "Feature",
      "id": "way/541233493",
      "properties": {
        "addr:city": "北京市海淀区",
        "addr:housenumber": "17",
        "addr:postcode": "100081",
        "addr:street": "知春路",
        "building": "apartments",
        "name": "知春嘉园4号楼",
        "name:zh": "知春嘉园4号楼",
        "name:zh-Hans": "知春嘉园4号楼",
        "name:zh-Hant": "知春嘉園4號樓",
        "osm_id": "541233493",
        "osm_type": "way"
      },
      "geometry": {
        "type": "Polygon",
        "coordinates": [
          [
            [
              116.3395713,
              39.975655
            ],
            [
              116.3395836,
              39.9754118
            ],
            [
              116.3399349,
              39.9754142
            ],
            [
              116.3399318,
              39.9756621
            ],
            [
              116.3395713,
              39.975655
            ]
          ]
        ]
      }
    },
    {
      "type": "Feature",
      "id": "way/543831706",
      "properties": {
        "highway": "tertiary",
        "name": "学院路",
        "name:en": "Xueyuan Road",
        "name:zh": "学院路",
        "name:zh-Hans": "学院路",
        "name:zh-Hant": "學院路",
        "oneway": "yes",
        "osm_id": "543831706",
        "osm_type": "way"
      },
      "geometry": {
        "type": "LineString",
        "coordinates": [
          [
            116.3478515,
            39.9802336
          ],
          [
            116.3478473,
            39.9804556
          ]
        ]
      }
    },
    {
      "type": "Feature",
      "id": "way/543831713",
      "properties": {
        "building": "university",
        "name": "会议中心",
        "name:zh": "会议中心",
        "name:zh-Hans": "会议中心",
        "name:zh-Hant": "會議中心",
        "osm_id": "543831713",
        "osm_type": "way"
      },
      "geometry": {
        "type": "Polygon",
        "coordinates": [
          [
            [
              116.3479409,
              39.9824135
            ],
            [
              116.3479513,
              39.9821032
            ],
            [
              116.3486845,
              39.9821176
            ],
            [
              116.3486729,
              39.9824647
            ],
            [
              116.3479396,
              39.9824503
            ],
            [
              116.3479409,
              39.9824135
            ]
          ]
        ]
      }
    },
    {
      "type": "Feature",
      "id": "way/543832863",
      "properties": {
        "building": "college",
        "name": "护理楼",
        "name:zh": "护理楼",
        "name:zh-Hans": "护理楼",
        "name:zh-Hant": "護理樓",
        "osm_id": "543832863",
        "osm_type": "way"
      },
      "geometry": {
        "type": "Polygon",
        "coordinates": [
          [
            [
              116.3490283,
              39.9819832
            ],
            [
              116.348893,
              39.9817962
            ],
            [
              116.3490338,
              39.9816303
            ],
            [
              116.3488807,
              39.981554
            ],
            [
              116.3487482,
              39.9817101
            ],
            [
              116.3480955,
              39.9816934
            ],
            [
              116.3479702,
              39.9816917
            ],
            [
              116.347969,
              39.9818546
            ],
            [
              116.3487554,
              39.9818794
            ],
            [
              116.3488769,
              39.9820474
            ],
            [
              116.3490283,
              39.9819832
            ]
          ]
        ]
      }
    },
    {
      "type": "Feature",
      "id": "way/543832864",
      "properties": {
        "building": "college",
        "name": "新公卫楼",
        "name:zh": "新公卫楼",
        "name:zh-Hans": "新公卫楼",
        "name:zh-Hant": "新公衛樓",
        "osm_id": "543832864",
        "osm_type": "way"
      },
      "geometry": {
        "type": "Polygon",
        "coordinates": [
          [
            [
              116.3488997,
              39.9814257
            ],
            [
              116.34903,
              39.9813831
            ],
            [
              116.3489292,
              39.9812024
            ],
            [
              116.3490646,
              39.9810175
            ],
            [
              116.3489024,
              39.9809477
            ],
            [
              116.3487952,
              39.9810941
            ],
            [
              116.347978,
              39.9810783
            ],
            [
              116.3479802,
              39.9812476
            ],
            [
              116.3481055,
              39.9812493
            ],
            [
              116.3488061,
              39.9812579
            ],
            [
              116.3488997,
              39.9814257
            ]
          ]
        ]
      }
    },
    {
      "type": "Feature",
      "id": "way/544287640",
      "properties": {
        "building": "college",
        "osm_id": "544287640",
        "osm_type": "way"
      },
      "geometry": {
        "type": "Polygon",
        "coordinates": [
          [
            [
              116.3479702,
              39.9816917
            ],
            [
              116.3479802,
              39.9812476
            ],
            [
              116.3481055,
              39.9812493
            ],
            [
              116.3480955,
              39.9816934
            ],
            [
              116.3479702,
              39.9816917
            ]
          ]
        ]
      }
    },
    {
      "type": "Feature",
      "id": "way/544287647",
      "properties": {
        "building": "commercial",
        "osm_id": "544287647",
        "osm_type": "way"
      },
      "geometry": {
        "type": "Polygon",
        "coordinates": [
          [
            [
              116.3497233,
              39.9804069
            ],
            [
              116.349659,
              39.9804051
            ],
            [
              116.349643,
              39.9807811
            ],
            [
              116.349638,
              39.980845
            ],
            [
              116.3479687,
              39.9807982
            ],
            [
              116.3479655,
              39.9808646
            ],
            [
              116.3496991,
              39.9809132
            ],
            [
              116.3497233,
              39.9804069
            ]
          ]
        ]
      }
    },
    {
      "type": "Feature",
      "id": "way/547575899",
      "properties": {
        "building": "commercial",
        "name": "致真大厦",
        "name:en": "Zhizhen Tower",
        "name:zh": "致真大厦",
        "name:zh-Hans": "致真大厦",
        "name:zh-Hant": "致真大廈",
        "osm_id": "547575899",
        "osm_type": "way"
      },
      "geometry": {
        "type": "Polygon",
        "coordinates": [
          [
            [
              116.3444726,
              39.9763146
            ],
            [
              116.3445059,
              39.9756376
            ],
            [
              116.3451863,
              39.9756573
            ],
            [
              116.3451843,
              39.9756984
            ],
            [
              116.3456416,
              39.9757116
            ],
            [
              116.3456438,
              39.9756682
            ],
            [
              116.3463444,
              39.9756884
            ],
            [
              116.3463109,
              39.9763689
            ],
            [
              116.3456148,
              39.9763488
            ],
            [
              116.3456168,
              39.9763092
            ],
            [
              116.3451581,
              39.9762959
            ],
            [
              116.3451562,
              39.9763343
            ],
            [
              116.3444726,
              39.9763146
            ]
          ]
        ]
      }
    },
    {
      "type": "Feature",
      "id": "way/550878980",
      "properties": {
        "highway": "residential",
        "osm_id": "550878980",
        "osm_type": "way"
      },
      "geometry": {
        "type": "LineString",
        "coordinates": [
          [
            116.3441914,
            39.9875547
          ],
          [
            116.3443232,
            39.9857953
          ],
          [
            116.3443242,
            39.9857465
          ],
          [
            116.3443265,
            39.9856412
          ]
        ]
      }
    },
    {
      "type": "Feature",
      "id": "way/552563729",
      "properties": {
        "leisure": "pitch",
        "sport": "tennis",
        "osm_id": "552563729",
        "osm_type": "way"
      },
      "geometry": {
        "type": "Polygon",
        "coordinates": [
          [
            [
              116.3404742,
              39.979363
            ],
            [
              116.3411397,
              39.9793882
            ],
            [
              116.3411542,
              39.9791254
            ],
            [
              116.3411568,
              39.9790776
            ],
            [
              116.3404843,
              39.9790657
            ],
            [
              116.3404742,
              39.979363
            ]
          ]
        ]
      }
    },
    {
      "type": "Feature",
      "id": "way/552563730",
      "properties": {
        "brand": "超市发",
        "brand:en": "CSF Market",
        "brand:wikidata": "Q106844410",
        "brand:zh": "超市发",
        "building": "yes",
        "name": "超市发",
        "name:en": "CSF Market",
        "name:zh": "超市发",
        "name:zh-Hans": "超市发",
        "name:zh-Hant": "超市發",
        "shop": "supermarket",
        "osm_id": "552563730",
        "osm_type": "way"
      },
      "geometry": {
        "type": "Polygon",
        "coordinates": [
          [
            [
              116.3378568,
              39.9810183
            ],
            [
              116.3379443,
              39.9810214
            ],
            [
              116.3379524,
              39.9808893
            ],
            [
              116.337961,
              39.9807485
            ],
            [
              116.3378735,
              39.9807453
            ],
            [
              116.3378568,
              39.9810183
            ]
          ]
        ]
      }
    },
    {
      "type": "Feature",
      "id": "way/553293667",
      "properties": {
        "leisure": "park",
        "name": "唯实园",
        "name:en": "Vision Garden",
        "name:zh": "唯实园",
        "name:zh-Hans": "唯实园",
        "name:zh-Hant": "唯實園",
        "osm_id": "553293667",
        "osm_type": "way"
      },
      "geometry": {
        "type": "Polygon",
        "coordinates": [
          [
            [
              116.3457799,
              39.9779666
            ],
            [
              116.3458012,
              39.977583
            ],
            [
              116.3458067,
              39.9774702
            ],
            [
              116.3459581,
              39.9774745
            ],
            [
              116.3460075,
              39.9766026
            ],
            [
              116.3443187,
              39.9765548
            ],
            [
              116.3442163,
              39.9765513
            ],
            [
              116.3441535,
              39.97793
            ],
            [
              116.3457799,
              39.9779666
            ]
          ]
        ]
      }
    },
    {
      "type": "Feature",
      "id": "way/553445438",
      "properties": {
        "building": "yes",
        "name": "新主楼A座",
        "name:zh": "新主楼A座",
        "name:zh-Hans": "新主楼A座",
        "name:zh-Hant": "新主樓A座",
        "osm_id": "553445438",
        "osm_type": "way"
      },
      "geometry": {
        "type": "Polygon",
        "coordinates": [
          [
            [
              116.345978,
              39.9797243
            ],
            [
              116.3459835,
              39.9795986
            ],
            [
              116.3459905,
              39.9794362
            ],
            [
              116.3468363,
              39.9794577
            ],
            [
              116.3468238,
              39.9797458
            ],
            [
              116.3464048,
              39.9797351
            ],
            [
              116.345978,
              39.9797243
            ]
          ]
        ]
      }
    },
    {
      "type": "Feature",
      "id": "way/553445440",
      "properties": {
        "building": "yes",
        "building:levels": "1",
        "name": "新主楼会议中心",
        "name:zh": "新主楼会议中心",
        "name:zh-Hans": "新主楼会议中心",
        "name:zh-Hant": "新主樓會議中心",
        "osm_id": "553445440",
        "osm_type": "way"
      },
      "geometry": {
        "type": "Polygon",
        "coordinates": [
          [
            [
              116.3452369,
              39.9792642
            ],
            [
              116.3456323,
              39.9792709
            ],
            [
              116.3460562,
              39.9792781
            ],
            [
              116.3460725,
              39.9787163
            ],
            [
              116.3452532,
              39.9787024
            ],
            [
              116.3452369,
              39.9792642
            ]
          ]
        ]
      }
    },
    {
      "type": "Feature",
      "id": "way/553445443",
      "properties": {
        "building": "yes",
        "name": "新主楼G座",
        "name:zh": "新主楼G座",
        "name:zh-Hans": "新主楼G座",
        "name:zh-Hant": "新主樓G座",
        "osm_id": "553445443",
        "osm_type": "way"
      },
      "geometry": {
        "type": "Polygon",
        "coordinates": [
          [
            [
              116.344279,
              39.9796649
            ],
            [
              116.3451347,
              39.979686
            ],
            [
              116.3451409,
              39.979539
            ],
            [
              116.3451469,
              39.9793958
            ],
            [
              116.3442912,
              39.9793747
            ],
            [
              116.3442854,
              39.9795122
            ],
            [
              116.344279,
              39.9796649
            ]
          ]
        ]
      }
    },
    {
      "type": "Feature",
      "id": "way/566265932",
      "properties": {
        "building": "yes",
        "name": "学生12公寓",
        "name:zh": "学生12公寓",
        "name:zh-Hans": "学生12公寓",
        "name:zh-Hant": "學生12公寓",
        "osm_id": "566265932",
        "osm_type": "way"
      },
      "geometry": {
        "type": "Polygon",
        "coordinates": [
          [
            [
              116.3407157,
              39.9835787
            ],
            [
              116.3414766,
              39.9836034
            ],
            [
              116.3414714,
              39.9836983
            ],
            [
              116.3415578,
              39.9837011
            ],
            [
              116.3415721,
              39.9834417
            ],
            [
              116.3412016,
              39.9834297
            ],
            [
              116.3407248,
              39.9834143
            ],
            [
              116.3407157,
              39.9835787
            ]
          ]
        ]
      }
    },
    {
      "type": "Feature",
      "id": "way/566266105",
      "properties": {
        "building": "yes",
        "name": "交叉科学研究院",
        "name:zh": "交叉科学研究院",
        "name:zh-Hans": "交叉科学研究院",
        "name:zh-Hant": "交叉科學研究院",
        "osm_id": "566266105",
        "osm_type": "way"
      },
      "geometry": {
        "type": "Polygon",
        "coordinates": [
          [
            [
              116.3429012,
              39.9782927
            ],
            [
              116.3431219,
              39.9782966
            ],
            [
              116.343321,
              39.9783002
            ],
            [
              116.3433236,
              39.978212
            ],
            [
              116.3433673,
              39.9782128
            ],
            [
              116.3433701,
              39.978122
            ],
            [
              116.3429066,
              39.9781137
            ],
            [
              116.3429012,
              39.9782927
            ]
          ]
        ]
      }
    },
    {
      "type": "Feature",
      "id": "way/572267660",
      "properties": {
        "bridge": "yes",
        "highway": "footway",
        "layer": "1",
        "osm_id": "572267660",
        "osm_type": "way"
      },
      "geometry": {
        "type": "LineString",
        "coordinates": [
          [
            116.3479179,
            39.980418
          ],
          [
            116.3480834,
            39.9801487
          ],
          [
            116.3488049,
            39.9801651
          ]
        ]
      }
    },
    {
      "type": "Feature",
      "id": "way/572267661",
      "properties": {
        "bridge": "yes",
        "highway": "footway",
        "layer": "1",
        "osm_id": "572267661",
        "osm_type": "way"
      },
      "geometry": {
        "type": "LineString",
        "coordinates": [
          [
            116.347248,
            39.9809656
          ],
          [
            116.3473173,
            39.9803914
          ]
        ]
      }
    },
    {
      "type": "Feature",
      "id": "way/572267662",
      "properties": {
        "bridge": "yes",
        "highway": "steps",
        "layer": "1",
        "osm_id": "572267662",
        "osm_type": "way"
      },
      "geometry": {
        "type": "LineString",
        "coordinates": [
          [
            116.3479179,
            39.980418
          ],
          [
            116.347907,
            39.9805622
          ]
        ]
      }
    },
    {
      "type": "Feature",
      "id": "way/572267663",
      "properties": {
        "highway": "service",
        "lanes": "2",
        "lanes:both_ways": "1",
        "lit": "yes",
        "maxspeed": "20",
        "name": "校园中路",
        "name:zh": "校园中路",
        "name:zh-Hans": "校园中路",
        "name:zh-Hant": "校園中路",
        "oneway": "no",
        "parking": "no",
        "sidewalk": "both",
        "osm_id": "572267663",
        "osm_type": "way"
      },
      "geometry": {
        "type": "LineString",
        "coordinates": [
          [
            116.33463,
            39.981629
          ],
          [
            116.3347195,
            39.981636
          ],
          [
            116.3348179,
            39.9816779
          ],
          [
            116.3351215,
            39.9816859
          ],
          [
            116.3380572,
            39.9817699
          ],
          [
            116.3382975,
            39.9817778
          ],
          [
            116.3398213,
            39.9818276
          ],
          [
            116.3398708,
            39.9818292
          ],
          [
            116.3399388,
            39.9818314
          ],
          [
            116.3400187,
            39.981834
          ],
          [
            116.340792,
            39.9818594
          ],
          [
            116.3415042,
            39.9818834
          ],
          [
            116.34167,
            39.981889
          ],
          [
            116.3417139,
            39.9818893
          ]
        ]
      }
    },
    {
      "type": "Feature",
      "id": "way/572267664",
      "properties": {
        "bicycle": "yes",
        "foot": "yes",
        "highway": "residential",
        "name": "校园北路",
        "name:zh": "校园北路",
        "name:zh-Hans": "校园北路",
        "name:zh-Hant": "校園北路",
        "oneway": "no",
        "osm_id": "572267664",
        "osm_type": "way"
      },
      "geometry": {
        "type": "LineString",
        "coordinates": [
          [
            116.3343399,
            39.9832161
          ],
          [
            116.3345143,
            39.9832179
          ],
          [
            116.3345891,
            39.9831923
          ],
          [
            116.3346652,
            39.983193
          ],
          [
            116.3348648,
            39.9832059
          ],
          [
            116.3359293,
            39.9832433
          ],
          [
            116.3379865,
            39.9832824
          ],
          [
            116.3390341,
            39.9833166
          ]
        ]
      }
    },
    {
      "type": "Feature",
      "id": "way/575044390",
      "properties": {
        "leisure": "park",
        "osm_id": "575044390",
        "osm_type": "way"
      },
      "geometry": {
        "type": "Polygon",
        "coordinates": [
          [
            [
              116.3369993,
              39.9765631
            ],
            [
              116.3373214,
              39.9765842
            ],
            [
              116.3376964,
              39.976573
            ],
            [
              116.3379343,
              39.9765522
            ],
            [
              116.3381744,
              39.9765096
            ],
            [
              116.3385503,
              39.9764406
            ],
            [
              116.3383403,
              39.9763123
            ],
            [
              116.3382585,
              39.9761777
            ],
            [
              116.3382116,
              39.9760698
            ],
            [
              116.3382411,
              39.975965
            ],
            [
              116.3381814,
              39.9758894
            ],
            [
              116.3380641,
              39.9758416
            ],
            [
              116.3378119,
              39.9758766
            ],
            [
              116.3376322,
              39.9759239
            ],
            [
              116.3373104,
              39.9759896
            ],
            [
              116.336959,
              39.9761561
            ],
            [
              116.3367525,
              39.9762424
            ],
            [
              116.3366824,
              39.9763936
            ],
            [
              116.3366933,
              39.976477
            ],
            [
              116.3367643,
              39.9765183
            ],
            [
              116.3369993,
              39.9765631
            ]
          ]
        ]
      }
    },
    {
      "type": "Feature",
      "id": "way/578293934",
      "properties": {
        "highway": "service",
        "lanes": "1",
        "surface": "asphalt",
        "osm_id": "578293934",
        "osm_type": "way"
      },
      "geometry": {
        "type": "LineString",
        "coordinates": [
          [
            116.3435218,
            39.9799839
          ],
          [
            116.3435193,
            39.9800469
          ],
          [
            116.3435151,
            39.9801493
          ],
          [
            116.3434936,
            39.9806724
          ],
          [
            116.3434881,
            39.9808075
          ],
          [
            116.3434854,
            39.9808731
          ],
          [
            116.3434804,
            39.9809944
          ],
          [
            116.3434758,
            39.9811054
          ],
          [
            116.3434691,
            39.9812687
          ]
        ]
      }
    },
    {
      "type": "Feature",
      "id": "way/578293936",
      "properties": {
        "highway": "service",
        "osm_id": "578293936",
        "osm_type": "way"
      },
      "geometry": {
        "type": "LineString",
        "coordinates": [
          [
            116.3410718,
            39.9808033
          ],
          [
            116.3417227,
            39.9808186
          ],
          [
            116.3417654,
            39.9808203
          ]
        ]
      }
    },
    {
      "type": "Feature",
      "id": "way/578293937",
      "properties": {
        "highway": "service",
        "lit": "yes",
        "osm_id": "578293937",
        "osm_type": "way"
      },
      "geometry": {
        "type": "LineString",
        "coordinates": [
          [
            116.3410359,
            39.9815097
          ],
          [
            116.3410547,
            39.981166
          ],
          [
            116.3410583,
            39.9810889
          ],
          [
            116.3410698,
            39.980869
          ],
          [
            116.3410718,
            39.9808033
          ],
          [
            116.3410951,
            39.9803601
          ]
        ]
      }
    },
    {
      "type": "Feature",
      "id": "way/578293938",
      "properties": {
        "highway": "service",
        "surface": "paving_stones",
        "osm_id": "578293938",
        "osm_type": "way"
      },
      "geometry": {
        "type": "LineString",
        "coordinates": [
          [
            116.3400604,
            39.9811282
          ],
          [
            116.340072,
            39.9811302
          ],
          [
            116.3410547,
            39.981166
          ]
        ]
      }
    },
    {
      "type": "Feature",
      "id": "way/578293939",
      "properties": {
        "bicycle": "yes",
        "highway": "footway",
        "lit": "yes",
        "surface": "paving_stones",
        "osm_id": "578293939",
        "osm_type": "way"
      },
      "geometry": {
        "type": "LineString",
        "coordinates": [
          [
            116.3400815,
            39.9808505
          ],
          [
            116.3402501,
            39.9808508
          ],
          [
            116.3407284,
            39.9808614
          ],
          [
            116.3407854,
            39.980862
          ],
          [
            116.3410119,
            39.9808677
          ],
          [
            116.3410698,
            39.980869
          ]
        ]
      }
    },
    {
      "type": "Feature",
      "id": "way/578293940",
      "properties": {
        "highway": "service",
        "lit": "yes",
        "oneway": "no",
        "surface": "asphalt",
        "osm_id": "578293940",
        "osm_type": "way"
      },
      "geometry": {
        "type": "LineString",
        "coordinates": [
          [
            116.3401065,
            39.9803428
          ],
          [
            116.3400815,
            39.9808505
          ]
        ]
      }
    },
    {
      "type": "Feature",
      "id": "way/578293941",
      "properties": {
        "highway": "service",
        "lit": "yes",
        "oneway": "no",
        "surface": "asphalt",
        "osm_id": "578293941",
        "osm_type": "way"
      },
      "geometry": {
        "type": "LineString",
        "coordinates": [
          [
            116.3398934,
            39.9808443
          ],
          [
            116.3399043,
            39.98034
          ]
        ]
      }
    },
    {
      "type": "Feature",
      "id": "way/578293942",
      "properties": {
        "highway": "service",
        "lanes": "1",
        "lit": "yes",
        "oneway": "no",
        "surface": "asphalt",
        "osm_id": "578293942",
        "osm_type": "way"
      },
      "geometry": {
        "type": "LineString",
        "coordinates": [
          [
            116.3417927,
            39.98037
          ],
          [
            116.3417431,
            39.9803712
          ],
          [
            116.3412154,
            39.9803621
          ],
          [
            116.3411459,
            39.9803609
          ],
          [
            116.3410951,
            39.9803601
          ],
          [
            116.3409019,
            39.9803567
          ],
          [
            116.3408192,
            39.9803553
          ],
          [
            116.3407724,
            39.9803545
          ],
          [
            116.3407434,
            39.980354
          ],
          [
            116.3406409,
            39.9803528
          ],
          [
            116.3404917,
            39.9803497
          ],
          [
            116.3403857,
            39.9803479
          ],
          [
            116.3401065,
            39.9803428
          ],
          [
            116.3400166,
            39.9803415
          ],
          [
            116.3399043,
            39.98034
          ],
          [
            116.3398736,
            39.9803391
          ],
          [
            116.339625,
            39.9803348
          ],
          [
            116.3395526,
            39.9803336
          ],
          [
            116.3394172,
            39.9803322
          ],
          [
            116.3391683,
            39.980327
          ],
          [
            116.3390226,
            39.9803245
          ],
          [
            116.3389829,
            39.9803238
          ]
        ]
      }
    },
    {
      "type": "Feature",
      "id": "way/578293943",
      "properties": {
        "highway": "service",
        "lanes": "1",
        "oneway": "no",
        "osm_id": "578293943",
        "osm_type": "way"
      },
      "geometry": {
        "type": "LineString",
        "coordinates": [
          [
            116.3389235,
            39.9814622
          ],
          [
            116.3398674,
            39.9814789
          ],
          [
            116.3399577,
            39.981481
          ],
          [
            116.3400443,
            39.9814831
          ],
          [
            116.3408045,
            39.9815035
          ],
          [
            116.341006,
            39.9815089
          ],
          [
            116.3410359,
            39.9815097
          ],
          [
            116.3416869,
            39.9815173
          ],
          [
            116.3417342,
            39.9815171
          ]
        ]
      }
    },
    {
      "type": "Feature",
      "id": "way/578293944",
      "properties": {
        "highway": "service",
        "oneway": "no",
        "surface": "asphalt",
        "osm_id": "578293944",
        "osm_type": "way"
      },
      "geometry": {
        "type": "LineString",
        "coordinates": [
          [
            116.3389235,
            39.9814622
          ],
          [
            116.3389331,
            39.9813736
          ],
          [
            116.3389487,
            39.9811055
          ],
          [
            116.3389653,
            39.9808224
          ],
          [
            116.338969,
            39.9806973
          ],
          [
            116.3389827,
            39.9803562
          ],
          [
            116.3389829,
            39.9803238
          ]
        ]
      }
    },
    {
      "type": "Feature",
      "id": "way/579096421",
      "properties": {
        "highway": "service",
        "osm_id": "579096421",
        "osm_type": "way"
      },
      "geometry": {
        "type": "LineString",
        "coordinates": [
          [
            116.3391908,
            39.9798573
          ],
          [
            116.3391881,
            39.9799124
          ],
          [
            116.3391695,
            39.9803028
          ],
          [
            116.3391683,
            39.980327
          ]
        ]
      }
    },
    {
      "type": "Feature",
      "id": "way/579096423",
      "properties": {
        "building": "grandstand",
        "name": "运动场看台",
        "name:zh": "运动场看台",
        "name:zh-Hans": "运动场看台",
        "name:zh-Hant": "運動場看臺",
        "osm_id": "579096423",
        "osm_type": "way"
      },
      "geometry": {
        "type": "Polygon",
        "coordinates": [
          [
            [
              116.3389017,
              39.9796527
            ],
            [
              116.3391216,
              39.9796601
            ],
            [
              116.3391457,
              39.9792367
            ],
            [
              116.3391879,
              39.9784967
            ],
            [
              116.3392112,
              39.9780877
            ],
            [
              116.3389914,
              39.9780804
            ],
            [
              116.3389017,
              39.9796527
            ]
          ]
        ]
      }
    },
    {
      "type": "Feature",
      "id": "way/609321890",
      "properties": {
        "highway": "residential",
        "osm_id": "609321890",
        "osm_type": "way"
      },
      "geometry": {
        "type": "LineString",
        "coordinates": [
          [
            116.3356462,
            39.9873829
          ],
          [
            116.3356706,
            39.9870313
          ],
          [
            116.3356886,
            39.9867716
          ],
          [
            116.3357136,
            39.9863914
          ],
          [
            116.3357595,
            39.9856921
          ],
          [
            116.3357616,
            39.9856601
          ],
          [
            116.3357731,
            39.9855009
          ],
          [
            116.3357762,
            39.9854683
          ]
        ]
      }
    },
    {
      "type": "Feature",
      "id": "way/626788251",
      "properties": {
        "bicycle": "yes",
        "foot": "yes",
        "highway": "service",
        "oneway": "no",
        "surface": "asphalt",
        "osm_id": "626788251",
        "osm_type": "way"
      },
      "geometry": {
        "type": "LineString",
        "coordinates": [
          [
            116.3419101,
            39.9780197
          ],
          [
            116.341855,
            39.9780195
          ],
          [
            116.3417816,
            39.9780183
          ],
          [
            116.3403909,
            39.9779863
          ],
          [
            116.3401725,
            39.9779813
          ],
          [
            116.339774,
            39.9779721
          ],
          [
            116.3394707,
            39.9779651
          ],
          [
            116.3388681,
            39.9779478
          ],
          [
            116.3383053,
            39.9779347
          ]
        ]
      }
    },
    {
      "type": "Feature",
      "id": "way/635292181",
      "properties": {
        "building": "residential",
        "name": "305住宅",
        "name:zh": "305住宅",
        "name:zh-Hans": "305住宅",
        "name:zh-Hant": "305住宅",
        "osm_id": "635292181",
        "osm_type": "way"
      },
      "geometry": {
        "type": "Polygon",
        "coordinates": [
          [
            [
              116.3370285,
              39.9815769
            ],
            [
              116.3370343,
              39.9814596
            ],
            [
              116.3369968,
              39.9814288
            ],
            [
              116.3369079,
              39.9814265
            ],
            [
              116.3368992,
              39.9816287
            ],
            [
              116.3369592,
              39.9816302
            ],
            [
              116.3370386,
              39.9816296
            ],
            [
              116.3370424,
              39.9816528
            ],
            [
              116.3377881,
              39.9816836
            ],
            [
              116.3377934,
              39.9816404
            ],
            [
              116.3379061,
              39.9816487
            ],
            [
              116.3379168,
              39.9814801
            ],
            [
              116.3378873,
              39.9814719
            ],
            [
              116.337797,
              39.9814688
            ],
            [
              116.33779,
              39.9815991
            ],
            [
              116.3370285,
              39.9815769
            ]
          ]
        ]
      }
    },
    {
      "type": "Feature",
      "id": "way/635292182",
      "properties": {
        "leisure": "pitch",
        "sport": "volleyball",
        "osm_id": "635292182",
        "osm_type": "way"
      },
      "geometry": {
        "type": "Polygon",
        "coordinates": [
          [
            [
              116.3404637,
              39.9796923
            ],
            [
              116.3408191,
              39.9797032
            ],
            [
              116.3411292,
              39.9797129
            ],
            [
              116.3411304,
              39.9795595
            ],
            [
              116.3411375,
              39.9794297
            ],
            [
              116.3411397,
              39.9793882
            ],
            [
              116.3404742,
              39.979363
            ],
            [
              116.3404637,
              39.9796923
            ]
          ]
        ]
      }
    },
    {
      "type": "Feature",
      "id": "way/658498362",
      "properties": {
        "building": "yes",
        "name": "航南大厦A座",
        "name:zh": "航南大厦A座",
        "name:zh-Hans": "航南大厦A座",
        "name:zh-Hant": "航南大廈A座",
        "osm_id": "658498362",
        "osm_type": "way"
      },
      "geometry": {
        "type": "Polygon",
        "coordinates": [
          [
            [
              116.3422867,
              39.975733
            ],
            [
              116.3422926,
              39.9754734
            ],
            [
              116.3426713,
              39.9754784
            ],
            [
              116.3426654,
              39.975738
            ],
            [
              116.3422867,
              39.975733
            ]
          ]
        ]
      }
    },
    {
      "type": "Feature",
      "id": "way/658498363",
      "properties": {
        "building": "yes",
        "name": "航南大厦B座",
        "name:zh": "航南大厦B座",
        "name:zh-Hans": "航南大厦B座",
        "name:zh-Hant": "航南大廈B座",
        "osm_id": "658498363",
        "osm_type": "way"
      },
      "geometry": {
        "type": "Polygon",
        "coordinates": [
          [
            [
              116.3428775,
              39.9757334
            ],
            [
              116.3428834,
              39.9754738
            ],
            [
              116.343262,
              39.9754789
            ],
            [
              116.3432561,
              39.9757385
            ],
            [
              116.3428775,
              39.9757334
            ]
          ]
        ]
      }
    },
    {
      "type": "Feature",
      "id": "way/727033775",
      "properties": {
        "highway": "service",
        "osm_id": "727033775",
        "osm_type": "way"
      },
      "geometry": {
        "type": "LineString",
        "coordinates": [
          [
            116.3370126,
            39.9838947
          ],
          [
            116.3356985,
            39.9838556
          ],
          [
            116.3356125,
            39.9838532
          ]
        ]
      }
    },
    {
      "type": "Feature",
      "id": "way/727034429",
      "properties": {
        "amenity": "cafe",
        "brand": "库迪咖啡",
        "brand:en": "Cotti Coffee",
        "brand:wikidata": "Q123370986",
        "brand:zh": "库迪咖啡",
        "building": "yes",
        "cuisine": "coffee_shop",
        "name": "库迪咖啡",
        "name:en": "Cotti Coffee",
        "name:zh": "库迪咖啡",
        "takeaway": "yes",
        "osm_id": "727034429",
        "osm_type": "way"
      },
      "geometry": {
        "type": "Polygon",
        "coordinates": [
          [
            [
              116.3439411,
              39.9811606
            ],
            [
              116.3439437,
              39.9811174
            ],
            [
              116.3439579,
              39.9808821
            ],
            [
              116.3440665,
              39.9808868
            ],
            [
              116.3440484,
              39.9811622
            ],
            [
              116.3439411,
              39.9811606
            ]
          ]
        ]
      }
    },
    {
      "type": "Feature",
      "id": "way/727034574",
      "properties": {
        "highway": "service",
        "osm_id": "727034574",
        "osm_type": "way"
      },
      "geometry": {
        "type": "LineString",
        "coordinates": [
          [
            116.3426834,
            39.9796548
          ],
          [
            116.3427365,
            39.9787184
          ],
          [
            116.3419564,
            39.9787073
          ],
          [
            116.3418698,
            39.978704
          ]
        ]
      }
    },
    {
      "type": "Feature",
      "id": "way/727034575",
      "properties": {
        "highway": "service",
        "service": "parking_aisle",
        "surface": "asphalt",
        "osm_id": "727034575",
        "osm_type": "way"
      },
      "geometry": {
        "type": "LineString",
        "coordinates": [
          [
            116.3426504,
            39.9797753
          ],
          [
            116.3426565,
            39.9796847
          ],
          [
            116.3426586,
            39.9796538
          ],
          [
            116.3426834,
            39.9796548
          ],
          [
            116.3437827,
            39.9796848
          ],
          [
            116.3437794,
            39.9798204
          ],
          [
            116.3426785,
            39.9797858
          ],
          [
            116.3426504,
            39.9797753
          ]
        ]
      }
    },
    {
      "type": "Feature",
      "id": "way/727034576",
      "properties": {
        "highway": "service",
        "service": "parking_aisle",
        "surface": "asphalt",
        "osm_id": "727034576",
        "osm_type": "way"
      },
      "geometry": {
        "type": "LineString",
        "coordinates": [
          [
            116.3418255,
            39.9796608
          ],
          [
            116.3418949,
            39.9796635
          ],
          [
            116.3426565,
            39.9796847
          ]
        ]
      }
    },
    {
      "type": "Feature",
      "id": "way/739520297",
      "properties": {
        "bicycle": "private",
        "foot": "yes",
        "highway": "footway",
        "horse": "no",
        "motor_vehicle": "private",
        "osm_id": "739520297",
        "osm_type": "way"
      },
      "geometry": {
        "type": "LineString",
        "coordinates": [
          [
            116.3456376,
            39.9834481
          ],
          [
            116.3456626,
            39.9828868
          ],
          [
            116.3456672,
            39.9827829
          ],
          [
            116.3456695,
            39.9827208
          ],
          [
            116.3457056,
            39.9820358
          ]
        ]
      }
    },
    {
      "type": "Feature",
      "id": "way/739520298",
      "properties": {
        "highway": "service",
        "osm_id": "739520298",
        "osm_type": "way"
      },
      "geometry": {
        "type": "LineString",
        "coordinates": [
          [
            116.3466761,
            39.9808337
          ],
          [
            116.3466587,
            39.9815446
          ],
          [
            116.3466339,
            39.9820628
          ]
        ]
      }
    },
    {
      "type": "Feature",
      "id": "way/739520299",
      "properties": {
        "highway": "service",
        "surface": "asphalt",
        "osm_id": "739520299",
        "osm_type": "way"
      },
      "geometry": {
        "type": "LineString",
        "coordinates": [
          [
            116.3434606,
            39.9814631
          ],
          [
            116.344084,
            39.9814788
          ],
          [
            116.3449537,
            39.9815008
          ],
          [
            116.3458257,
            39.9815228
          ],
          [
            116.3466587,
            39.9815446
          ]
        ]
      }
    },
    {
      "type": "Feature",
      "id": "way/739520300",
      "properties": {
        "bicycle": "private",
        "foot": "yes",
        "highway": "service",
        "horse": "no",
        "motor_vehicle": "private",
        "name": "校园北路",
        "surface": "asphalt",
        "osm_id": "739520300",
        "osm_type": "way"
      },
      "geometry": {
        "type": "LineString",
        "coordinates": [
          [
            116.3417198,
            39.9833599
          ],
          [
            116.3417778,
            39.9833617
          ],
          [
            116.3418546,
            39.9833628
          ],
          [
            116.3432222,
            39.9833775
          ],
          [
            116.3433484,
            39.9833827
          ],
          [
            116.343445,
            39.983386
          ],
          [
            116.3438701,
            39.9833979
          ],
          [
            116.3446986,
            39.9834218
          ],
          [
            116.3448168,
            39.9834252
          ]
        ]
      }
    },
    {
      "type": "Feature",
      "id": "way/739520304",
      "properties": {
        "landuse": "commercial",
        "name": "北航世宁大厦",
        "name:zh": "北航世宁大厦",
        "name:zh-Hans": "北航世宁大厦",
        "name:zh-Hant": "北航世寧大廈",
        "osm_id": "739520304",
        "osm_type": "way"
      },
      "geometry": {
        "type": "Polygon",
        "coordinates": [
          [
            [
              116.3450481,
              39.9850197
            ],
            [
              116.3467701,
              39.9850734
            ],
            [
              116.3469571,
              39.9849768
            ],
            [
              116.3470269,
              39.9835431
            ],
            [
              116.3465035,
              39.9835319
            ],
            [
              116.3464804,
              39.9840114
            ],
            [
              116.3453579,
              39.9839943
            ],
            [
              116.3453619,
              39.9846101
            ],
            [
              116.3450661,
              39.9846084
            ],
            [
              116.3450481,
              39.9850197
            ]
          ]
        ]
      }
    },
    {
      "type": "Feature",
      "id": "way/739520305",
      "properties": {
        "landuse": "commercial",
        "name": "北航科技园",
        "name:zh": "北航科技园",
        "name:zh-Hans": "北航科技园",
        "name:zh-Hant": "北航科技園",
        "osm_id": "739520305",
        "osm_type": "way"
      },
      "geometry": {
        "type": "Polygon",
        "coordinates": [
          [
            [
              116.3443187,
              39.9765548
            ],
            [
              116.3443531,
              39.9758893
            ],
            [
              116.3443879,
              39.9753318
            ],
            [
              116.3465322,
              39.9753739
            ],
            [
              116.3465335,
              39.9754666
            ],
            [
              116.3470554,
              39.9754669
            ],
            [
              116.3470572,
              39.975578
            ],
            [
              116.3472342,
              39.9756439
            ],
            [
              116.3473634,
              39.9757816
            ],
            [
              116.3474318,
              39.9760095
            ],
            [
              116.3474661,
              39.9762473
            ],
            [
              116.3474717,
              39.9764184
            ],
            [
              116.347459,
              39.9766121
            ],
            [
              116.3474074,
              39.9775657
            ],
            [
              116.3473983,
              39.9777327
            ],
            [
              116.347327,
              39.9777315
            ],
            [
              116.3473152,
              39.9780213
            ],
            [
              116.3457799,
              39.9779666
            ],
            [
              116.3458012,
              39.977583
            ],
            [
              116.3458067,
              39.9774702
            ],
            [
              116.3459581,
              39.9774745
            ],
            [
              116.3460075,
              39.9766026
            ],
            [
              116.3443187,
              39.9765548
            ]
          ]
        ]
      }
    },
    {
      "type": "Feature",
      "id": "way/739520306",
      "properties": {
        "bicycle": "no",
        "highway": "footway",
        "lit": "yes",
        "surface": "paving_stones",
        "osm_id": "739520306",
        "osm_type": "way"
      },
      "geometry": {
        "type": "LineString",
        "coordinates": [
          [
            116.3399013,
            39.9824395
          ],
          [
            116.3399106,
            39.9822862
          ],
          [
            116.3399205,
            39.9821293
          ],
          [
            116.3399284,
            39.9820039
          ],
          [
            116.3399316,
            39.9819031
          ],
          [
            116.3399337,
            39.9818822
          ]
        ]
      }
    },
    {
      "type": "Feature",
      "id": "way/739520307",
      "properties": {
        "highway": "service",
        "osm_id": "739520307",
        "osm_type": "way"
      },
      "geometry": {
        "type": "LineString",
        "coordinates": [
          [
            116.3399388,
            39.9818314
          ],
          [
            116.3399415,
            39.981782
          ],
          [
            116.3399577,
            39.981481
          ]
        ]
      }
    },
    {
      "type": "Feature",
      "id": "way/739520308",
      "properties": {
        "building": "dormitory",
        "name": "4号楼",
        "name:zh": "4号楼",
        "name:zh-Hans": "4号楼",
        "name:zh-Hant": "4號樓",
        "osm_id": "739520308",
        "osm_type": "way"
      },
      "geometry": {
        "type": "Polygon",
        "coordinates": [
          [
            [
              116.3368393,
              39.9769718
            ],
            [
              116.336884,
              39.97683
            ],
            [
              116.3370039,
              39.9768456
            ],
            [
              116.3370548,
              39.9768518
            ],
            [
              116.3370597,
              39.9768172
            ],
            [
              116.3370873,
              39.9766213
            ],
            [
              116.3372824,
              39.9766322
            ],
            [
              116.3372616,
              39.9768366
            ],
            [
              116.337258,
              39.9768721
            ],
            [
              116.3373505,
              39.9768729
            ],
            [
              116.3373536,
              39.9770123
            ],
            [
              116.3372255,
              39.9770123
            ],
            [
              116.3370304,
              39.9769951
            ],
            [
              116.3368393,
              39.9769718
            ]
          ]
        ]
      }
    },
    {
      "type": "Feature",
      "id": "way/739520309",
      "properties": {
        "building": "dormitory",
        "building:levels": "18",
        "name": "6号楼",
        "name:zh": "6号楼",
        "name:zh-Hans": "6号楼",
        "name:zh-Hant": "6號樓",
        "osm_id": "739520309",
        "osm_type": "way"
      },
      "geometry": {
        "type": "Polygon",
        "coordinates": [
          [
            [
              116.3363819,
              39.9767132
            ],
            [
              116.3362254,
              39.9766555
            ],
            [
              116.336073,
              39.9766057
            ],
            [
              116.3358758,
              39.9765309
            ],
            [
              116.3357823,
              39.9766384
            ],
            [
              116.3360018,
              39.9767272
            ],
            [
              116.3361537,
              39.9767887
            ],
            [
              116.3363189,
              39.9768456
            ],
            [
              116.3363819,
              39.9767132
            ]
          ]
        ]
      }
    },
    {
      "type": "Feature",
      "id": "way/739520310",
      "properties": {
        "building": "dormitory",
        "name": "7号楼",
        "name:zh": "7号楼",
        "name:zh-Hans": "7号楼",
        "name:zh-Hant": "7號樓",
        "osm_id": "739520310",
        "osm_type": "way"
      },
      "geometry": {
        "type": "Polygon",
        "coordinates": [
          [
            [
              116.3361461,
              39.9763402
            ],
            [
              116.3362193,
              39.9762592
            ],
            [
              116.3363311,
              39.9761688
            ],
            [
              116.3364856,
              39.9760723
            ],
            [
              116.3366157,
              39.9761922
            ],
            [
              116.3364632,
              39.976281
            ],
            [
              116.3363372,
              39.9763682
            ],
            [
              116.3362681,
              39.9764305
            ],
            [
              116.3361461,
              39.9763402
            ]
          ]
        ]
      }
    },
    {
      "type": "Feature",
      "id": "way/739520311",
      "properties": {
        "building": "dormitory",
        "name": "8号楼",
        "name:zh": "8号楼",
        "name:zh-Hans": "8号楼",
        "name:zh-Hant": "8號樓",
        "osm_id": "739520311",
        "osm_type": "way"
      },
      "geometry": {
        "type": "Polygon",
        "coordinates": [
          [
            [
              116.3366157,
              39.9761922
            ],
            [
              116.3364856,
              39.9760723
            ],
            [
              116.3365154,
              39.9760539
            ],
            [
              116.3365527,
              39.9760309
            ],
            [
              116.3368495,
              39.9758479
            ],
            [
              116.3369836,
              39.9759757
            ],
            [
              116.3368282,
              39.9760672
            ],
            [
              116.3367246,
              39.9761281
            ],
            [
              116.3366481,
              39.9761731
            ],
            [
              116.3366157,
              39.9761922
            ]
          ]
        ]
      }
    },
    {
      "type": "Feature",
      "id": "way/739520312",
      "properties": {
        "building": "dormitory",
        "name": "9号楼",
        "name:zh": "9号楼",
        "name:zh-Hans": "9号楼",
        "name:zh-Hant": "9號樓",
        "osm_id": "739520312",
        "osm_type": "way"
      },
      "geometry": {
        "type": "Polygon",
        "coordinates": [
          [
            [
              116.3369836,
              39.9759757
            ],
            [
              116.3368495,
              39.9758479
            ],
            [
              116.3368804,
              39.9758296
            ],
            [
              116.3369087,
              39.9758129
            ],
            [
              116.3369653,
              39.9757794
            ],
            [
              116.3371218,
              39.9757077
            ],
            [
              116.3372763,
              39.9756517
            ],
            [
              116.3373678,
              39.9757934
            ],
            [
              116.3372276,
              39.9758542
            ],
            [
              116.3371822,
              39.9758735
            ],
            [
              116.3370812,
              39.9759165
            ],
            [
              116.3370123,
              39.9759583
            ],
            [
              116.3369836,
              39.9759757
            ]
          ]
        ]
      }
    },
    {
      "type": "Feature",
      "id": "way/739520313",
      "properties": {
        "building": "dormitory",
        "name": "10号楼（留学生公寓）",
        "name:zh": "10号楼（留学生公寓）",
        "name:zh-Hans": "10号楼（留学生公寓）",
        "name:zh-Hant": "10號樓（留學生公寓）",
        "osm_id": "739520313",
        "osm_type": "way"
      },
      "geometry": {
        "type": "Polygon",
        "coordinates": [
          [
            [
              116.3372763,
              39.9756517
            ],
            [
              116.3374735,
              39.9755894
            ],
            [
              116.3376687,
              39.9755457
            ],
            [
              116.3378109,
              39.9755255
            ],
            [
              116.3378414,
              39.9756704
            ],
            [
              116.3377882,
              39.9756772
            ],
            [
              116.3377439,
              39.9756828
            ],
            [
              116.3375528,
              39.9757327
            ],
            [
              116.3373678,
              39.9757934
            ],
            [
              116.3372763,
              39.9756517
            ]
          ]
        ]
      }
    },
    {
      "type": "Feature",
      "id": "way/739520314",
      "properties": {
        "building": "commercial",
        "name": "大运村网点（西）",
        "name:zh": "大运村网点（西）",
        "name:zh-Hans": "大运村网点（西）",
        "name:zh-Hant": "大運村網點（西）",
        "osm_id": "739520314",
        "osm_type": "way"
      },
      "geometry": {
        "type": "Polygon",
        "coordinates": [
          [
            [
              116.3361461,
              39.9763402
            ],
            [
              116.336061,
              39.9762864
            ],
            [
              116.3361776,
              39.976171
            ],
            [
              116.3363687,
              39.976018
            ],
            [
              116.3364618,
              39.9759534
            ],
            [
              116.3365232,
              39.9759108
            ],
            [
              116.3366298,
              39.9758368
            ],
            [
              116.3367589,
              39.9757562
            ],
            [
              116.3368495,
              39.9758479
            ],
            [
              116.3365527,
              39.9760309
            ],
            [
              116.3365154,
              39.9760539
            ],
            [
              116.3364856,
              39.9760723
            ],
            [
              116.3363311,
              39.9761688
            ],
            [
              116.3362193,
              39.9762592
            ],
            [
              116.3361461,
              39.9763402
            ]
          ]
        ]
      }
    },
    {
      "type": "Feature",
      "id": "way/739520315",
      "properties": {
        "building": "commercial",
        "name": "大运村网点（东）",
        "name:zh": "大运村网点（东）",
        "name:zh-Hans": "大运村网点（东）",
        "name:zh-Hant": "大運村網點（東）",
        "osm_id": "739520315",
        "osm_type": "way"
      },
      "geometry": {
        "type": "Polygon",
        "coordinates": [
          [
            [
              116.3369087,
              39.9758129
            ],
            [
              116.3368178,
              39.9757195
            ],
            [
              116.3370655,
              39.9755649
            ],
            [
              116.337254,
              39.9754582
            ],
            [
              116.3373658,
              39.975432
            ],
            [
              116.3375722,
              39.9754053
            ],
            [
              116.3377826,
              39.9754092
            ],
            [
              116.3378109,
              39.9755255
            ],
            [
              116.3376687,
              39.9755457
            ],
            [
              116.3374735,
              39.9755894
            ],
            [
              116.3372763,
              39.9756517
            ],
            [
              116.3371218,
              39.9757077
            ],
            [
              116.3369653,
              39.9757794
            ],
            [
              116.3369087,
              39.9758129
            ]
          ]
        ]
      }
    },
    {
      "type": "Feature",
      "id": "way/739520316",
      "properties": {
        "building": "dormitory",
        "name": "3号楼",
        "name:zh": "3号楼",
        "name:zh-Hans": "3号楼",
        "name:zh-Hant": "3號樓",
        "osm_id": "739520316",
        "osm_type": "way"
      },
      "geometry": {
        "type": "Polygon",
        "coordinates": [
          [
            [
              116.3376332,
              39.9770213
            ],
            [
              116.3376372,
              39.9768928
            ],
            [
              116.3377968,
              39.9768805
            ],
            [
              116.3377896,
              39.9768394
            ],
            [
              116.3377539,
              39.9766359
            ],
            [
              116.3379295,
              39.9766215
            ],
            [
              116.3379669,
              39.9768209
            ],
            [
              116.3379738,
              39.9768579
            ],
            [
              116.338128,
              39.9768353
            ],
            [
              116.3381763,
              39.9769689
            ],
            [
              116.3379993,
              39.9770049
            ],
            [
              116.3378088,
              39.9770234
            ],
            [
              116.3376332,
              39.9770213
            ]
          ]
        ]
      }
    },
    {
      "type": "Feature",
      "id": "way/739520317",
      "properties": {
        "building": "dormitory",
        "name": "2号楼",
        "name:zh": "2号楼",
        "name:zh-Hans": "2号楼",
        "name:zh-Hant": "2號樓",
        "osm_id": "739520317",
        "osm_type": "way"
      },
      "geometry": {
        "type": "Polygon",
        "coordinates": [
          [
            [
              116.3381763,
              39.9769689
            ],
            [
              116.338128,
              39.9768353
            ],
            [
              116.3383292,
              39.9767931
            ],
            [
              116.3383113,
              39.9767532
            ],
            [
              116.3382273,
              39.976566
            ],
            [
              116.3383895,
              39.9765239
            ],
            [
              116.3384783,
              39.9767193
            ],
            [
              116.3384941,
              39.9767541
            ],
            [
              116.3386457,
              39.9767099
            ],
            [
              116.338706,
              39.9768301
            ],
            [
              116.3385464,
              39.976877
            ],
            [
              116.3383734,
              39.9769219
            ],
            [
              116.3381763,
              39.9769689
            ]
          ]
        ]
      }
    },
    {
      "type": "Feature",
      "id": "way/739520318",
      "properties": {
        "building": "dormitory",
        "building:levels": "18",
        "name": "1号楼",
        "name:zh": "1号楼",
        "name:zh-Hans": "1号楼",
        "name:zh-Hant": "1號樓",
        "osm_id": "739520318",
        "osm_type": "way"
      },
      "geometry": {
        "type": "Polygon",
        "coordinates": [
          [
            [
              116.3386457,
              39.9767099
            ],
            [
              116.3388026,
              39.9766565
            ],
            [
              116.3388826,
              39.9766221
            ],
            [
              116.3389676,
              39.9765856
            ],
            [
              116.3391204,
              39.9765188
            ],
            [
              116.3392103,
              39.9766236
            ],
            [
              116.3390641,
              39.9766955
            ],
            [
              116.3388844,
              39.9767716
            ],
            [
              116.338706,
              39.9768301
            ],
            [
              116.3386457,
              39.9767099
            ]
          ]
        ]
      }
    },
    {
      "type": "Feature",
      "id": "way/739522005",
      "properties": {
        "highway": "footway",
        "osm_id": "739522005",
        "osm_type": "way"
      },
      "geometry": {
        "type": "LineString",
        "coordinates": [
          [
            116.339289,
            39.9767039
          ],
          [
            116.3392566,
            39.9766447
          ],
          [
            116.3392549,
            39.9765262
          ]
        ]
      }
    },
    {
      "type": "Feature",
      "id": "way/739522006",
      "properties": {
        "highway": "footway",
        "osm_id": "739522006",
        "osm_type": "way"
      },
      "geometry": {
        "type": "LineString",
        "coordinates": [
          [
            116.3394235,
            39.9765303
          ],
          [
            116.3394214,
            39.9766423
          ],
          [
            116.3394214,
            39.976725
          ],
          [
            116.3393937,
            39.9767533
          ],
          [
            116.3393361,
            39.9767824
          ]
        ]
      }
    },
    {
      "type": "Feature",
      "id": "way/739522007",
      "properties": {
        "highway": "footway",
        "osm_id": "739522007",
        "osm_type": "way"
      },
      "geometry": {
        "type": "LineString",
        "coordinates": [
          [
            116.3376313,
            39.9758124
          ],
          [
            116.3378562,
            39.9757652
          ],
          [
            116.3380087,
            39.9757605
          ],
          [
            116.3380935,
            39.9757746
          ],
          [
            116.3382414,
            39.975862
          ],
          [
            116.3382618,
            39.9758955
          ],
          [
            116.338283,
            39.9759305
          ],
          [
            116.3382876,
            39.9760143
          ],
          [
            116.338286,
            39.976104
          ],
          [
            116.3383153,
            39.9761985
          ],
          [
            116.3383646,
            39.9762858
          ],
          [
            116.3384201,
            39.9763448
          ],
          [
            116.3385294,
            39.9764086
          ],
          [
            116.3386219,
            39.9764534
          ]
        ]
      }
    },
    {
      "type": "Feature",
      "id": "way/739522008",
      "properties": {
        "highway": "footway",
        "osm_id": "739522008",
        "osm_type": "way"
      },
      "geometry": {
        "type": "LineString",
        "coordinates": [
          [
            116.3376005,
            39.9766081
          ],
          [
            116.3380471,
            39.9765632
          ],
          [
            116.3384771,
            39.9764664
          ],
          [
            116.3386219,
            39.9764534
          ],
          [
            116.3387651,
            39.9764582
          ],
          [
            116.3390162,
            39.9764653
          ],
          [
            116.3392171,
            39.9764712
          ],
          [
            116.3392558,
            39.9764711
          ]
        ]
      }
    },
    {
      "type": "Feature",
      "id": "way/739522010",
      "properties": {
        "highway": "footway",
        "osm_id": "739522010",
        "osm_type": "way"
      },
      "geometry": {
        "type": "LineString",
        "coordinates": [
          [
            116.3375124,
            39.9768832
          ],
          [
            116.3375113,
            39.9769173
          ],
          [
            116.3375088,
            39.9769988
          ],
          [
            116.3375076,
            39.977039
          ],
          [
            116.3375047,
            39.977186
          ]
        ]
      }
    },
    {
      "type": "Feature",
      "id": "way/739522011",
      "properties": {
        "bicycle": "no",
        "foot": "designated",
        "highway": "footway",
        "osm_id": "739522011",
        "osm_type": "way"
      },
      "geometry": {
        "type": "LineString",
        "coordinates": [
          [
            116.3376005,
            39.9766081
          ],
          [
            116.3376202,
            39.9767155
          ],
          [
            116.3376294,
            39.9767616
          ],
          [
            116.337631,
            39.9768076
          ],
          [
            116.3376171,
            39.9768454
          ],
          [
            116.3375894,
            39.9768643
          ],
          [
            116.3375493,
            39.9768749
          ],
          [
            116.3375124,
            39.9768832
          ],
          [
            116.3374723,
            39.9768773
          ],
          [
            116.3374261,
            39.9768607
          ],
          [
            116.3373968,
            39.9768407
          ],
          [
            116.3373783,
            39.9768088
          ],
          [
            116.3373783,
            39.9767745
          ],
          [
            116.3373876,
            39.9767167
          ],
          [
            116.3373972,
            39.9766128
          ]
        ]
      }
    },
    {
      "type": "Feature",
      "id": "way/739522012",
      "properties": {
        "highway": "footway",
        "osm_id": "739522012",
        "osm_type": "way"
      },
      "geometry": {
        "type": "LineString",
        "coordinates": [
          [
            116.3366783,
            39.9756361
          ],
          [
            116.3367076,
            39.9756641
          ],
          [
            116.3367861,
            39.9757392
          ],
          [
            116.3368804,
            39.9758296
          ]
        ]
      }
    },
    {
      "type": "Feature",
      "id": "way/739522013",
      "properties": {
        "highway": "footway",
        "osm_id": "739522013",
        "osm_type": "way"
      },
      "geometry": {
        "type": "LineString",
        "coordinates": [
          [
            116.3370123,
            39.9759583
          ],
          [
            116.3370706,
            39.9760168
          ]
        ]
      }
    },
    {
      "type": "Feature",
      "id": "way/739522014",
      "properties": {
        "covered": "yes",
        "highway": "footway",
        "osm_id": "739522014",
        "osm_type": "way"
      },
      "geometry": {
        "type": "LineString",
        "coordinates": [
          [
            116.3368804,
            39.9758296
          ],
          [
            116.3370123,
            39.9759583
          ]
        ]
      }
    },
    {
      "type": "Feature",
      "id": "way/739522015",
      "properties": {
        "highway": "footway",
        "surface": "paving_stones",
        "osm_id": "739522015",
        "osm_type": "way"
      },
      "geometry": {
        "type": "LineString",
        "coordinates": [
          [
            116.3379917,
            39.9764223
          ],
          [
            116.3379776,
            39.9763016
          ],
          [
            116.337967,
            39.9762487
          ],
          [
            116.3379387,
            39.9761904
          ],
          [
            116.3378873,
            39.9761307
          ],
          [
            116.3377829,
            39.9760426
          ],
          [
            116.3377263,
            39.9759911
          ]
        ]
      }
    },
    {
      "type": "Feature",
      "id": "way/739522016",
      "properties": {
        "highway": "footway",
        "surface": "paving_stones",
        "osm_id": "739522016",
        "osm_type": "way"
      },
      "geometry": {
        "type": "LineString",
        "coordinates": [
          [
            116.3369473,
            39.9765786
          ],
          [
            116.3369636,
            39.9765172
          ],
          [
            116.336965,
            39.9764721
          ],
          [
            116.3369382,
            39.9764269
          ],
          [
            116.336914,
            39.9763786
          ],
          [
            116.3369047,
            39.9763437
          ],
          [
            116.3369194,
            39.9763067
          ],
          [
            116.3369315,
            39.9762717
          ],
          [
            116.3369261,
            39.9762214
          ],
          [
            116.336867,
            39.97612
          ]
        ]
      }
    },
    {
      "type": "Feature",
      "id": "way/739522017",
      "properties": {
        "highway": "footway",
        "surface": "paving_stones",
        "osm_id": "739522017",
        "osm_type": "way"
      },
      "geometry": {
        "type": "LineString",
        "coordinates": [
          [
            116.3375016,
            39.9764897
          ],
          [
            116.3373813,
            39.9764852
          ],
          [
            116.3372752,
            39.9764622
          ],
          [
            116.3371955,
            39.9764201
          ],
          [
            116.3371513,
            39.9763645
          ],
          [
            116.3371389,
            39.9762954
          ],
          [
            116.3371495,
            39.9762113
          ],
          [
            116.337169,
            39.9761394
          ],
          [
            116.3371531,
            39.9760933
          ],
          [
            116.3370706,
            39.9760168
          ]
        ]
      }
    },
    {
      "type": "Feature",
      "id": "way/739522018",
      "properties": {
        "highway": "steps",
        "incline": "down",
        "osm_id": "739522018",
        "osm_type": "way"
      },
      "geometry": {
        "type": "LineString",
        "coordinates": [
          [
            116.3375016,
            39.9764897
          ],
          [
            116.3375032,
            39.9765794
          ],
          [
            116.3375037,
            39.9766103
          ]
        ]
      }
    },
    {
      "type": "Feature",
      "id": "way/739527665",
      "properties": {
        "landuse": "residential",
        "name": "北航社区1区",
        "name:zh": "北航社区1区",
        "name:zh-Hans": "北航社区1区",
        "name:zh-Hant": "北航社區1區",
        "residential": "apartments",
        "osm_id": "739527665",
        "osm_type": "way"
      },
      "geometry": {
        "type": "Polygon",
        "coordinates": [
          [
            [
              116.3378215,
              39.9833258
            ],
            [
              116.3348589,
              39.9832449
            ],
            [
              116.3347872,
              39.9845783
            ],
            [
              116.3378294,
              39.9847032
            ],
            [
              116.3378612,
              39.983341
            ],
            [
              116.3378215,
              39.9833258
            ]
          ]
        ]
      }
    },
    {
      "type": "Feature",
      "id": "way/739527666",
      "properties": {
        "landuse": "residential",
        "name": "北院平房区",
        "name:zh": "北院平房区",
        "name:zh-Hans": "北院平房区",
        "name:zh-Hant": "北院平房區",
        "residential": "apartments",
        "osm_id": "739527666",
        "osm_type": "way"
      },
      "geometry": {
        "type": "Polygon",
        "coordinates": [
          [
            [
              116.3358096,
              39.9831443
            ],
            [
              116.3348658,
              39.9831197
            ],
            [
              116.3348552,
              39.9831073
            ],
            [
              116.33489,
              39.9823713
            ],
            [
              116.3358548,
              39.9823991
            ],
            [
              116.3358096,
              39.9831443
            ]
          ]
        ]
      }
    },
    {
      "type": "Feature",
      "id": "way/739527667",
      "properties": {
        "landuse": "residential",
        "name": "北航社区2区",
        "name:zh": "北航社区2区",
        "name:zh-Hans": "北航社区2区",
        "name:zh-Hant": "北航社區2區",
        "residential": "apartments",
        "osm_id": "739527667",
        "osm_type": "way"
      },
      "geometry": {
        "type": "Polygon",
        "coordinates": [
          [
            [
              116.3358096,
              39.9831443
            ],
            [
              116.3358548,
              39.9823991
            ],
            [
              116.33489,
              39.9823713
            ],
            [
              116.3349175,
              39.9818961
            ],
            [
              116.3349267,
              39.9817361
            ],
            [
              116.3379673,
              39.9818188
            ],
            [
              116.3379019,
              39.9831742
            ],
            [
              116.3377695,
              39.9832028
            ],
            [
              116.3358096,
              39.9831443
            ]
          ]
        ]
      }
    },
    {
      "type": "Feature",
      "id": "way/739527668",
      "properties": {
        "landuse": "residential",
        "name": "西院平房区",
        "name:zh": "西院平房区",
        "name:zh-Hans": "西院平房区",
        "name:zh-Hant": "西院平房區",
        "osm_id": "739527668",
        "osm_type": "way"
      },
      "geometry": {
        "type": "Polygon",
        "coordinates": [
          [
            [
              116.3361019,
              39.9816472
            ],
            [
              116.336102,
              39.9813724
            ],
            [
              116.3361035,
              39.9809853
            ],
            [
              116.3357072,
              39.9809802
            ],
            [
              116.3357673,
              39.9801574
            ],
            [
              116.3353498,
              39.9801326
            ],
            [
              116.3353832,
              39.9798152
            ],
            [
              116.3353924,
              39.9797328
            ],
            [
              116.3352691,
              39.9797217
            ],
            [
              116.3349453,
              39.9796975
            ],
            [
              116.3346955,
              39.9815797
            ],
            [
              116.3348245,
              39.9815868
            ],
            [
              116.3361019,
              39.9816472
            ]
          ]
        ]
      }
    },
    {
      "type": "Feature",
      "id": "way/739527669",
      "properties": {
        "landuse": "residential",
        "name": "北航社区3区",
        "name:zh": "北航社区3区",
        "name:zh-Hans": "北航社区3区",
        "name:zh-Hant": "北航社區3區",
        "residential": "apartments",
        "osm_id": "739527669",
        "osm_type": "way"
      },
      "geometry": {
        "type": "Polygon",
        "coordinates": [
          [
            [
              116.3353832,
              39.9798152
            ],
            [
              116.3353498,
              39.9801326
            ],
            [
              116.3357673,
              39.9801574
            ],
            [
              116.3362703,
              39.9801731
            ],
            [
              116.3362705,
              39.9802195
            ],
            [
              116.3366377,
              39.9802273
            ],
            [
              116.3366393,
              39.9803336
            ],
            [
              116.3368703,
              39.9803349
            ],
            [
              116.3368713,
              39.9805194
            ],
            [
              116.3366468,
              39.9805184
            ],
            [
              116.3366249,
              39.981128
            ],
            [
              116.3369553,
              39.981134
            ],
            [
              116.3369492,
              39.9813262
            ],
            [
              116.3362056,
              39.9813061
            ],
            [
              116.3362122,
              39.9810324
            ],
            [
              116.3361632,
              39.9809858
            ],
            [
              116.3361035,
              39.9809853
            ],
            [
              116.336102,
              39.9813724
            ],
            [
              116.3361019,
              39.9816472
            ],
            [
              116.337967,
              39.9817074
            ],
            [
              116.3380674,
              39.9798992
            ],
            [
              116.3353832,
              39.9798152
            ]
          ]
        ]
      }
    },
    {
      "type": "Feature",
      "id": "way/739527671",
      "properties": {
        "landuse": "residential",
        "name": "北航社区4区",
        "name:zh": "北航社区4区",
        "name:zh-Hans": "北航社区4区",
        "name:zh-Hant": "北航社區4區",
        "residential": "apartments",
        "osm_id": "739527671",
        "osm_type": "way"
      },
      "geometry": {
        "type": "Polygon",
        "coordinates": [
          [
            [
              116.3352691,
              39.9797217
            ],
            [
              116.3353924,
              39.9797328
            ],
            [
              116.3353965,
              39.9796866
            ],
            [
              116.336948,
              39.9797306
            ],
            [
              116.3369933,
              39.9788392
            ],
            [
              116.3381416,
              39.9788713
            ],
            [
              116.3380923,
              39.9797424
            ],
            [
              116.3387571,
              39.9797581
            ],
            [
              116.3388441,
              39.9779849
            ],
            [
              116.3383291,
              39.9779739
            ],
            [
              116.3382561,
              39.977974
            ],
            [
              116.3381109,
              39.9779678
            ],
            [
              116.3370643,
              39.9779466
            ],
            [
              116.3370833,
              39.9774658
            ],
            [
              116.3369955,
              39.9774616
            ],
            [
              116.3369244,
              39.9774582
            ],
            [
              116.3369186,
              39.9775585
            ],
            [
              116.3357399,
              39.9775142
            ],
            [
              116.3356839,
              39.9777428
            ],
            [
              116.3354157,
              39.9794492
            ],
            [
              116.3353168,
              39.9794478
            ],
            [
              116.3352911,
              39.9795955
            ],
            [
              116.3352691,
              39.9797217
            ]
          ]
        ]
      }
    },
    {
      "type": "Feature",
      "id": "way/739533797",
      "properties": {
        "highway": "living_street",
        "osm_id": "739533797",
        "osm_type": "way"
      },
      "geometry": {
        "type": "LineString",
        "coordinates": [
          [
            116.3354569,
            39.9797483
          ],
          [
            116.3353695,
            39.9797875
          ],
          [
            116.3353512,
            39.9798203
          ],
          [
            116.3353146,
            39.9801743
          ],
          [
            116.3351215,
            39.9816859
          ]
        ]
      }
    },
    {
      "type": "Feature",
      "id": "way/739533798",
      "properties": {
        "bicycle": "no",
        "foot": "yes",
        "highway": "footway",
        "horse": "yes",
        "motor_vehicle": "yes",
        "osm_id": "739533798",
        "osm_type": "way"
      },
      "geometry": {
        "type": "LineString",
        "coordinates": [
          [
            116.3464452,
            39.9834652
          ],
          [
            116.3464435,
            39.9835136
          ],
          [
            116.3464267,
            39.9839826
          ],
          [
            116.3450337,
            39.9839485
          ],
          [
            116.3448311,
            39.9839434
          ],
          [
            116.3433468,
            39.9839058
          ],
          [
            116.3432275,
            39.9839018
          ]
        ]
      }
    },
    {
      "type": "Feature",
      "id": "way/739533799",
      "properties": {
        "highway": "service",
        "osm_id": "739533799",
        "osm_type": "way"
      },
      "geometry": {
        "type": "LineString",
        "coordinates": [
          [
            116.3455949,
            39.9800444
          ],
          [
            116.3455988,
            39.979971
          ],
          [
            116.3456067,
            39.9798209
          ]
        ]
      }
    },
    {
      "type": "Feature",
      "id": "way/739533800",
      "properties": {
        "highway": "steps",
        "incline": "up",
        "osm_id": "739533800",
        "osm_type": "way"
      },
      "geometry": {
        "type": "LineString",
        "coordinates": [
          [
            116.3456067,
            39.9798209
          ],
          [
            116.3456112,
            39.9797616
          ]
        ]
      }
    },
    {
      "type": "Feature",
      "id": "way/739533801",
      "properties": {
        "highway": "steps",
        "incline": "up",
        "osm_id": "739533801",
        "osm_type": "way"
      },
      "geometry": {
        "type": "LineString",
        "coordinates": [
          [
            116.3456112,
            39.9797616
          ],
          [
            116.3456206,
            39.979513
          ],
          [
            116.345625,
            39.9793957
          ]
        ]
      }
    },
    {
      "type": "Feature",
      "id": "way/739533802",
      "properties": {
        "highway": "steps",
        "incline": "up",
        "osm_id": "739533802",
        "osm_type": "way"
      },
      "geometry": {
        "type": "LineString",
        "coordinates": [
          [
            116.345625,
            39.9793957
          ],
          [
            116.3456323,
            39.9792709
          ]
        ]
      }
    },
    {
      "type": "Feature",
      "id": "way/739533803",
      "properties": {
        "highway": "service",
        "osm_id": "739533803",
        "osm_type": "way"
      },
      "geometry": {
        "type": "LineString",
        "coordinates": [
          [
            116.3456067,
            39.9798209
          ],
          [
            116.3452248,
            39.9798109
          ],
          [
            116.3442375,
            39.9797849
          ],
          [
            116.3441652,
            39.9796792
          ],
          [
            116.3441729,
            39.9795143
          ],
          [
            116.3441945,
            39.979054
          ],
          [
            116.3442258,
            39.9783881
          ],
          [
            116.3442432,
            39.9780162
          ]
        ]
      }
    },
    {
      "type": "Feature",
      "id": "way/739539786",
      "properties": {
        "bridge": "yes",
        "highway": "tertiary",
        "layer": "1",
        "name": "北四环中路",
        "name:en": "North 4th Ring Road",
        "name:zh": "北四环中路",
        "name:zh-Hans": "北四环中路",
        "name:zh-Hant": "北四環中路",
        "oneway": "yes",
        "osm_id": "739539786",
        "osm_type": "way"
      },
      "geometry": {
        "type": "LineString",
        "coordinates": [
          [
            116.3471719,
            39.9857184
          ],
          [
            116.3469819,
            39.985711
          ],
          [
            116.3451442,
            39.9856362
          ]
        ]
      }
    },
    {
      "type": "Feature",
      "id": "way/739539787",
      "properties": {
        "highway": "trunk",
        "name": "学院路",
        "name:en": "Xueyuan Road",
        "name:zh": "学院路",
        "name:zh-Hans": "学院路",
        "name:zh-Hant": "學院路",
        "oneway": "yes",
        "osm_id": "739539787",
        "osm_type": "way"
      },
      "geometry": {
        "type": "LineString",
        "coordinates": [
          [
            116.347267,
            39.9837934
          ],
          [
            116.3473008,
            39.9835705
          ],
          [
            116.3473354,
            39.983144
          ],
          [
            116.3474705,
            39.9814804
          ],
          [
            116.3474826,
            39.981331
          ],
          [
            116.3475661,
            39.9803018
          ],
          [
            116.3476366,
            39.9790265
          ],
          [
            116.347646,
            39.9787307
          ],
          [
            116.3477269,
            39.9779404
          ]
        ]
      }
    },
    {
      "type": "Feature",
      "id": "way/739539788",
      "properties": {
        "highway": "tertiary",
        "name": "学院路",
        "name:en": "Xueyuan Road",
        "name:zh": "学院路",
        "name:zh-Hans": "学院路",
        "name:zh-Hant": "學院路",
        "oneway": "yes",
        "osm_id": "739539788",
        "osm_type": "way"
      },
      "geometry": {
        "type": "LineString",
        "coordinates": [
          [
            116.3471827,
            39.9832806
          ],
          [
            116.3472041,
            39.9828367
          ],
          [
            116.3473029,
            39.9812975
          ],
          [
            116.3473821,
            39.9809348
          ],
          [
            116.34744,
            39.9801687
          ],
          [
            116.3474453,
            39.9800985
          ]
        ]
      }
    },
    {
      "type": "Feature",
      "id": "way/739539790",
      "properties": {
        "highway": "tertiary",
        "name": "学院路",
        "name:en": "Xueyuan Road",
        "name:zh": "学院路",
        "name:zh-Hans": "学院路",
        "name:zh-Hant": "學院路",
        "oneway": "yes",
        "osm_id": "739539790",
        "osm_type": "way"
      },
      "geometry": {
        "type": "LineString",
        "coordinates": [
          [
            116.3474453,
            39.9800985
          ],
          [
            116.3474488,
            39.9800283
          ],
          [
            116.3474934,
            39.9791282
          ],
          [
            116.3475051,
            39.9789847
          ],
          [
            116.3475148,
            39.9788651
          ],
          [
            116.3475308,
            39.9786763
          ],
          [
            116.3475274,
            39.9783592
          ],
          [
            116.3474831,
            39.9776306
          ],
          [
            116.3475324,
            39.9766964
          ],
          [
            116.3476711,
            39.9762586
          ]
        ]
      }
    },
    {
      "type": "Feature",
      "id": "way/739539791",
      "properties": {
        "highway": "tertiary",
        "name": "学院路",
        "oneway": "yes",
        "osm_id": "739539791",
        "osm_type": "way"
      },
      "geometry": {
        "type": "LineString",
        "coordinates": [
          [
            116.3475168,
            39.9756373
          ],
          [
            116.3473456,
            39.9753084
          ],
          [
            116.3473024,
            39.975213
          ]
        ]
      }
    },
    {
      "type": "Feature",
      "id": "way/741501051",
      "properties": {
        "bicycle": "no",
        "foot": "yes",
        "highway": "footway",
        "horse": "yes",
        "motor_vehicle": "yes",
        "trail_visibility": "good",
        "osm_id": "741501051",
        "osm_type": "way"
      },
      "geometry": {
        "type": "LineString",
        "coordinates": [
          [
            116.3433468,
            39.9839058
          ],
          [
            116.3433006,
            39.9846704
          ],
          [
            116.3450078,
            39.9847213
          ]
        ]
      }
    },
    {
      "type": "Feature",
      "id": "way/741501052",
      "properties": {
        "building": "yes",
        "name": "五号楼",
        "name:zh": "五号楼",
        "name:zh-Hans": "五号楼",
        "name:zh-Hant": "五號樓",
        "osm_id": "741501052",
        "osm_type": "way"
      },
      "geometry": {
        "type": "Polygon",
        "coordinates": [
          [
            [
              116.3418201,
              39.9835054
            ],
            [
              116.342008,
              39.9835077
            ],
            [
              116.3420049,
              39.9835951
            ],
            [
              116.3420875,
              39.9835968
            ],
            [
              116.3424602,
              39.9836045
            ],
            [
              116.3428305,
              39.9836121
            ],
            [
              116.3429231,
              39.983614
            ],
            [
              116.3429231,
              39.9835478
            ],
            [
              116.343111,
              39.9835526
            ],
            [
              116.3430956,
              39.9838807
            ],
            [
              116.3429108,
              39.9838736
            ],
            [
              116.3429108,
              39.9838075
            ],
            [
              116.3419957,
              39.9837816
            ],
            [
              116.3419926,
              39.9838547
            ],
            [
              116.3418077,
              39.98385
            ],
            [
              116.3418201,
              39.9835054
            ]
          ]
        ]
      }
    },
    {
      "type": "Feature",
      "id": "way/749675151",
      "properties": {
        "leisure": "pitch",
        "sport": "soccer",
        "osm_id": "749675151",
        "osm_type": "way"
      },
      "geometry": {
        "type": "Polygon",
        "coordinates": [
          [
            [
              116.3393435,
              39.9793132
            ],
            [
              116.3393918,
              39.9793974
            ],
            [
              116.3394481,
              39.9794735
            ],
            [
              116.3395034,
              39.9795216
            ],
            [
              116.3395797,
              39.9795616
            ],
            [
              116.3396955,
              39.9795945
            ],
            [
              116.339823,
              39.9796023
            ],
            [
              116.3399094,
              39.9795803
            ],
            [
              116.3400194,
              39.979531
            ],
            [
              116.340124,
              39.9794426
            ],
            [
              116.3401669,
              39.979381
            ],
            [
              116.340242,
              39.9784746
            ],
            [
              116.3402179,
              39.9784129
            ],
            [
              116.3401803,
              39.9783348
            ],
            [
              116.3401347,
              39.9782711
            ],
            [
              116.3400704,
              39.9782321
            ],
            [
              116.3399872,
              39.9781971
            ],
            [
              116.3399228,
              39.9781786
            ],
            [
              116.3398397,
              39.9781622
            ],
            [
              116.3397405,
              39.9781704
            ],
            [
              116.3396466,
              39.978193
            ],
            [
              116.3395661,
              39.9782238
            ],
            [
              116.3394964,
              39.9782814
            ],
            [
              116.3394186,
              39.9783574
            ],
            [
              116.3393435,
              39.9793132
            ]
          ]
        ]
      }
    },
    {
      "type": "Feature",
      "id": "way/814254433",
      "properties": {
        "building": "yes",
        "name": "第一馆",
        "name:zh": "第一馆",
        "name:zh-Hans": "第一馆",
        "name:zh-Hant": "第一館",
        "osm_id": "814254433",
        "osm_type": "way"
      },
      "geometry": {
        "type": "Polygon",
        "coordinates": [
          [
            [
              116.3417976,
              39.9839905
            ],
            [
              116.3419965,
              39.9839968
            ],
            [
              116.3421919,
              39.9840029
            ],
            [
              116.3421797,
              39.9844141
            ],
            [
              116.3417935,
              39.9844048
            ],
            [
              116.3417976,
              39.9839905
            ]
          ]
        ]
      }
    },
    {
      "type": "Feature",
      "id": "way/814254434",
      "properties": {
        "building": "yes",
        "name": "第四馆",
        "name:zh": "第四馆",
        "name:zh-Hans": "第四馆",
        "name:zh-Hant": "第四館",
        "osm_id": "814254434",
        "osm_type": "way"
      },
      "geometry": {
        "type": "Polygon",
        "coordinates": [
          [
            [
              116.3450973,
              39.9844827
            ],
            [
              116.3451332,
              39.9844838
            ],
            [
              116.3451282,
              39.9845824
            ],
            [
              116.3453389,
              39.9845887
            ],
            [
              116.3453432,
              39.9845043
            ],
            [
              116.3452748,
              39.9845022
            ],
            [
              116.345293,
              39.9841443
            ],
            [
              116.3453602,
              39.9841463
            ],
            [
              116.3453636,
              39.9840785
            ],
            [
              116.345151,
              39.9840722
            ],
            [
              116.3451466,
              39.9841578
            ],
            [
              116.3451139,
              39.9841568
            ],
            [
              116.3451058,
              39.9843152
            ],
            [
              116.3450973,
              39.9844827
            ]
          ]
        ]
      }
    },
    {
      "type": "Feature",
      "id": "way/814254435",
      "properties": {
        "building": "yes",
        "name": "学术交流厅",
        "osm_id": "814254435",
        "osm_type": "way"
      },
      "geometry": {
        "type": "Polygon",
        "coordinates": [
          [
            [
              116.3426924,
              39.9832181
            ],
            [
              116.3430908,
              39.9832274
            ],
            [
              116.3431025,
              39.9831151
            ],
            [
              116.3431152,
              39.9829938
            ],
            [
              116.3427087,
              39.9829751
            ],
            [
              116.3426924,
              39.9832181
            ]
          ]
        ]
      }
    },
    {
      "type": "Feature",
      "id": "way/814254436",
      "properties": {
        "building": "yes",
        "name": "第七馆 水洞实验室",
        "name:zh": "第七馆",
        "name:zh-Hans": "第七馆",
        "name:zh-Hant": "第七館",
        "osm_id": "814254436",
        "osm_type": "way"
      },
      "geometry": {
        "type": "Polygon",
        "coordinates": [
          [
            [
              116.3463953,
              39.9810961
            ],
            [
              116.3464186,
              39.9808907
            ],
            [
              116.3461718,
              39.9808824
            ],
            [
              116.3459046,
              39.9808734
            ],
            [
              116.345891,
              39.9810813
            ],
            [
              116.3463953,
              39.9810961
            ]
          ]
        ]
      }
    },
    {
      "type": "Feature",
      "id": "way/814254437",
      "properties": {
        "building": "yes",
        "name": "第十一馆",
        "name:zh": "第十一馆",
        "name:zh-Hans": "第十一馆",
        "name:zh-Hant": "第十一館",
        "osm_id": "814254437",
        "osm_type": "way"
      },
      "geometry": {
        "type": "Polygon",
        "coordinates": [
          [
            [
              116.3415571,
              39.976095
            ],
            [
              116.3419032,
              39.976099
            ],
            [
              116.3419061,
              39.9760057
            ],
            [
              116.3419122,
              39.97594
            ],
            [
              116.3415626,
              39.9758846
            ],
            [
              116.3415571,
              39.976095
            ]
          ]
        ]
      }
    },
    {
      "type": "Feature",
      "id": "way/865466544",
      "properties": {
        "cutting": "right",
        "foot": "no",
        "highway": "trunk",
        "lanes": "4",
        "maxheight": "4",
        "name": "北四环西路",
        "name:zh": "北四环西路",
        "name:zh-Hans": "北四环西路",
        "name:zh-Hant": "北四環西路",
        "oneway": "yes",
        "shoulder": "no",
        "sidewalk": "no",
        "osm_id": "865466544",
        "osm_type": "way"
      },
      "geometry": {
        "type": "LineString",
        "coordinates": [
          [
            116.3056844,
            39.983928
          ],
          [
            116.3097665,
            39.9840702
          ],
          [
            116.3106369,
            39.9841047
          ],
          [
            116.3120224,
            39.984141
          ],
          [
            116.3127067,
            39.9841589
          ],
          [
            116.3137873,
            39.9841969
          ],
          [
            116.3142529,
            39.9842098
          ],
          [
            116.3147378,
            39.9842232
          ],
          [
            116.3157564,
            39.9842514
          ],
          [
            116.3186074,
            39.9843302
          ],
          [
            116.3205901,
            39.9843996
          ],
          [
            116.3207665,
            39.9844058
          ],
          [
            116.3209012,
            39.9844101
          ],
          [
            116.3213295,
            39.9844203
          ],
          [
            116.3230485,
            39.984479
          ],
          [
            116.3237604,
            39.9845018
          ],
          [
            116.3267286,
            39.9846056
          ],
          [
            116.3274996,
            39.9846361
          ],
          [
            116.3307719,
            39.9847899
          ],
          [
            116.3354479,
            39.9850103
          ]
        ]
      }
    },
    {
      "type": "Feature",
      "id": "way/865466545",
      "properties": {
        "cutting": "right",
        "foot": "no",
        "highway": "trunk",
        "lanes": "4",
        "maxheight": "4",
        "name": "北四环西路",
        "name:zh": "北四环西路",
        "name:zh-Hans": "北四环西路",
        "name:zh-Hant": "北四環西路",
        "oneway": "yes",
        "shoulder": "no",
        "sidewalk": "no",
        "osm_id": "865466545",
        "osm_type": "way"
      },
      "geometry": {
        "type": "LineString",
        "coordinates": [
          [
            116.3354395,
            39.9851704
          ],
          [
            116.330646,
            39.9849499
          ],
          [
            116.327534,
            39.9848167
          ],
          [
            116.3274799,
            39.9848144
          ],
          [
            116.326738,
            39.9847826
          ],
          [
            116.3266868,
            39.9847804
          ],
          [
            116.3237605,
            39.9846737
          ],
          [
            116.3232123,
            39.9846537
          ],
          [
            116.3230486,
            39.9846478
          ],
          [
            116.3213324,
            39.9845852
          ],
          [
            116.3208921,
            39.9845691
          ],
          [
            116.3205028,
            39.9845563
          ],
          [
            116.3142525,
            39.9843617
          ],
          [
            116.3137645,
            39.9843465
          ],
          [
            116.3133004,
            39.9843321
          ],
          [
            116.3126894,
            39.9843194
          ],
          [
            116.3120099,
            39.9843052
          ],
          [
            116.3106215,
            39.9842762
          ],
          [
            116.3097701,
            39.9842474
          ],
          [
            116.3056864,
            39.9841274
          ]
        ]
      }
    },
    {
      "type": "Feature",
      "id": "way/865466546",
      "properties": {
        "highway": "tertiary",
        "oneway": "yes",
        "osm_id": "865466546",
        "osm_type": "way"
      },
      "geometry": {
        "type": "LineString",
        "coordinates": [
          [
            116.3346496,
            39.9846289
          ],
          [
            116.3346473,
            39.9847033
          ]
        ]
      }
    },
    {
      "type": "Feature",
      "id": "way/865466547",
      "properties": {
        "highway": "secondary",
        "oneway": "yes",
        "osm_id": "865466547",
        "osm_type": "way"
      },
      "geometry": {
        "type": "LineString",
        "coordinates": [
          [
            116.3346144,
            39.9853742
          ],
          [
            116.3346134,
            39.985395
          ],
          [
            116.3346095,
            39.9854432
          ]
        ]
      }
    },
    {
      "type": "Feature",
      "id": "way/877779264",
      "properties": {
        "highway": "footway",
        "osm_id": "877779264",
        "osm_type": "way"
      },
      "geometry": {
        "type": "LineString",
        "coordinates": [
          [
            116.3404146,
            39.9828776
          ],
          [
            116.3404096,
            39.9827158
          ],
          [
            116.3402803,
            39.9825632
          ],
          [
            116.3403332,
            39.9824836
          ],
          [
            116.3402375,
            39.982431
          ],
          [
            116.3401332,
            39.9823509
          ],
          [
            116.3399106,
            39.9822862
          ]
        ]
      }
    },
    {
      "type": "Feature",
      "id": "way/877779265",
      "properties": {
        "highway": "footway",
        "osm_id": "877779265",
        "osm_type": "way"
      },
      "geometry": {
        "type": "LineString",
        "coordinates": [
          [
            116.3398689,
            39.9829483
          ],
          [
            116.3404146,
            39.9828776
          ]
        ]
      }
    },
    {
      "type": "Feature",
      "id": "way/877779266",
      "properties": {
        "highway": "footway",
        "osm_id": "877779266",
        "osm_type": "way"
      },
      "geometry": {
        "type": "LineString",
        "coordinates": [
          [
            116.3401332,
            39.9823509
          ],
          [
            116.3401364,
            39.9822076
          ],
          [
            116.3399205,
            39.9821293
          ]
        ]
      }
    },
    {
      "type": "Feature",
      "id": "way/877779267",
      "properties": {
        "highway": "footway",
        "osm_id": "877779267",
        "osm_type": "way"
      },
      "geometry": {
        "type": "LineString",
        "coordinates": [
          [
            116.3401364,
            39.9822076
          ],
          [
            116.3403746,
            39.9820684
          ],
          [
            116.3403707,
            39.9820141
          ],
          [
            116.3399284,
            39.9820039
          ]
        ]
      }
    },
    {
      "type": "Feature",
      "id": "way/877779268",
      "properties": {
        "highway": "footway",
        "osm_id": "877779268",
        "osm_type": "way"
      },
      "geometry": {
        "type": "LineString",
        "coordinates": [
          [
            116.3403746,
            39.9820684
          ],
          [
            116.3405812,
            39.9821695
          ],
          [
            116.340652,
            39.9821739
          ],
          [
            116.3407352,
            39.9821439
          ],
          [
            116.3407745,
            39.9820902
          ],
          [
            116.3408538,
            39.9819819
          ],
          [
            116.3408921,
            39.9819592
          ],
          [
            116.3409959,
            39.9819724
          ],
          [
            116.3410767,
            39.9820017
          ],
          [
            116.3410274,
            39.9820383
          ],
          [
            116.340989,
            39.9820946
          ]
        ]
      }
    },
    {
      "type": "Feature",
      "id": "way/899365021",
      "properties": {
        "building": "yes",
        "name": "701所",
        "osm_id": "899365021",
        "osm_type": "way"
      },
      "geometry": {
        "type": "Polygon",
        "coordinates": [
          [
            [
              116.3410381,
              39.9773286
            ],
            [
              116.3413445,
              39.9773362
            ],
            [
              116.3413556,
              39.9770744
            ],
            [
              116.3412752,
              39.9770724
            ],
            [
              116.341199,
              39.9770705
            ],
            [
              116.3411924,
              39.9772252
            ],
            [
              116.3410426,
              39.9772214
            ],
            [
              116.3410381,
              39.9773286
            ]
          ]
        ]
      }
    },
    {
      "type": "Feature",
      "id": "way/899365023",
      "properties": {
        "building": "yes",
        "name": "文理研修学院",
        "osm_id": "899365023",
        "osm_type": "way"
      },
      "geometry": {
        "type": "Polygon",
        "coordinates": [
          [
            [
              116.3406343,
              39.9765851
            ],
            [
              116.3413016,
              39.9766035
            ],
            [
              116.3413087,
              39.9764523
            ],
            [
              116.3409947,
              39.9764436
            ],
            [
              116.3406414,
              39.9764338
            ],
            [
              116.3406343,
              39.9765851
            ]
          ]
        ]
      }
    },
    {
      "type": "Feature",
      "id": "way/949420417",
      "properties": {
        "highway": "service",
        "osm_id": "949420417",
        "osm_type": "way"
      },
      "geometry": {
        "type": "LineString",
        "coordinates": [
          [
            116.3368153,
            39.9842393
          ],
          [
            116.3367692,
            39.9843103
          ],
          [
            116.3367683,
            39.9845598
          ],
          [
            116.336757,
            39.9847076
          ],
          [
            116.3367522,
            39.984747
          ]
        ]
      }
    },
    {
      "type": "Feature",
      "id": "way/949420418",
      "properties": {
        "highway": "service",
        "osm_id": "949420418",
        "osm_type": "way"
      },
      "geometry": {
        "type": "LineString",
        "coordinates": [
          [
            116.3356285,
            39.9835621
          ],
          [
            116.3356125,
            39.9838532
          ],
          [
            116.3356099,
            39.9839313
          ],
          [
            116.3351566,
            39.983919
          ],
          [
            116.3351431,
            39.9842365
          ],
          [
            116.3351431,
            39.9842653
          ],
          [
            116.3351492,
            39.9842976
          ],
          [
            116.3351586,
            39.98433
          ],
          [
            116.335172,
            39.9843588
          ],
          [
            116.3351908,
            39.984386
          ],
          [
            116.3352196,
            39.9844189
          ],
          [
            116.3352518,
            39.9844461
          ],
          [
            116.3353001,
            39.9844744
          ],
          [
            116.3353436,
            39.9844934
          ],
          [
            116.3353752,
            39.9845057
          ],
          [
            116.3354275,
            39.9845206
          ],
          [
            116.3354744,
            39.9845268
          ],
          [
            116.3355341,
            39.9845324
          ],
          [
            116.3367683,
            39.9845598
          ]
        ]
      }
    },
    {
      "type": "Feature",
      "id": "way/949420419",
      "properties": {
        "highway": "service",
        "osm_id": "949420419",
        "osm_type": "way"
      },
      "geometry": {
        "type": "LineString",
        "coordinates": [
          [
            116.3359293,
            39.9832433
          ],
          [
            116.3359151,
            39.9835688
          ]
        ]
      }
    },
    {
      "type": "Feature",
      "id": "way/949420420",
      "properties": {
        "highway": "service",
        "osm_id": "949420420",
        "osm_type": "way"
      },
      "geometry": {
        "type": "LineString",
        "coordinates": [
          [
            116.3379345,
            39.9842649
          ],
          [
            116.3369714,
            39.984219
          ],
          [
            116.3368153,
            39.9842393
          ],
          [
            116.3356823,
            39.9842067
          ],
          [
            116.3356985,
            39.9838556
          ]
        ]
      }
    },
    {
      "type": "Feature",
      "id": "way/949427150",
      "properties": {
        "building": "yes",
        "name": "北航世宁大厦",
        "name:zh": "北航世宁大厦",
        "name:zh-Hans": "北航世宁大厦",
        "name:zh-Hant": "北航世寧大廈",
        "osm_id": "949427150",
        "osm_type": "way"
      },
      "geometry": {
        "type": "Polygon",
        "coordinates": [
          [
            [
              116.3456011,
              39.9846208
            ],
            [
              116.3456172,
              39.9842118
            ],
            [
              116.3456909,
              39.9841522
            ],
            [
              116.345707,
              39.9841522
            ],
            [
              116.3457057,
              39.9841646
            ],
            [
              116.3462126,
              39.9841769
            ],
            [
              116.3461979,
              39.984517
            ],
            [
              116.3461912,
              39.9845376
            ],
            [
              116.3461791,
              39.984555
            ],
            [
              116.3461657,
              39.9845746
            ],
            [
              116.3461509,
              39.984591
            ],
            [
              116.3461228,
              39.9846085
            ],
            [
              116.3460839,
              39.9846239
            ],
            [
              116.3460316,
              39.9846331
            ],
            [
              116.3460007,
              39.9846331
            ],
            [
              116.3456011,
              39.9846208
            ]
          ]
        ]
      }
    },
    {
      "type": "Feature",
      "id": "way/949438667",
      "properties": {
        "highway": "footway",
        "osm_id": "949438667",
        "osm_type": "way"
      },
      "geometry": {
        "type": "LineString",
        "coordinates": [
          [
            116.3435049,
            39.9826216
          ],
          [
            116.3435023,
            39.9826442
          ],
          [
            116.3435023,
            39.9826576
          ],
          [
            116.3435036,
            39.9826694
          ],
          [
            116.3435063,
            39.9826812
          ],
          [
            116.3435123,
            39.9827007
          ],
          [
            116.3435384,
            39.9828477
          ]
        ]
      }
    },
    {
      "type": "Feature",
      "id": "way/949438670",
      "properties": {
        "highway": "footway",
        "osm_id": "949438670",
        "osm_type": "way"
      },
      "geometry": {
        "type": "LineString",
        "coordinates": [
          [
            116.3436042,
            39.9825153
          ],
          [
            116.343623,
            39.9825158
          ],
          [
            116.3436511,
            39.9825173
          ],
          [
            116.3436753,
            39.9825199
          ],
          [
            116.3437014,
            39.982523
          ],
          [
            116.3437316,
            39.9825296
          ],
          [
            116.3437678,
            39.9825399
          ],
          [
            116.343796,
            39.9825481
          ],
          [
            116.3438342,
            39.98256
          ]
        ]
      }
    },
    {
      "type": "Feature",
      "id": "way/949438677",
      "properties": {
        "highway": "footway",
        "osm_id": "949438677",
        "osm_type": "way"
      },
      "geometry": {
        "type": "LineString",
        "coordinates": [
          [
            116.3435411,
            39.9821225
          ],
          [
            116.3435224,
            39.9824706
          ]
        ]
      }
    },
    {
      "type": "Feature",
      "id": "way/949438680",
      "properties": {
        "highway": "footway",
        "osm_id": "949438680",
        "osm_type": "way"
      },
      "geometry": {
        "type": "LineString",
        "coordinates": [
          [
            116.3432898,
            39.982115
          ],
          [
            116.3435411,
            39.9821225
          ],
          [
            116.3438238,
            39.9821245
          ],
          [
            116.3438342,
            39.98256
          ],
          [
            116.3438437,
            39.9826935
          ]
        ]
      }
    },
    {
      "type": "Feature",
      "id": "way/949438685",
      "properties": {
        "bicycle": "no",
        "foot": "yes",
        "highway": "footway",
        "horse": "no",
        "osm_id": "949438685",
        "osm_type": "way"
      },
      "geometry": {
        "type": "LineString",
        "coordinates": [
          [
            116.3468109,
            39.9828287
          ],
          [
            116.3470662,
            39.9828358
          ]
        ]
      }
    },
    {
      "type": "Feature",
      "id": "way/949446451",
      "properties": {
        "building": "school",
        "osm_id": "949446451",
        "osm_type": "way"
      },
      "geometry": {
        "type": "Polygon",
        "coordinates": [
          [
            [
              116.3421209,
              39.9767553
            ],
            [
              116.3421303,
              39.976558
            ],
            [
              116.3435197,
              39.9765949
            ],
            [
              116.343513,
              39.9767953
            ],
            [
              116.3426252,
              39.9767717
            ],
            [
              116.3426238,
              39.976819
            ],
            [
              116.3423543,
              39.9768138
            ],
            [
              116.3423569,
              39.9767625
            ],
            [
              116.3421209,
              39.9767553
            ]
          ]
        ]
      }
    },
    {
      "type": "Feature",
      "id": "way/949446452",
      "properties": {
        "building": "yes",
        "leisure": "park",
        "name": "海棠园",
        "osm_id": "949446452",
        "osm_type": "way"
      },
      "geometry": {
        "type": "Polygon",
        "coordinates": [
          [
            [
              116.3436885,
              39.9810861
            ],
            [
              116.3437022,
              39.9808325
            ],
            [
              116.3438007,
              39.9808357
            ],
            [
              116.343896,
              39.9808387
            ],
            [
              116.3438823,
              39.9810923
            ],
            [
              116.3436885,
              39.9810861
            ]
          ]
        ]
      }
    },
    {
      "type": "Feature",
      "id": "way/949451174",
      "properties": {
        "bicycle": "no",
        "foot": "yes",
        "highway": "footway",
        "horse": "no",
        "osm_id": "949451174",
        "osm_type": "way"
      },
      "geometry": {
        "type": "LineString",
        "coordinates": [
          [
            116.3452878,
            39.9827778
          ],
          [
            116.3456672,
            39.9827829
          ]
        ]
      }
    },
    {
      "type": "Feature",
      "id": "way/949452368",
      "properties": {
        "leisure": "park",
        "osm_id": "949452368",
        "osm_type": "way"
      },
      "geometry": {
        "type": "Polygon",
        "coordinates": [
          [
            [
              116.3413068,
              39.9846439
            ],
            [
              116.341326,
              39.9844358
            ],
            [
              116.3406745,
              39.9844188
            ],
            [
              116.3404196,
              39.9844127
            ],
            [
              116.3389733,
              39.984368
            ],
            [
              116.3380197,
              39.9843395
            ],
            [
              116.3380082,
              39.9846398
            ],
            [
              116.3384481,
              39.9846544
            ],
            [
              116.338962,
              39.9846728
            ],
            [
              116.3391192,
              39.9846767
            ],
            [
              116.3401233,
              39.9847101
            ],
            [
              116.3402359,
              39.9848143
            ],
            [
              116.3407582,
              39.9848145
            ],
            [
              116.3407752,
              39.9846319
            ],
            [
              116.3413068,
              39.9846439
            ]
          ]
        ]
      }
    },
    {
      "type": "Feature",
      "id": "way/949452369",
      "properties": {
        "building": "yes",
        "building:levels": "7",
        "building:levels:underground": "1",
        "name": "学生13公寓",
        "name:zh": "学生13公寓",
        "osm_id": "949452369",
        "osm_type": "way"
      },
      "geometry": {
        "type": "Polygon",
        "coordinates": [
          [
            [
              116.3391848,
              39.9836602
            ],
            [
              116.3391957,
              39.9834317
            ],
            [
              116.3391977,
              39.9833795
            ],
            [
              116.3397599,
              39.983392
            ],
            [
              116.3398585,
              39.9833942
            ],
            [
              116.3400036,
              39.9833974
            ],
            [
              116.3405271,
              39.9834091
            ],
            [
              116.3405159,
              39.9837052
            ],
            [
              116.3404539,
              39.9837032
            ],
            [
              116.3403893,
              39.9837023
            ],
            [
              116.3402544,
              39.9837002
            ],
            [
              116.3402578,
              39.983564
            ],
            [
              116.339854,
              39.9835576
            ],
            [
              116.3393811,
              39.9835501
            ],
            [
              116.339381,
              39.9836015
            ],
            [
              116.3393779,
              39.9836634
            ],
            [
              116.3393042,
              39.9836636
            ],
            [
              116.3391848,
              39.9836602
            ]
          ]
        ]
      }
    },
    {
      "type": "Feature",
      "id": "way/957172236",
      "properties": {
        "highway": "footway",
        "osm_id": "957172236",
        "osm_type": "way"
      },
      "geometry": {
        "type": "LineString",
        "coordinates": [
          [
            116.3477207,
            39.9816966
          ],
          [
            116.3477857,
            39.9816981
          ],
          [
            116.3478425,
            39.9816987
          ],
          [
            116.3478733,
            39.9813242
          ]
        ]
      }
    },
    {
      "type": "Feature",
      "id": "way/957172237",
      "properties": {
        "highway": "footway",
        "osm_id": "957172237",
        "osm_type": "way"
      },
      "geometry": {
        "type": "LineString",
        "coordinates": [
          [
            116.3478804,
            39.9806242
          ],
          [
            116.3479017,
            39.9806255
          ],
          [
            116.347907,
            39.9805622
          ]
        ]
      }
    },
    {
      "type": "Feature",
      "id": "way/992369140",
      "properties": {
        "cycleway": "lane",
        "highway": "service",
        "lanes": "2",
        "lanes:both_ways": "1",
        "maxspeed": "20",
        "name": "校园南路",
        "name:zh": "校园南路",
        "name:zh-Hans": "校园南路",
        "name:zh-Hant": "校園南路",
        "oneway": "no",
        "parking": "no",
        "sidewalk": "both",
        "surface": "asphalt",
        "turn:lanes:forward": "right",
        "osm_id": "992369140",
        "osm_type": "way"
      },
      "geometry": {
        "type": "LineString",
        "coordinates": [
          [
            116.3455949,
            39.9800444
          ],
          [
            116.3456909,
            39.9800472
          ],
          [
            116.3459121,
            39.9800537
          ],
          [
            116.3463482,
            39.9800664
          ],
          [
            116.3467038,
            39.9800768
          ],
          [
            116.3470552,
            39.9800871
          ],
          [
            116.3471126,
            39.9800888
          ],
          [
            116.3472273,
            39.9800921
          ],
          [
            116.3474453,
            39.9800985
          ]
        ]
      }
    },
    {
      "type": "Feature",
      "id": "way/992371311",
      "properties": {
        "landuse": "garages",
        "osm_id": "992371311",
        "osm_type": "way"
      },
      "geometry": {
        "type": "Polygon",
        "coordinates": [
          [
            [
              116.3352911,
              39.9795955
            ],
            [
              116.3349417,
              39.9795272
            ],
            [
              116.3351851,
              39.9780443
            ],
            [
              116.3352662,
              39.9780176
            ],
            [
              116.3353415,
              39.9777202
            ],
            [
              116.3354458,
              39.9774626
            ],
            [
              116.3357399,
              39.9775142
            ],
            [
              116.3356839,
              39.9777428
            ],
            [
              116.3354157,
              39.9794492
            ],
            [
              116.3353168,
              39.9794478
            ],
            [
              116.3352911,
              39.9795955
            ]
          ]
        ]
      }
    },
    {
      "type": "Feature",
      "id": "way/1007627230",
      "properties": {
        "building": "transportation",
        "osm_id": "1007627230",
        "osm_type": "way"
      },
      "geometry": {
        "type": "Polygon",
        "coordinates": [
          [
            [
              116.3466921,
              39.9754096
            ],
            [
              116.3466938,
              39.9753392
            ],
            [
              116.346875,
              39.9753418
            ],
            [
              116.3468733,
              39.9754122
            ],
            [
              116.3466921,
              39.9754096
            ]
          ]
        ]
      }
    },
    {
      "type": "Feature",
      "id": "way/1007627234",
      "properties": {
        "highway": "steps",
        "tunnel": "building_passage",
        "osm_id": "1007627234",
        "osm_type": "way"
      },
      "geometry": {
        "type": "LineString",
        "coordinates": [
          [
            116.3366153,
            39.9754734
          ],
          [
            116.3362946,
            39.9754734
          ]
        ]
      }
    },
    {
      "type": "Feature",
      "id": "way/1040064633",
      "properties": {
        "bridge": "yes",
        "handrail": "yes",
        "handrail:left": "yes",
        "handrail:right": "yes",
        "highway": "steps",
        "layer": "1",
        "ramp": "yes",
        "ramp:bicycle": "yes",
        "osm_id": "1040064633",
        "osm_type": "way"
      },
      "geometry": {
        "type": "LineString",
        "coordinates": [
          [
            116.3378902,
            39.975201
          ],
          [
            116.3380557,
            39.9752028
          ]
        ]
      }
    },
    {
      "type": "Feature",
      "id": "way/1056225059",
      "properties": {
        "highway": "tertiary",
        "oneway": "yes",
        "osm_id": "1056225059",
        "osm_type": "way"
      },
      "geometry": {
        "type": "LineString",
        "coordinates": [
          [
            116.3345432,
            39.9846247
          ],
          [
            116.3346496,
            39.9846289
          ]
        ]
      }
    },
    {
      "type": "Feature",
      "id": "way/1057892336",
      "properties": {
        "highway": "tertiary",
        "name": "北四环中路",
        "oneway": "yes",
        "osm_id": "1057892336",
        "osm_type": "way"
      },
      "geometry": {
        "type": "LineString",
        "coordinates": [
          [
            116.3451442,
            39.9856362
          ],
          [
            116.3444762,
            39.9856109
          ],
          [
            116.3442196,
            39.9856054
          ]
        ]
      }
    },
    {
      "type": "Feature",
      "id": "way/1066690676",
      "properties": {
        "amenity": "hospital",
        "building": "yes",
        "healthcare": "hospital",
        "name": "家恩德运医院",
        "name:en": "Beijing Jiaen Hospital",
        "name:zh": "家恩德运医院",
        "name:zh-Hans": "家恩德运医院",
        "name:zh-Hant": "家恩德運醫院",
        "website": "https://www.jiaenhospital.com/",
        "osm_id": "1066690676",
        "osm_type": "way"
      },
      "geometry": {
        "type": "Polygon",
        "coordinates": [
          [
            [
              116.3356302,
              39.9770225
            ],
            [
              116.335665,
              39.9768338
            ],
            [
              116.3358524,
              39.9768369
            ],
            [
              116.3358483,
              39.9769362
            ],
            [
              116.3360553,
              39.9769387
            ],
            [
              116.3360507,
              39.9770376
            ],
            [
              116.3359213,
              39.9770595
            ],
            [
              116.3357595,
              39.9770518
            ],
            [
              116.3356302,
              39.9770225
            ]
          ]
        ]
      }
    },
    {
      "type": "Feature",
      "id": "way/1067241981",
      "properties": {
        "highway": "primary",
        "name": "知春路",
        "name:en": "Zhichun Road",
        "name:zh": "知春路",
        "name:zh-Hans": "知春路",
        "name:zh-Hant": "知春路",
        "oneway": "yes",
        "sidewalk": "no",
        "surface": "asphalt",
        "osm_id": "1067241981",
        "osm_type": "way"
      },
      "geometry": {
        "type": "LineString",
        "coordinates": [
          [
            116.3373076,
            39.9751443
          ],
          [
            116.3343139,
            39.9751148
          ],
          [
            116.3336765,
            39.9751183
          ],
          [
            116.3318201,
            39.9751624
          ]
        ]
      }
    },
    {
      "type": "Feature",
      "id": "way/1067936660",
      "properties": {
        "highway": "tertiary",
        "name": "学院路",
        "name:en": "Xueyuan Road",
        "name:zh": "学院路",
        "name:zh-Hans": "学院路",
        "name:zh-Hant": "學院路",
        "oneway": "yes",
        "osm_id": "1067936660",
        "osm_type": "way"
      },
      "geometry": {
        "type": "LineString",
        "coordinates": [
          [
            116.3478622,
            39.9800223
          ],
          [
            116.3478611,
            39.9800434
          ],
          [
            116.3478585,
            39.9800945
          ]
        ]
      }
    },
    {
      "type": "Feature",
      "id": "way/1071305098",
      "properties": {
        "highway": "tertiary",
        "name": "北四环中路",
        "name:en": "North 4th Ring Road",
        "name:zh": "北四环中路",
        "name:zh-Hans": "北四环中路",
        "name:zh-Hant": "北四環中路",
        "oneway": "yes",
        "osm_id": "1071305098",
        "osm_type": "way"
      },
      "geometry": {
        "type": "LineString",
        "coordinates": [
          [
            116.3377852,
            39.9849792
          ],
          [
            116.3385813,
            39.9850134
          ]
        ]
      }
    },
    {
      "type": "Feature",
      "id": "way/1071305099",
      "properties": {
        "highway": "tertiary",
        "name": "大运村路",
        "name:zh": "大运村路",
        "name:zh-Hans": "大运村路",
        "name:zh-Hant": "大運村路",
        "surface": "asphalt",
        "osm_id": "1071305099",
        "osm_type": "way"
      },
      "geometry": {
        "type": "LineString",
        "coordinates": [
          [
            116.3373049,
            39.9752203
          ],
          [
            116.3372294,
            39.9752668
          ],
          [
            116.3371369,
            39.9753295
          ],
          [
            116.3369036,
            39.9754855
          ],
          [
            116.3366783,
            39.9756361
          ],
          [
            116.3364664,
            39.9757778
          ],
          [
            116.3358999,
            39.976179
          ],
          [
            116.3357298,
            39.9763635
          ],
          [
            116.3357195,
            39.9763747
          ],
          [
            116.3355909,
            39.9765868
          ],
          [
            116.3353997,
            39.9770572
          ],
          [
            116.335377,
            39.9771215
          ]
        ]
      }
    },
    {
      "type": "Feature",
      "id": "way/1073462124",
      "properties": {
        "highway": "tertiary",
        "name": "北四环中路",
        "name:en": "North 4th Ring Road",
        "name:zh": "北四环中路",
        "name:zh-Hans": "北四环中路",
        "name:zh-Hant": "北四環中路",
        "oneway": "yes",
        "osm_id": "1073462124",
        "osm_type": "way"
      },
      "geometry": {
        "type": "LineString",
        "coordinates": [
          [
            116.3389635,
            39.9854735
          ],
          [
            116.3381199,
            39.9854315
          ]
        ]
      }
    },
    {
      "type": "Feature",
      "id": "way/1104429374",
      "properties": {
        "highway": "tertiary",
        "name": "学院路",
        "name:zh": "学院路",
        "name:zh-Hans": "学院路",
        "name:zh-Hant": "學院路",
        "oneway": "yes",
        "osm_id": "1104429374",
        "osm_type": "way"
      },
      "geometry": {
        "type": "LineString",
        "coordinates": [
          [
            116.3476397,
            39.9837881
          ],
          [
            116.3475942,
            39.9850128
          ],
          [
            116.3475933,
            39.9850363
          ]
        ]
      }
    },
    {
      "type": "Feature",
      "id": "way/1104429375",
      "properties": {
        "highway": "trunk",
        "name": "学院路",
        "name:en": "Xueyuan Road",
        "name:zh": "学院路",
        "name:zh-Hans": "学院路",
        "name:zh-Hant": "學院路",
        "oneway": "yes",
        "osm_id": "1104429375",
        "osm_type": "way"
      },
      "geometry": {
        "type": "LineString",
        "coordinates": [
          [
            116.3475006,
            39.9833609
          ],
          [
            116.3474827,
            39.9834812
          ],
          [
            116.3474525,
            39.983968
          ]
        ]
      }
    },
    {
      "type": "Feature",
      "id": "way/1105790402",
      "properties": {
        "highway": "tertiary",
        "name": "花园北路",
        "name:zh": "花园北路",
        "name:zh-Hans": "花园北路",
        "name:zh-Hant": "花園北路",
        "oneway": "yes",
        "osm_id": "1105790402",
        "osm_type": "way"
      },
      "geometry": {
        "type": "LineString",
        "coordinates": [
          [
            116.3525855,
            39.9802894
          ],
          [
            116.3521215,
            39.9802799
          ],
          [
            116.350852,
            39.9802417
          ],
          [
            116.3499263,
            39.9801933
          ],
          [
            116.3496733,
            39.9801712
          ],
          [
            116.3490237,
            39.9801228
          ],
          [
            116.3478585,
            39.9800945
          ]
        ]
      }
    },
    {
      "type": "Feature",
      "id": "way/1105790403",
      "properties": {
        "highway": "tertiary",
        "name": "学院路",
        "name:en": "Xueyuan Road",
        "name:zh": "学院路",
        "name:zh-Hans": "学院路",
        "name:zh-Hant": "學院路",
        "oneway": "yes",
        "osm_id": "1105790403",
        "osm_type": "way"
      },
      "geometry": {
        "type": "LineString",
        "coordinates": [
          [
            116.3478585,
            39.9800945
          ],
          [
            116.3478515,
            39.9802336
          ]
        ]
      }
    },
    {
      "type": "Feature",
      "id": "way/1105974658",
      "properties": {
        "alt_name": "新北区食堂",
        "building": "yes",
        "building:levels:underground": "1",
        "name": "北区食堂",
        "osm_id": "1105974658",
        "osm_type": "way"
      },
      "geometry": {
        "type": "Polygon",
        "coordinates": [
          [
            [
              116.3382563,
              39.9837519
            ],
            [
              116.3382495,
              39.983973
            ],
            [
              116.338242,
              39.9842196
            ],
            [
              116.3389376,
              39.984232
            ],
            [
              116.3389499,
              39.98383
            ],
            [
              116.3389519,
              39.9837644
            ],
            [
              116.3387666,
              39.9837611
            ],
            [
              116.3384039,
              39.9837546
            ],
            [
              116.3382563,
              39.9837519
            ]
          ]
        ]
      }
    },
    {
      "type": "Feature",
      "id": "way/1105974776",
      "properties": {
        "building": "yes",
        "building:levels:underground": "1",
        "name": "学生15公寓",
        "osm_id": "1105974776",
        "osm_type": "way"
      },
      "geometry": {
        "type": "Polygon",
        "coordinates": [
          [
            [
              116.339136,
              39.9839964
            ],
            [
              116.3391248,
              39.9842919
            ],
            [
              116.3393335,
              39.9843006
            ],
            [
              116.3396641,
              39.984303
            ],
            [
              116.3399139,
              39.9843059
            ],
            [
              116.3404623,
              39.9843217
            ],
            [
              116.3404729,
              39.9840428
            ],
            [
              116.3402387,
              39.9840375
            ],
            [
              116.3402363,
              39.9840994
            ],
            [
              116.3402347,
              39.9841428
            ],
            [
              116.3393572,
              39.9841225
            ],
            [
              116.3393569,
              39.9840697
            ],
            [
              116.3393618,
              39.983998
            ],
            [
              116.3393534,
              39.9840013
            ],
            [
              116.339136,
              39.9839964
            ]
          ]
        ]
      }
    },
    {
      "type": "Feature",
      "id": "way/1105976808",
      "properties": {
        "building": "residential",
        "name": "202住宅",
        "osm_id": "1105976808",
        "osm_type": "way"
      },
      "geometry": {
        "type": "Polygon",
        "coordinates": [
          [
            [
              116.3370544,
              39.98206
            ],
            [
              116.3370659,
              39.9818679
            ],
            [
              116.336965,
              39.9818644
            ],
            [
              116.3369674,
              39.9818233
            ],
            [
              116.3360587,
              39.9817913
            ],
            [
              116.336056,
              39.9818366
            ],
            [
              116.3359481,
              39.9818328
            ],
            [
              116.335937,
              39.9820182
            ],
            [
              116.3360756,
              39.9820231
            ],
            [
              116.3360834,
              39.9818939
            ],
            [
              116.3369273,
              39.9819236
            ],
            [
              116.3369194,
              39.9820553
            ],
            [
              116.3370544,
              39.98206
            ]
          ]
        ]
      }
    },
    {
      "type": "Feature",
      "id": "way/1105976809",
      "properties": {
        "building": "residential",
        "name": "211住宅",
        "osm_id": "1105976809",
        "osm_type": "way"
      },
      "geometry": {
        "type": "Polygon",
        "coordinates": [
          [
            [
              116.3358568,
              39.9828862
            ],
            [
              116.3358479,
              39.9830784
            ],
            [
              116.3359489,
              39.9830812
            ],
            [
              116.335947,
              39.9831222
            ],
            [
              116.3368561,
              39.9831468
            ],
            [
              116.3368582,
              39.9831015
            ],
            [
              116.3369661,
              39.9831045
            ],
            [
              116.3369747,
              39.982919
            ],
            [
              116.336836,
              39.9829152
            ],
            [
              116.33683,
              39.9830445
            ],
            [
              116.3359857,
              39.9830216
            ],
            [
              116.3359918,
              39.9828899
            ],
            [
              116.3358568,
              39.9828862
            ]
          ]
        ]
      }
    },
    {
      "type": "Feature",
      "id": "way/1105977414",
      "properties": {
        "building": "yes",
        "osm_id": "1105977414",
        "osm_type": "way"
      },
      "geometry": {
        "type": "Polygon",
        "coordinates": [
          [
            [
              116.3349301,
              39.9838375
            ],
            [
              116.3355524,
              39.9838576
            ],
            [
              116.3355592,
              39.9837351
            ],
            [
              116.3349369,
              39.9837151
            ],
            [
              116.3349301,
              39.9838375
            ]
          ]
        ]
      }
    },
    {
      "type": "Feature",
      "id": "way/1105977415",
      "properties": {
        "building": "yes",
        "osm_id": "1105977415",
        "osm_type": "way"
      },
      "geometry": {
        "type": "Polygon",
        "coordinates": [
          [
            [
              116.3357944,
              39.98377
            ],
            [
              116.3369041,
              39.9838019
            ],
            [
              116.3369101,
              39.9836803
            ],
            [
              116.3358004,
              39.9836483
            ],
            [
              116.3357944,
              39.98377
            ]
          ]
        ]
      }
    },
    {
      "type": "Feature",
      "id": "way/1105977416",
      "properties": {
        "building": "yes",
        "name": "114住宅",
        "osm_id": "1105977416",
        "osm_type": "way"
      },
      "geometry": {
        "type": "Polygon",
        "coordinates": [
          [
            [
              116.3389419,
              39.9834918
            ],
            [
              116.3382016,
              39.98346
            ],
            [
              116.3381903,
              39.983614
            ],
            [
              116.3380258,
              39.9836069
            ],
            [
              116.3380441,
              39.9833566
            ],
            [
              116.3389489,
              39.9833955
            ],
            [
              116.3389419,
              39.9834918
            ]
          ]
        ]
      }
    },
    {
      "type": "Feature",
      "id": "way/1105977417",
      "properties": {
        "building": "yes",
        "osm_id": "1105977417",
        "osm_type": "way"
      },
      "geometry": {
        "type": "Polygon",
        "coordinates": [
          [
            [
              116.335787,
              39.9841289
            ],
            [
              116.3368967,
              39.9841609
            ],
            [
              116.3369026,
              39.9840392
            ],
            [
              116.3357929,
              39.9840073
            ],
            [
              116.335787,
              39.9841289
            ]
          ]
        ]
      }
    },
    {
      "type": "Feature",
      "id": "way/1105977418",
      "properties": {
        "building": "yes",
        "osm_id": "1105977418",
        "osm_type": "way"
      },
      "geometry": {
        "type": "Polygon",
        "coordinates": [
          [
            [
              116.3352898,
              39.9840183
            ],
            [
              116.3352723,
              39.9841738
            ],
            [
              116.3352964,
              39.9843159
            ],
            [
              116.3354193,
              39.9844252
            ],
            [
              116.3356003,
              39.9844731
            ],
            [
              116.3366245,
              39.9845057
            ],
            [
              116.3366337,
              39.9844098
            ],
            [
              116.3356131,
              39.9843846
            ],
            [
              116.3355119,
              39.9843598
            ],
            [
              116.335429,
              39.9842797
            ],
            [
              116.3354076,
              39.9841692
            ],
            [
              116.3354164,
              39.984135
            ],
            [
              116.3354609,
              39.9841363
            ],
            [
              116.3354699,
              39.9840365
            ],
            [
              116.3352898,
              39.9840183
            ]
          ]
        ]
      }
    },
    {
      "type": "Feature",
      "id": "way/1105977419",
      "properties": {
        "building": "yes",
        "osm_id": "1105977419",
        "osm_type": "way"
      },
      "geometry": {
        "type": "Polygon",
        "coordinates": [
          [
            [
              116.3372042,
              39.9839005
            ],
            [
              116.3378265,
              39.9839206
            ],
            [
              116.3378332,
              39.9837981
            ],
            [
              116.3372109,
              39.9837781
            ],
            [
              116.3372042,
              39.9839005
            ]
          ]
        ]
      }
    },
    {
      "type": "Feature",
      "id": "way/1105978634",
      "properties": {
        "building": "yes",
        "name": "108楼",
        "osm_id": "1105978634",
        "osm_type": "way"
      },
      "geometry": {
        "type": "Polygon",
        "coordinates": [
          [
            [
              116.3369049,
              39.9843072
            ],
            [
              116.336828,
              39.9843055
            ],
            [
              116.3368247,
              39.9843945
            ],
            [
              116.336877,
              39.9843956
            ],
            [
              116.3368761,
              39.9844218
            ],
            [
              116.3368213,
              39.9844206
            ],
            [
              116.3368191,
              39.9844784
            ],
            [
              116.3368691,
              39.9844795
            ],
            [
              116.3368673,
              39.9845274
            ],
            [
              116.3368132,
              39.9845263
            ],
            [
              116.3368109,
              39.9845861
            ],
            [
              116.3368444,
              39.9845869
            ],
            [
              116.3368436,
              39.9846077
            ],
            [
              116.3368053,
              39.9846069
            ],
            [
              116.3368039,
              39.9846447
            ],
            [
              116.3371406,
              39.9846521
            ],
            [
              116.3371417,
              39.9846222
            ],
            [
              116.3370942,
              39.9846212
            ],
            [
              116.3370956,
              39.9845858
            ],
            [
              116.3371317,
              39.9845866
            ],
            [
              116.3371333,
              39.9845426
            ],
            [
              116.3370784,
              39.9845414
            ],
            [
              116.3370797,
              39.9845063
            ],
            [
              116.3370969,
              39.9845067
            ],
            [
              116.3370977,
              39.9844851
            ],
            [
              116.33714,
              39.984486
            ],
            [
              116.337142,
              39.984431
            ],
            [
              116.3370844,
              39.9844298
            ],
            [
              116.3370853,
              39.9844063
            ],
            [
              116.3371447,
              39.9844076
            ],
            [
              116.337148,
              39.9843168
            ],
            [
              116.3370753,
              39.9843152
            ],
            [
              116.3370743,
              39.9843436
            ],
            [
              116.3370236,
              39.9843426
            ],
            [
              116.3370243,
              39.9843213
            ],
            [
              116.336951,
              39.9843198
            ],
            [
              116.3369502,
              39.9843404
            ],
            [
              116.3369037,
              39.9843394
            ],
            [
              116.3369049,
              39.9843072
            ]
          ]
        ]
      }
    },
    {
      "type": "Feature",
      "id": "way/1105978635",
      "properties": {
        "building": "yes",
        "osm_id": "1105978635",
        "osm_type": "way"
      },
      "geometry": {
        "type": "Polygon",
        "coordinates": [
          [
            [
              116.3376986,
              39.9833447
            ],
            [
              116.3376972,
              39.9833835
            ],
            [
              116.3377874,
              39.9833854
            ],
            [
              116.3377815,
              39.9835526
            ],
            [
              116.3376629,
              39.9835501
            ],
            [
              116.3376669,
              39.9834387
            ],
            [
              116.336944,
              39.9834237
            ],
            [
              116.3369402,
              39.9835309
            ],
            [
              116.3368227,
              39.9835284
            ],
            [
              116.3368283,
              39.9833679
            ],
            [
              116.3369252,
              39.9833699
            ],
            [
              116.3369266,
              39.9833287
            ],
            [
              116.3376986,
              39.9833447
            ]
          ]
        ]
      }
    },
    {
      "type": "Feature",
      "id": "way/1105978636",
      "properties": {
        "building": "yes",
        "name": "109楼",
        "osm_id": "1105978636",
        "osm_type": "way"
      },
      "geometry": {
        "type": "Polygon",
        "coordinates": [
          [
            [
              116.3375289,
              39.984348
            ],
            [
              116.3374519,
              39.9843463
            ],
            [
              116.3374486,
              39.9844353
            ],
            [
              116.337501,
              39.9844364
            ],
            [
              116.3375,
              39.9844626
            ],
            [
              116.3374452,
              39.9844614
            ],
            [
              116.3374431,
              39.9845192
            ],
            [
              116.3374931,
              39.9845203
            ],
            [
              116.3374913,
              39.9845682
            ],
            [
              116.3374371,
              39.984567
            ],
            [
              116.3374349,
              39.9846269
            ],
            [
              116.3374684,
              39.9846277
            ],
            [
              116.3374676,
              39.9846485
            ],
            [
              116.3374292,
              39.9846476
            ],
            [
              116.3374278,
              39.9846855
            ],
            [
              116.3377645,
              39.9846929
            ],
            [
              116.3377657,
              39.984663
            ],
            [
              116.3377182,
              39.9846619
            ],
            [
              116.3377195,
              39.9846265
            ],
            [
              116.3377556,
              39.9846273
            ],
            [
              116.3377573,
              39.9845834
            ],
            [
              116.3377024,
              39.9845822
            ],
            [
              116.3377037,
              39.9845471
            ],
            [
              116.3377209,
              39.9845474
            ],
            [
              116.3377217,
              39.9845258
            ],
            [
              116.337764,
              39.9845268
            ],
            [
              116.337766,
              39.9844718
            ],
            [
              116.3377084,
              39.9844706
            ],
            [
              116.3377092,
              39.9844471
            ],
            [
              116.3377686,
              39.9844484
            ],
            [
              116.337772,
              39.9843575
            ],
            [
              116.3376993,
              39.984356
            ],
            [
              116.3376982,
              39.9843844
            ],
            [
              116.3376475,
              39.9843833
            ],
            [
              116.3376483,
              39.9843621
            ],
            [
              116.3375749,
              39.9843605
            ],
            [
              116.3375741,
              39.9843812
            ],
            [
              116.3375277,
              39.9843802
            ],
            [
              116.3375289,
              39.984348
            ]
          ]
        ]
      }
    },
    {
      "type": "Feature",
      "id": "way/1105978637",
      "properties": {
        "building": "yes",
        "osm_id": "1105978637",
        "osm_type": "way"
      },
      "geometry": {
        "type": "Polygon",
        "coordinates": [
          [
            [
              116.3358234,
              39.9832758
            ],
            [
              116.335822,
              39.9833146
            ],
            [
              116.3359122,
              39.9833165
            ],
            [
              116.3359062,
              39.9834837
            ],
            [
              116.3357877,
              39.9834813
            ],
            [
              116.3357916,
              39.9833698
            ],
            [
              116.3350687,
              39.9833548
            ],
            [
              116.335065,
              39.983462
            ],
            [
              116.3349474,
              39.9834595
            ],
            [
              116.3349531,
              39.983299
            ],
            [
              116.33505,
              39.983301
            ],
            [
              116.3350514,
              39.9832598
            ],
            [
              116.3358234,
              39.9832758
            ]
          ]
        ]
      }
    },
    {
      "type": "Feature",
      "id": "way/1105981779",
      "properties": {
        "building": "yes",
        "osm_id": "1105981779",
        "osm_type": "way"
      },
      "geometry": {
        "type": "Polygon",
        "coordinates": [
          [
            [
              116.336018,
              39.983305
            ],
            [
              116.3360064,
              39.9834938
            ],
            [
              116.3362451,
              39.9835023
            ],
            [
              116.3362473,
              39.9834651
            ],
            [
              116.3367515,
              39.9834831
            ],
            [
              116.3367607,
              39.9833316
            ],
            [
              116.336018,
              39.983305
            ]
          ]
        ]
      }
    },
    {
      "type": "Feature",
      "id": "way/1112690367",
      "properties": {
        "highway": "footway",
        "osm_id": "1112690367",
        "osm_type": "way"
      },
      "geometry": {
        "type": "LineString",
        "coordinates": [
          [
            116.3477207,
            39.9816966
          ],
          [
            116.3477495,
            39.9812688
          ],
          [
            116.3477294,
            39.9809939
          ],
          [
            116.3477388,
            39.9808726
          ]
        ]
      }
    },
    {
      "type": "Feature",
      "id": "way/1134135465",
      "properties": {
        "highway": "tertiary",
        "name": "大运村路",
        "name:zh": "大运村路",
        "name:zh-Hans": "大运村路",
        "name:zh-Hant": "大運村路",
        "oneway": "yes",
        "surface": "asphalt",
        "osm_id": "1134135465",
        "osm_type": "way"
      },
      "geometry": {
        "type": "LineString",
        "coordinates": [
          [
            116.3345696,
            39.9837833
          ],
          [
            116.3346456,
            39.9838624
          ],
          [
            116.3346518,
            39.984552
          ],
          [
            116.3346521,
            39.9845911
          ],
          [
            116.3346496,
            39.9846289
          ]
        ]
      }
    },
    {
      "type": "Feature",
      "id": "way/1134135474",
      "properties": {
        "highway": "footway",
        "osm_id": "1134135474",
        "osm_type": "way"
      },
      "geometry": {
        "type": "LineString",
        "coordinates": [
          [
            116.3343251,
            39.9820775
          ],
          [
            116.3341293,
            39.9822023
          ]
        ]
      }
    },
    {
      "type": "Feature",
      "id": "way/1134135475",
      "properties": {
        "highway": "footway",
        "osm_id": "1134135475",
        "osm_type": "way"
      },
      "geometry": {
        "type": "LineString",
        "coordinates": [
          [
            116.3340267,
            39.9821125
          ],
          [
            116.3341392,
            39.9820393
          ],
          [
            116.3342257,
            39.981983
          ],
          [
            116.3345711,
            39.9817582
          ]
        ]
      }
    },
    {
      "type": "Feature",
      "id": "way/1134135476",
      "properties": {
        "highway": "footway",
        "osm_id": "1134135476",
        "osm_type": "way"
      },
      "geometry": {
        "type": "LineString",
        "coordinates": [
          [
            116.3337873,
            39.9828009
          ],
          [
            116.3338983,
            39.9827091
          ],
          [
            116.334022,
            39.9826067
          ],
          [
            116.3340649,
            39.9825502
          ],
          [
            116.3340823,
            39.9824762
          ],
          [
            116.3340988,
            39.9823803
          ],
          [
            116.3341293,
            39.9822023
          ],
          [
            116.3341534,
            39.9820621
          ],
          [
            116.3341392,
            39.9820393
          ]
        ]
      }
    },
    {
      "type": "Feature",
      "id": "way/1134135479",
      "properties": {
        "highway": "footway",
        "osm_id": "1134135479",
        "osm_type": "way"
      },
      "geometry": {
        "type": "LineString",
        "coordinates": [
          [
            116.3342441,
            39.983293
          ],
          [
            116.3341085,
            39.9832896
          ],
          [
            116.3340649,
            39.983268
          ],
          [
            116.3339455,
            39.9831986
          ],
          [
            116.3337976,
            39.9830924
          ]
        ]
      }
    },
    {
      "type": "Feature",
      "id": "way/1134135480",
      "properties": {
        "natural": "wood",
        "osm_id": "1134135480",
        "osm_type": "way"
      },
      "geometry": {
        "type": "Polygon",
        "coordinates": [
          [
            [
              116.3338873,
              39.9828646
            ],
            [
              116.3338899,
              39.9829789
            ],
            [
              116.3339446,
              39.9830044
            ],
            [
              116.3340562,
              39.9829883
            ],
            [
              116.3340585,
              39.9829254
            ],
            [
              116.3340556,
              39.9828841
            ],
            [
              116.3339795,
              39.9828771
            ],
            [
              116.3340009,
              39.9826973
            ],
            [
              116.3339188,
              39.9827968
            ],
            [
              116.3338873,
              39.9828646
            ]
          ]
        ]
      }
    },
    {
      "type": "Feature",
      "id": "way/1134135481",
      "properties": {
        "natural": "tree_row",
        "osm_id": "1134135481",
        "osm_type": "way"
      },
      "geometry": {
        "type": "LineString",
        "coordinates": [
          [
            116.3341883,
            39.9834935
          ],
          [
            116.3342067,
            39.9830505
          ]
        ]
      }
    },
    {
      "type": "Feature",
      "id": "way/1134135490",
      "properties": {
        "landuse": "grass",
        "osm_id": "1134135490",
        "osm_type": "way"
      },
      "geometry": {
        "type": "Polygon",
        "coordinates": [
          [
            [
              116.3327828,
              39.9844636
            ],
            [
              116.3328016,
              39.9844122
            ],
            [
              116.3328432,
              39.9843706
            ],
            [
              116.3328988,
              39.9843382
            ],
            [
              116.3330048,
              39.9843022
            ],
            [
              116.3330966,
              39.984293
            ],
            [
              116.3331342,
              39.9843213
            ],
            [
              116.3331992,
              39.9843603
            ],
            [
              116.3332763,
              39.9843978
            ],
            [
              116.3333662,
              39.9844302
            ],
            [
              116.3334694,
              39.9844569
            ],
            [
              116.3335767,
              39.9844708
            ],
            [
              116.3336787,
              39.984481
            ],
            [
              116.3337028,
              39.9844708
            ],
            [
              116.3337819,
              39.9844687
            ],
            [
              116.3338865,
              39.9844605
            ],
            [
              116.3339945,
              39.9845129
            ],
            [
              116.3340267,
              39.9845365
            ],
            [
              116.3340288,
              39.9845464
            ],
            [
              116.3327808,
              39.9844869
            ],
            [
              116.3327828,
              39.9844636
            ]
          ]
        ]
      }
    },
    {
      "type": "Feature",
      "id": "way/1134135501",
      "properties": {
        "highway": "footway",
        "osm_id": "1134135501",
        "osm_type": "way"
      },
      "geometry": {
        "type": "LineString",
        "coordinates": [
          [
            116.3340341,
            39.9817281
          ],
          [
            116.3340341,
            39.9818072
          ],
          [
            116.3340609,
            39.9818576
          ],
          [
            116.3341226,
            39.9819049
          ],
          [
            116.3342257,
            39.981983
          ],
          [
            116.3342929,
            39.9820384
          ],
          [
            116.3343251,
            39.9820775
          ],
          [
            116.3343184,
            39.982172
          ],
          [
            116.3343072,
            39.9822433
          ],
          [
            116.3342862,
            39.9823765
          ],
          [
            116.3342634,
            39.9824433
          ],
          [
            116.3342258,
            39.9824803
          ],
          [
            116.3341574,
            39.9825379
          ]
        ]
      }
    },
    {
      "type": "Feature",
      "id": "way/1134135504",
      "properties": {
        "highway": "footway",
        "osm_id": "1134135504",
        "osm_type": "way"
      },
      "geometry": {
        "type": "LineString",
        "coordinates": [
          [
            116.3327152,
            39.9845133
          ],
          [
            116.3327372,
            39.9844625
          ],
          [
            116.3328069,
            39.9843618
          ],
          [
            116.3328955,
            39.9843022
          ],
          [
            116.332984,
            39.9842776
          ],
          [
            116.3330631,
            39.9842755
          ],
          [
            116.3331865,
            39.9842889
          ],
          [
            116.3332897,
            39.9843156
          ],
          [
            116.3333903,
            39.9843495
          ],
          [
            116.3334815,
            39.9843834
          ],
          [
            116.3335928,
            39.9844112
          ],
          [
            116.3337122,
            39.9844276
          ],
          [
            116.3338302,
            39.9844286
          ],
          [
            116.3339603,
            39.9844091
          ],
          [
            116.3341185,
            39.9843742
          ],
          [
            116.3342231,
            39.9843362
          ],
          [
            116.3342257,
            39.9843156
          ]
        ]
      }
    },
    {
      "type": "Feature",
      "id": "way/1134135509",
      "properties": {
        "highway": "footway",
        "osm_id": "1134135509",
        "osm_type": "way"
      },
      "geometry": {
        "type": "LineString",
        "coordinates": [
          [
            116.3332269,
            39.9841054
          ],
          [
            116.3332702,
            39.9841982
          ],
          [
            116.333346,
            39.984278
          ],
          [
            116.3334048,
            39.9843127
          ],
          [
            116.333448,
            39.9843381
          ],
          [
            116.3335679,
            39.9843738
          ],
          [
            116.3336962,
            39.9843822
          ],
          [
            116.3338223,
            39.9843625
          ],
          [
            116.3339361,
            39.9843164
          ],
          [
            116.3340283,
            39.9842476
          ],
          [
            116.3340915,
            39.9841617
          ],
          [
            116.3341205,
            39.9840656
          ],
          [
            116.3341131,
            39.9839672
          ],
          [
            116.3340697,
            39.9838743
          ],
          [
            116.333994,
            39.9837946
          ],
          [
            116.3339179,
            39.9837497
          ],
          [
            116.333892,
            39.9837344
          ],
          [
            116.333772,
            39.9836987
          ],
          [
            116.3336438,
            39.9836904
          ],
          [
            116.3335176,
            39.9837101
          ],
          [
            116.3334511,
            39.983737
          ],
          [
            116.3334039,
            39.9837562
          ],
          [
            116.3333116,
            39.9838249
          ],
          [
            116.3332485,
            39.9839109
          ],
          [
            116.3332246,
            39.9839896
          ],
          [
            116.3332194,
            39.9840069
          ],
          [
            116.33322,
            39.9840153
          ],
          [
            116.3332269,
            39.9841054
          ]
        ]
      }
    },
    {
      "type": "Feature",
      "id": "way/1134135512",
      "properties": {
        "footway": "sidewalk",
        "highway": "footway",
        "osm_id": "1134135512",
        "osm_type": "way"
      },
      "geometry": {
        "type": "LineString",
        "coordinates": [
          [
            116.334549,
            39.9826329
          ],
          [
            116.3345521,
            39.9825111
          ],
          [
            116.3345711,
            39.9817582
          ],
          [
            116.3345744,
            39.9816279
          ]
        ]
      }
    },
    {
      "type": "Feature",
      "id": "way/1134135513",
      "properties": {
        "highway": "footway",
        "osm_id": "1134135513",
        "osm_type": "way"
      },
      "geometry": {
        "type": "LineString",
        "coordinates": [
          [
            116.3342573,
            39.9838539
          ],
          [
            116.3344742,
            39.983991
          ]
        ]
      }
    },
    {
      "type": "Feature",
      "id": "way/1134135514",
      "properties": {
        "highway": "footway",
        "osm_id": "1134135514",
        "osm_type": "way"
      },
      "geometry": {
        "type": "LineString",
        "coordinates": [
          [
            116.3342289,
            39.9789357
          ],
          [
            116.3344096,
            39.978788
          ]
        ]
      }
    },
    {
      "type": "Feature",
      "id": "way/1134135515",
      "properties": {
        "highway": "footway",
        "osm_id": "1134135515",
        "osm_type": "way"
      },
      "geometry": {
        "type": "LineString",
        "coordinates": [
          [
            116.33457,
            39.9789299
          ],
          [
            116.3344564,
            39.9788219
          ],
          [
            116.3344296,
            39.9788025
          ],
          [
            116.3344096,
            39.978788
          ],
          [
            116.3344533,
            39.9784778
          ],
          [
            116.3342732,
            39.9786347
          ]
        ]
      }
    },
    {
      "type": "Feature",
      "id": "way/1134135518",
      "properties": {
        "highway": "footway",
        "osm_id": "1134135518",
        "osm_type": "way"
      },
      "geometry": {
        "type": "LineString",
        "coordinates": [
          [
            116.3347673,
            39.9792833
          ],
          [
            116.3345263,
            39.9792563
          ],
          [
            116.3341193,
            39.9792106
          ],
          [
            116.3340716,
            39.9792053
          ]
        ]
      }
    },
    {
      "type": "Feature",
      "id": "way/1134135522",
      "properties": {
        "leisure": "playground",
        "osm_id": "1134135522",
        "osm_type": "way"
      },
      "geometry": {
        "type": "Polygon",
        "coordinates": [
          [
            [
              116.3346233,
              39.9788265
            ],
            [
              116.3346346,
              39.9788252
            ],
            [
              116.3346593,
              39.9788141
            ],
            [
              116.3346765,
              39.9787965
            ],
            [
              116.3346836,
              39.9787752
            ],
            [
              116.3346795,
              39.9787535
            ],
            [
              116.3346649,
              39.9787345
            ],
            [
              116.334642,
              39.9787214
            ],
            [
              116.3346331,
              39.9787196
            ],
            [
              116.3346517,
              39.9787176
            ],
            [
              116.3346764,
              39.9787064
            ],
            [
              116.3346936,
              39.9786888
            ],
            [
              116.3347007,
              39.9786676
            ],
            [
              116.3346966,
              39.9786459
            ],
            [
              116.334682,
              39.9786269
            ],
            [
              116.3346594,
              39.9786139
            ],
            [
              116.3346633,
              39.9786135
            ],
            [
              116.334688,
              39.9786024
            ],
            [
              116.3347052,
              39.9785847
            ],
            [
              116.3347123,
              39.9785635
            ],
            [
              116.3347082,
              39.9785418
            ],
            [
              116.3346936,
              39.9785228
            ],
            [
              116.3346707,
              39.9785097
            ],
            [
              116.3346538,
              39.9785063
            ],
            [
              116.3346429,
              39.9785042
            ],
            [
              116.3346146,
              39.9785073
            ],
            [
              116.3345899,
              39.9785185
            ],
            [
              116.3345727,
              39.9785361
            ],
            [
              116.3345656,
              39.9785573
            ],
            [
              116.3345696,
              39.9785791
            ],
            [
              116.3345842,
              39.978598
            ],
            [
              116.3346067,
              39.978611
            ],
            [
              116.334603,
              39.9786114
            ],
            [
              116.3345783,
              39.9786226
            ],
            [
              116.3345611,
              39.9786401
            ],
            [
              116.334554,
              39.9786614
            ],
            [
              116.334558,
              39.9786832
            ],
            [
              116.3345727,
              39.9787021
            ],
            [
              116.3345956,
              39.9787153
            ],
            [
              116.3346043,
              39.978717
            ],
            [
              116.3345859,
              39.978719
            ],
            [
              116.3345612,
              39.9787303
            ],
            [
              116.334544,
              39.9787478
            ],
            [
              116.3345369,
              39.9787691
            ],
            [
              116.3345409,
              39.9787908
            ],
            [
              116.3345556,
              39.9788097
            ],
            [
              116.3345785,
              39.978823
            ],
            [
              116.334588,
              39.9788248
            ],
            [
              116.3345769,
              39.978826
            ],
            [
              116.3345522,
              39.9788373
            ],
            [
              116.334535,
              39.9788548
            ],
            [
              116.3345279,
              39.9788761
            ],
            [
              116.3345318,
              39.9788978
            ],
            [
              116.3345465,
              39.9789167
            ],
            [
              116.3345571,
              39.9789228
            ],
            [
              116.33457,
              39.9789299
            ],
            [
              116.3345972,
              39.9789354
            ],
            [
              116.3346255,
              39.9789322
            ],
            [
              116.3346503,
              39.9789211
            ],
            [
              116.3346675,
              39.9789035
            ],
            [
              116.3346745,
              39.9788822
            ],
            [
              116.3346705,
              39.9788605
            ],
            [
              116.3346559,
              39.9788416
            ],
            [
              116.3346329,
              39.9788284
            ],
            [
              116.3346233,
              39.9788265
            ]
          ]
        ]
      }
    },
    {
      "type": "Feature",
      "id": "way/1134135526",
      "properties": {
        "highway": "footway",
        "osm_id": "1134135526",
        "osm_type": "way"
      },
      "geometry": {
        "type": "LineString",
        "coordinates": [
          [
            116.334201,
            39.9791252
          ],
          [
            116.334221,
            39.9789891
          ],
          [
            116.3342289,
            39.9789357
          ],
          [
            116.3342732,
            39.9786347
          ],
          [
            116.334292,
            39.9785069
          ],
          [
            116.3343057,
            39.9784141
          ],
          [
            116.3343588,
            39.9780308
          ]
        ]
      }
    },
    {
      "type": "Feature",
      "id": "way/1134135527",
      "properties": {
        "highway": "footway",
        "osm_id": "1134135527",
        "osm_type": "way"
      },
      "geometry": {
        "type": "LineString",
        "coordinates": [
          [
            116.3339131,
            39.9794382
          ],
          [
            116.3339496,
            39.9794087
          ],
          [
            116.3340059,
            39.9793471
          ],
          [
            116.334085,
            39.979252
          ],
          [
            116.3341193,
            39.9792106
          ],
          [
            116.334201,
            39.9791252
          ],
          [
            116.3343814,
            39.9789062
          ],
          [
            116.3344564,
            39.9788219
          ],
          [
            116.3344885,
            39.9787858
          ],
          [
            116.3345485,
            39.9786704
          ],
          [
            116.3345879,
            39.9783959
          ],
          [
            116.3346046,
            39.97828
          ]
        ]
      }
    },
    {
      "type": "Feature",
      "id": "way/1134135528",
      "properties": {
        "highway": "footway",
        "osm_id": "1134135528",
        "osm_type": "way"
      },
      "geometry": {
        "type": "LineString",
        "coordinates": [
          [
            116.3342074,
            39.9784053
          ],
          [
            116.3341795,
            39.9783357
          ],
          [
            116.334103,
            39.9782448
          ]
        ]
      }
    },
    {
      "type": "Feature",
      "id": "way/1134135530",
      "properties": {
        "highway": "footway",
        "osm_id": "1134135530",
        "osm_type": "way"
      },
      "geometry": {
        "type": "LineString",
        "coordinates": [
          [
            116.334285,
            39.9779559
          ],
          [
            116.3342074,
            39.9784053
          ],
          [
            116.3341786,
            39.9785719
          ]
        ]
      }
    },
    {
      "type": "Feature",
      "id": "way/1134135531",
      "properties": {
        "highway": "footway",
        "osm_id": "1134135531",
        "osm_type": "way"
      },
      "geometry": {
        "type": "LineString",
        "coordinates": [
          [
            116.3335414,
            39.9792983
          ],
          [
            116.3340602,
            39.9787037
          ],
          [
            116.3341786,
            39.9785719
          ]
        ]
      }
    },
    {
      "type": "Feature",
      "id": "way/1134150016",
      "properties": {
        "highway": "footway",
        "osm_id": "1134150016",
        "osm_type": "way"
      },
      "geometry": {
        "type": "LineString",
        "coordinates": [
          [
            116.3341507,
            39.9841923
          ],
          [
            116.3341132,
            39.9842591
          ],
          [
            116.3340032,
            39.9843505
          ],
          [
            116.3338678,
            39.9844019
          ],
          [
            116.3337122,
            39.9844276
          ]
        ]
      }
    },
    {
      "type": "Feature",
      "id": "way/1134150017",
      "properties": {
        "highway": "footway",
        "osm_id": "1134150017",
        "osm_type": "way"
      },
      "geometry": {
        "type": "LineString",
        "coordinates": [
          [
            116.3342472,
            39.9839999
          ],
          [
            116.334199,
            39.9841461
          ],
          [
            116.3341507,
            39.9841923
          ],
          [
            116.3339361,
            39.9843164
          ]
        ]
      }
    },
    {
      "type": "Feature",
      "id": "way/1134150018",
      "properties": {
        "highway": "footway",
        "osm_id": "1134150018",
        "osm_type": "way"
      },
      "geometry": {
        "type": "LineString",
        "coordinates": [
          [
            116.3340642,
            39.9815667
          ],
          [
            116.3340944,
            39.9814887
          ],
          [
            116.3341936,
            39.9813808
          ],
          [
            116.3342709,
            39.9813013
          ],
          [
            116.3344576,
            39.9811104
          ],
          [
            116.3345804,
            39.9810034
          ]
        ]
      }
    },
    {
      "type": "Feature",
      "id": "way/1134150023",
      "properties": {
        "highway": "footway",
        "osm_id": "1134150023",
        "osm_type": "way"
      },
      "geometry": {
        "type": "LineString",
        "coordinates": [
          [
            116.3346046,
            39.97828
          ],
          [
            116.3346385,
            39.9780499
          ],
          [
            116.3347477,
            39.9774254
          ]
        ]
      }
    },
    {
      "type": "Feature",
      "id": "way/1134150024",
      "properties": {
        "leisure": "pitch",
        "sport": "soccer",
        "osm_id": "1134150024",
        "osm_type": "way"
      },
      "geometry": {
        "type": "Polygon",
        "coordinates": [
          [
            [
              116.3340026,
              39.9771412
            ],
            [
              116.3344058,
              39.9771759
            ],
            [
              116.3344716,
              39.9767275
            ],
            [
              116.3340683,
              39.9766928
            ],
            [
              116.3340026,
              39.9771412
            ]
          ]
        ]
      }
    },
    {
      "type": "Feature",
      "id": "way/1190564327",
      "properties": {
        "landuse": "forest",
        "osm_id": "1190564327",
        "osm_type": "way"
      },
      "geometry": {
        "type": "Polygon",
        "coordinates": [
          [
            [
              116.3330322,
              39.9862195
            ],
            [
              116.3330887,
              39.9859204
            ],
            [
              116.3331659,
              39.9859255
            ],
            [
              116.3332065,
              39.9857912
            ],
            [
              116.3332047,
              39.9857143
            ],
            [
              116.3334973,
              39.9857285
            ],
            [
              116.3336579,
              39.9855132
            ],
            [
              116.3342559,
              39.9855226
            ],
            [
              116.3343466,
              39.9856086
            ],
            [
              116.3342975,
              39.9864147
            ],
            [
              116.3330322,
              39.9862195
            ]
          ]
        ]
      }
    },
    {
      "type": "Feature",
      "id": "way/1190592336",
      "properties": {
        "highway": "footway",
        "osm_id": "1190592336",
        "osm_type": "way"
      },
      "geometry": {
        "type": "LineString",
        "coordinates": [
          [
            116.3345173,
            39.9792916
          ],
          [
            116.3345263,
            39.9792563
          ],
          [
            116.3345751,
            39.9789583
          ],
          [
            116.33457,
            39.9789299
          ],
          [
            116.3346388,
            39.9789147
          ],
          [
            116.3346582,
            39.9787719
          ],
          [
            116.334686,
            39.9785602
          ],
          [
            116.3347123,
            39.9785635
          ],
          [
            116.3348441,
            39.9785738
          ]
        ]
      }
    },
    {
      "type": "Feature",
      "id": "way/1190592337",
      "properties": {
        "highway": "footway",
        "osm_id": "1190592337",
        "osm_type": "way"
      },
      "geometry": {
        "type": "LineString",
        "coordinates": [
          [
            116.3346582,
            39.9787719
          ],
          [
            116.3346836,
            39.9787752
          ],
          [
            116.3348211,
            39.9787868
          ]
        ]
      }
    },
    {
      "type": "Feature",
      "id": "way/1190592338",
      "properties": {
        "building": "yes",
        "osm_id": "1190592338",
        "osm_type": "way"
      },
      "geometry": {
        "type": "Polygon",
        "coordinates": [
          [
            [
              116.3343483,
              39.9779982
            ],
            [
              116.3344457,
              39.9774058
            ],
            [
              116.3346248,
              39.977423
            ],
            [
              116.3345276,
              39.9780155
            ],
            [
              116.3343483,
              39.9779982
            ]
          ]
        ]
      }
    },
    {
      "type": "Feature",
      "id": "way/1190592339",
      "properties": {
        "bicycle": "designated",
        "foot": "designated",
        "highway": "cycleway",
        "osm_id": "1190592339",
        "osm_type": "way"
      },
      "geometry": {
        "type": "LineString",
        "coordinates": [
          [
            116.3349491,
            39.9773911
          ],
          [
            116.3347537,
            39.9773831
          ],
          [
            116.3341853,
            39.9773559
          ],
          [
            116.3338826,
            39.9773328
          ],
          [
            116.333749,
            39.9773279
          ],
          [
            116.3336982,
            39.9774165
          ]
        ]
      }
    },
    {
      "type": "Feature",
      "id": "way/1190592340",
      "properties": {
        "highway": "service",
        "osm_id": "1190592340",
        "osm_type": "way"
      },
      "geometry": {
        "type": "LineString",
        "coordinates": [
          [
            116.3339225,
            39.9761821
          ],
          [
            116.3340895,
            39.9752972
          ]
        ]
      }
    },
    {
      "type": "Feature",
      "id": "way/1190592341",
      "properties": {
        "leisure": "pitch",
        "sport": "tennis",
        "osm_id": "1190592341",
        "osm_type": "way"
      },
      "geometry": {
        "type": "Polygon",
        "coordinates": [
          [
            [
              116.3343161,
              39.9762941
            ],
            [
              116.3344827,
              39.9763115
            ],
            [
              116.334539,
              39.9759958
            ],
            [
              116.3343723,
              39.9759783
            ],
            [
              116.3343161,
              39.9762941
            ]
          ]
        ]
      }
    },
    {
      "type": "Feature",
      "id": "way/1190592342",
      "properties": {
        "leisure": "pitch",
        "sport": "tennis",
        "osm_id": "1190592342",
        "osm_type": "way"
      },
      "geometry": {
        "type": "Polygon",
        "coordinates": [
          [
            [
              116.3345132,
              39.9763168
            ],
            [
              116.3346798,
              39.9763342
            ],
            [
              116.334736,
              39.9760184
            ],
            [
              116.3345693,
              39.976001
            ],
            [
              116.3345132,
              39.9763168
            ]
          ]
        ]
      }
    },
    {
      "type": "Feature",
      "id": "way/1190592343",
      "properties": {
        "leisure": "pitch",
        "sport": "tennis",
        "osm_id": "1190592343",
        "osm_type": "way"
      },
      "geometry": {
        "type": "Polygon",
        "coordinates": [
          [
            [
              116.3347157,
              39.976336
            ],
            [
              116.3348823,
              39.9763535
            ],
            [
              116.3349386,
              39.9760377
            ],
            [
              116.3347718,
              39.9760203
            ],
            [
              116.3347157,
              39.976336
            ]
          ]
        ]
      }
    },
    {
      "type": "Feature",
      "id": "way/1190592344",
      "properties": {
        "leisure": "pitch",
        "sport": "soccer",
        "osm_id": "1190592344",
        "osm_type": "way"
      },
      "geometry": {
        "type": "Polygon",
        "coordinates": [
          [
            [
              116.3340479,
              39.9773058
            ],
            [
              116.3340683,
              39.9771554
            ],
            [
              116.3344417,
              39.9771848
            ],
            [
              116.3344178,
              39.977324
            ],
            [
              116.3340479,
              39.9773058
            ]
          ]
        ]
      }
    },
    {
      "type": "Feature",
      "id": "way/1190592345",
      "properties": {
        "leisure": "pitch",
        "sport": "soccer",
        "osm_id": "1190592345",
        "osm_type": "way"
      },
      "geometry": {
        "type": "Polygon",
        "coordinates": [
          [
            [
              116.3344331,
              39.9773245
            ],
            [
              116.334457,
              39.977187
            ],
            [
              116.3348194,
              39.9772131
            ],
            [
              116.3347939,
              39.9773414
            ],
            [
              116.3344331,
              39.9773245
            ]
          ]
        ]
      }
    },
    {
      "type": "Feature",
      "id": "way/1190592346",
      "properties": {
        "leisure": "pitch",
        "sport": "soccer",
        "osm_id": "1190592346",
        "osm_type": "way"
      },
      "geometry": {
        "type": "Polygon",
        "coordinates": [
          [
            [
              116.3340642,
              39.9766824
            ],
            [
              116.3341231,
              39.9762909
            ],
            [
              116.3344964,
              39.9763239
            ],
            [
              116.3344375,
              39.9767154
            ],
            [
              116.3340642,
              39.9766824
            ]
          ]
        ]
      }
    },
    {
      "type": "Feature",
      "id": "way/1190592347",
      "properties": {
        "leisure": "pitch",
        "sport": "soccer",
        "osm_id": "1190592347",
        "osm_type": "way"
      },
      "geometry": {
        "type": "Polygon",
        "coordinates": [
          [
            [
              116.3344518,
              39.9767176
            ],
            [
              116.3345155,
              39.9763333
            ],
            [
              116.3348898,
              39.9763698
            ],
            [
              116.334826,
              39.9767541
            ],
            [
              116.3344518,
              39.9767176
            ]
          ]
        ]
      }
    },
    {
      "type": "Feature",
      "id": "way/1190601179",
      "properties": {
        "highway": "service",
        "osm_id": "1190601179",
        "osm_type": "way"
      },
      "geometry": {
        "type": "LineString",
        "coordinates": [
          [
            116.3352289,
            39.9762872
          ],
          [
            116.3351587,
            39.9768511
          ],
          [
            116.3352771,
            39.9770077
          ],
          [
            116.3353624,
            39.9770457
          ],
          [
            116.3353997,
            39.9770572
          ]
        ]
      }
    },
    {
      "type": "Feature",
      "id": "way/1190601181",
      "properties": {
        "landuse": "forest",
        "osm_id": "1190601181",
        "osm_type": "way"
      },
      "geometry": {
        "type": "Polygon",
        "coordinates": [
          [
            [
              116.3350477,
              39.9776473
            ],
            [
              116.3349376,
              39.9776401
            ],
            [
              116.3350071,
              39.9772432
            ],
            [
              116.3352133,
              39.9772861
            ],
            [
              116.335107,
              39.9774671
            ],
            [
              116.3350477,
              39.9776473
            ]
          ]
        ]
      }
    },
    {
      "type": "Feature",
      "id": "way/1190708673",
      "properties": {
        "leisure": "pitch",
        "sport": "soccer",
        "osm_id": "1190708673",
        "osm_type": "way"
      },
      "geometry": {
        "type": "Polygon",
        "coordinates": [
          [
            [
              116.3345447,
              39.979644
            ],
            [
              116.3346045,
              39.9793171
            ],
            [
              116.3344021,
              39.9792953
            ],
            [
              116.3343423,
              39.9796223
            ],
            [
              116.3345447,
              39.979644
            ]
          ]
        ]
      }
    },
    {
      "type": "Feature",
      "id": "way/1190708674",
      "properties": {
        "footway": "sidewalk",
        "highway": "footway",
        "osm_id": "1190708674",
        "osm_type": "way"
      },
      "geometry": {
        "type": "LineString",
        "coordinates": [
          [
            116.3350214,
            39.9779375
          ],
          [
            116.334974,
            39.9780849
          ],
          [
            116.3348568,
            39.9788737
          ],
          [
            116.3347154,
            39.9801161
          ],
          [
            116.3346413,
            39.9806014
          ],
          [
            116.3345804,
            39.9810034
          ],
          [
            116.334519,
            39.9815724
          ]
        ]
      }
    },
    {
      "type": "Feature",
      "id": "way/1190708675",
      "properties": {
        "footway": "sidewalk",
        "highway": "footway",
        "osm_id": "1190708675",
        "osm_type": "way"
      },
      "geometry": {
        "type": "LineString",
        "coordinates": [
          [
            116.3351312,
            39.9779483
          ],
          [
            116.3350781,
            39.9782031
          ],
          [
            116.3348795,
            39.9797133
          ]
        ]
      }
    },
    {
      "type": "Feature",
      "id": "way/1190708676",
      "properties": {
        "footway": "sidewalk",
        "highway": "footway",
        "osm_id": "1190708676",
        "osm_type": "way"
      },
      "geometry": {
        "type": "LineString",
        "coordinates": [
          [
            116.334519,
            39.9815724
          ],
          [
            116.3345744,
            39.9816279
          ]
        ]
      }
    },
    {
      "type": "Feature",
      "id": "way/1190708680",
      "properties": {
        "building": "yes",
        "osm_id": "1190708680",
        "osm_type": "way"
      },
      "geometry": {
        "type": "Polygon",
        "coordinates": [
          [
            [
              116.3340064,
              39.9828652
            ],
            [
              116.3340181,
              39.9826738
            ],
            [
              116.3340904,
              39.9826764
            ],
            [
              116.3340786,
              39.9828678
            ],
            [
              116.3340064,
              39.9828652
            ]
          ]
        ]
      }
    },
    {
      "type": "Feature",
      "id": "way/1191730723",
      "properties": {
        "leisure": "pitch",
        "name": "京张遗址公园滑板场",
        "sport": "skateboard",
        "osm_id": "1191730723",
        "osm_type": "way"
      },
      "geometry": {
        "type": "Polygon",
        "coordinates": [
          [
            [
              116.334221,
              39.9789891
            ],
            [
              116.3344296,
              39.9788025
            ],
            [
              116.3344837,
              39.9784218
            ],
            [
              116.3343308,
              39.978539
            ],
            [
              116.3343522,
              39.9784403
            ],
            [
              116.334292,
              39.9785069
            ],
            [
              116.3342664,
              39.9785308
            ],
            [
              116.3341886,
              39.9789953
            ],
            [
              116.334221,
              39.9789891
            ]
          ]
        ]
      }
    },
    {
      "type": "Feature",
      "id": "way/1215950374",
      "properties": {
        "building": "yes",
        "building:levels": "1",
        "name": "体育用品器材室",
        "osm_id": "1215950374",
        "osm_type": "way"
      },
      "geometry": {
        "type": "Polygon",
        "coordinates": [
          [
            [
              116.3404271,
              39.9782762
            ],
            [
              116.3404309,
              39.9782073
            ],
            [
              116.3405221,
              39.9782102
            ],
            [
              116.340522,
              39.9782796
            ],
            [
              116.3404271,
              39.9782762
            ]
          ]
        ]
      }
    },
    {
      "type": "Feature",
      "id": "way/1215950375",
      "properties": {
        "intermittent": "yes",
        "natural": "water",
        "water": "basin",
        "osm_id": "1215950375",
        "osm_type": "way"
      },
      "geometry": {
        "type": "Polygon",
        "coordinates": [
          [
            [
              116.3404086,
              39.9786626
            ],
            [
              116.3404098,
              39.9786269
            ],
            [
              116.3404981,
              39.9786273
            ],
            [
              116.3404964,
              39.9786437
            ],
            [
              116.3404684,
              39.9786439
            ],
            [
              116.3404688,
              39.9786534
            ],
            [
              116.3404418,
              39.9786531
            ],
            [
              116.3404416,
              39.9786628
            ],
            [
              116.3404086,
              39.9786626
            ]
          ]
        ]
      }
    },
    {
      "type": "Feature",
      "id": "way/1215950376",
      "properties": {
        "intermittent": "yes",
        "natural": "water",
        "water": "basin",
        "osm_id": "1215950376",
        "osm_type": "way"
      },
      "geometry": {
        "type": "Polygon",
        "coordinates": [
          [
            [
              116.3404152,
              39.9786038
            ],
            [
              116.3404139,
              39.9785685
            ],
            [
              116.3405012,
              39.9785687
            ],
            [
              116.3405014,
              39.9785832
            ],
            [
              116.3404777,
              39.9785828
            ],
            [
              116.3404769,
              39.9785939
            ],
            [
              116.3404539,
              39.9785926
            ],
            [
              116.3404517,
              39.9786038
            ],
            [
              116.3404152,
              39.9786038
            ]
          ]
        ]
      }
    },
    {
      "type": "Feature",
      "id": "way/1216992971",
      "properties": {
        "bicycle": "yes",
        "foot": "yes",
        "highway": "footway",
        "osm_id": "1216992971",
        "osm_type": "way"
      },
      "geometry": {
        "type": "LineString",
        "coordinates": [
          [
            116.3394152,
            39.9769972
          ],
          [
            116.3391255,
            39.9770992
          ],
          [
            116.3389641,
            39.9768627
          ]
        ]
      }
    },
    {
      "type": "Feature",
      "id": "way/1233744632",
      "properties": {
        "highway": "tertiary",
        "name": "大运村路",
        "name:zh": "大运村路",
        "name:zh-Hans": "大运村路",
        "name:zh-Hant": "大運村路",
        "oneway": "yes",
        "surface": "asphalt",
        "osm_id": "1233744632",
        "osm_type": "way"
      },
      "geometry": {
        "type": "LineString",
        "coordinates": [
          [
            116.3345432,
            39.9846247
          ],
          [
            116.334545,
            39.9845872
          ],
          [
            116.3345462,
            39.9845477
          ],
          [
            116.3345696,
            39.9837833
          ]
        ]
      }
    },
    {
      "type": "Feature",
      "id": "way/1233744633",
      "properties": {
        "highway": "service",
        "osm_id": "1233744633",
        "osm_type": "way"
      },
      "geometry": {
        "type": "LineString",
        "coordinates": [
          [
            116.3348946,
            39.9757687
          ],
          [
            116.3348789,
            39.9758961
          ]
        ]
      }
    },
    {
      "type": "Feature",
      "id": "way/1233744634",
      "properties": {
        "highway": "service",
        "osm_id": "1233744634",
        "osm_type": "way"
      },
      "geometry": {
        "type": "LineString",
        "coordinates": [
          [
            116.3349042,
            39.9756907
          ],
          [
            116.3348946,
            39.9757687
          ]
        ]
      }
    },
    {
      "type": "Feature",
      "id": "way/1233744635",
      "properties": {
        "highway": "service",
        "osm_id": "1233744635",
        "osm_type": "way"
      },
      "geometry": {
        "type": "LineString",
        "coordinates": [
          [
            116.3348789,
            39.9758961
          ],
          [
            116.3343657,
            39.9758617
          ],
          [
            116.3344075,
            39.9754447
          ],
          [
            116.3349307,
            39.9754747
          ],
          [
            116.3349042,
            39.9756907
          ]
        ]
      }
    },
    {
      "type": "Feature",
      "id": "way/1257331004",
      "properties": {
        "building": "dormitory",
        "check_date": "2024-07-02",
        "layer": "-1",
        "name": "幸福乐购超市",
        "opening_hours": "07:50-24:00",
        "payment:wechat": "yes",
        "shop": "supermarket",
        "wheelchair": "no",
        "osm_id": "1257331004",
        "osm_type": "way"
      },
      "geometry": {
        "type": "Polygon",
        "coordinates": [
          [
            [
              116.3366481,
              39.9761731
            ],
            [
              116.3365154,
              39.9760539
            ],
            [
              116.3365527,
              39.9760309
            ],
            [
              116.3364618,
              39.9759534
            ],
            [
              116.3365232,
              39.9759108
            ],
            [
              116.3366574,
              39.9760195
            ],
            [
              116.3366328,
              39.9760373
            ],
            [
              116.3367246,
              39.9761281
            ],
            [
              116.3366481,
              39.9761731
            ]
          ]
        ]
      }
    },
    {
      "type": "Feature",
      "id": "way/1257333294",
      "properties": {
        "natural": "scrub",
        "osm_id": "1257333294",
        "osm_type": "way"
      },
      "geometry": {
        "type": "Polygon",
        "coordinates": [
          [
            [
              116.3374304,
              39.9768261
            ],
            [
              116.3374133,
              39.9767861
            ],
            [
              116.3374164,
              39.9767086
            ],
            [
              116.3374545,
              39.9766716
            ],
            [
              116.3375106,
              39.9766609
            ],
            [
              116.3375604,
              39.976671
            ],
            [
              116.3375876,
              39.9767089
            ],
            [
              116.3375942,
              39.9767499
            ],
            [
              116.3375938,
              39.9767921
            ],
            [
              116.3375721,
              39.9768362
            ],
            [
              116.3375433,
              39.9768559
            ],
            [
              116.3375113,
              39.9768625
            ],
            [
              116.33746,
              39.9768535
            ],
            [
              116.3374304,
              39.9768261
            ]
          ]
        ]
      }
    },
    {
      "type": "Feature",
      "id": "way/1271964665",
      "properties": {
        "amenity": "restaurant",
        "building": "yes",
        "cuisine": "chinese",
        "name": "醉面",
        "name:en": "Zuimian",
        "osm_id": "1271964665",
        "osm_type": "way"
      },
      "geometry": {
        "type": "Polygon",
        "coordinates": [
          [
            [
              116.3391339,
              39.9764041
            ],
            [
              116.3391339,
              39.9763232
            ],
            [
              116.339218,
              39.9763232
            ],
            [
              116.3392163,
              39.9764045
            ],
            [
              116.3391339,
              39.9764041
            ]
          ]
        ]
      }
    },
    {
      "type": "Feature",
      "id": "way/1273271522",
      "properties": {
        "highway": "service",
        "surface": "asphalt",
        "osm_id": "1273271522",
        "osm_type": "way"
      },
      "geometry": {
        "type": "LineString",
        "coordinates": [
          [
            116.3390855,
            39.9833182
          ],
          [
            116.3390713,
            39.9836714
          ],
          [
            116.3390689,
            39.9837373
          ],
          [
            116.3390655,
            39.9838329
          ],
          [
            116.3390628,
            39.9839099
          ],
          [
            116.3390479,
            39.9843275
          ]
        ]
      }
    },
    {
      "type": "Feature",
      "id": "way/1315051511",
      "properties": {
        "highway": "footway",
        "osm_id": "1315051511",
        "osm_type": "way"
      },
      "geometry": {
        "type": "LineString",
        "coordinates": [
          [
            116.3480291,
            39.9826949
          ],
          [
            116.3479554,
            39.982694
          ],
          [
            116.3479108,
            39.9826935
          ],
          [
            116.3479309,
            39.9820358
          ],
          [
            116.3479432,
            39.9816316
          ],
          [
            116.3479528,
            39.9813173
          ],
          [
            116.347965,
            39.9809159
          ],
          [
            116.3491673,
            39.9809491
          ]
        ]
      }
    },
    {
      "type": "Feature",
      "id": "way/1315051513",
      "properties": {
        "highway": "footway",
        "layer": "-1",
        "osm_id": "1315051513",
        "osm_type": "way"
      },
      "geometry": {
        "type": "LineString",
        "coordinates": [
          [
            116.3479432,
            39.9816316
          ],
          [
            116.3486191,
            39.9816358
          ],
          [
            116.3487654,
            39.9814918
          ],
          [
            116.3486516,
            39.9813354
          ],
          [
            116.3479528,
            39.9813173
          ]
        ]
      }
    },
    {
      "type": "Feature",
      "id": "way/1315051515",
      "properties": {
        "highway": "footway",
        "osm_id": "1315051515",
        "osm_type": "way"
      },
      "geometry": {
        "type": "LineString",
        "coordinates": [
          [
            116.3491099,
            39.9820679
          ],
          [
            116.349055,
            39.9820664
          ],
          [
            116.3479309,
            39.9820358
          ]
        ]
      }
    },
    {
      "type": "Feature",
      "id": "way/1315076521",
      "properties": {
        "highway": "footway",
        "osm_id": "1315076521",
        "osm_type": "way"
      },
      "geometry": {
        "type": "LineString",
        "coordinates": [
          [
            116.3479554,
            39.982694
          ],
          [
            116.3480156,
            39.982586
          ],
          [
            116.3481888,
            39.9825308
          ],
          [
            116.3488298,
            39.9825515
          ],
          [
            116.3490232,
            39.9824602
          ],
          [
            116.349055,
            39.9820664
          ]
        ]
      }
    },
    {
      "type": "Feature",
      "id": "way/1315076527",
      "properties": {
        "highway": "residential",
        "oneway": "no",
        "osm_id": "1315076527",
        "osm_type": "way"
      },
      "geometry": {
        "type": "LineString",
        "coordinates": [
          [
            116.3476876,
            39.98281
          ],
          [
            116.3478395,
            39.9828146
          ],
          [
            116.3480021,
            39.9828185
          ]
        ]
      }
    },
    {
      "type": "Feature",
      "id": "way/1316321952",
      "properties": {
        "bicycle": "yes",
        "foot": "yes",
        "highway": "service",
        "name": "校园北路",
        "name:zh": "校园北路",
        "name:zh-Hans": "校园北路",
        "name:zh-Hant": "校園北路",
        "oneway": "no",
        "parking": "no",
        "surface": "asphalt",
        "osm_id": "1316321952",
        "osm_type": "way"
      },
      "geometry": {
        "type": "LineString",
        "coordinates": [
          [
            116.3390855,
            39.9833182
          ],
          [
            116.3398604,
            39.9833422
          ],
          [
            116.340621,
            39.9833606
          ],
          [
            116.3415534,
            39.9833785
          ],
          [
            116.3415995,
            39.983379
          ],
          [
            116.3416558,
            39.9833803
          ],
          [
            116.3417198,
            39.9833599
          ]
        ]
      }
    },
    {
      "type": "Feature",
      "id": "way/1316321953",
      "properties": {
        "highway": "service",
        "surface": "asphalt",
        "osm_id": "1316321953",
        "osm_type": "way"
      },
      "geometry": {
        "type": "LineString",
        "coordinates": [
          [
            116.3390479,
            39.9843275
          ],
          [
            116.3391169,
            39.9843296
          ],
          [
            116.3404172,
            39.9843693
          ],
          [
            116.3405092,
            39.9843724
          ],
          [
            116.3405731,
            39.9843743
          ],
          [
            116.341371,
            39.9844001
          ],
          [
            116.341549,
            39.9844028
          ],
          [
            116.3416101,
            39.9844051
          ]
        ]
      }
    },
    {
      "type": "Feature",
      "id": "way/1316321954",
      "properties": {
        "highway": "service",
        "surface": "asphalt",
        "osm_id": "1316321954",
        "osm_type": "way"
      },
      "geometry": {
        "type": "LineString",
        "coordinates": [
          [
            116.3405731,
            39.9843743
          ],
          [
            116.3405912,
            39.9840276
          ],
          [
            116.3405954,
            39.9839468
          ],
          [
            116.3405993,
            39.9838715
          ],
          [
            116.3406051,
            39.9837597
          ],
          [
            116.3406074,
            39.983716
          ],
          [
            116.340621,
            39.9833606
          ]
        ]
      }
    },
    {
      "type": "Feature",
      "id": "way/1316321955",
      "properties": {
        "highway": "service",
        "osm_id": "1316321955",
        "osm_type": "way"
      },
      "geometry": {
        "type": "LineString",
        "coordinates": [
          [
            116.3416346,
            39.9837273
          ],
          [
            116.3415813,
            39.9837276
          ],
          [
            116.34081,
            39.9837193
          ],
          [
            116.3406074,
            39.983716
          ]
        ]
      }
    },
    {
      "type": "Feature",
      "id": "way/1316321956",
      "properties": {
        "highway": "service",
        "osm_id": "1316321956",
        "osm_type": "way"
      },
      "geometry": {
        "type": "LineString",
        "coordinates": [
          [
            116.3390166,
            39.9836723
          ],
          [
            116.3379702,
            39.9836361
          ]
        ]
      }
    },
    {
      "type": "Feature",
      "id": "way/1316321957",
      "properties": {
        "highway": "residential",
        "osm_id": "1316321957",
        "osm_type": "way"
      },
      "geometry": {
        "type": "LineString",
        "coordinates": [
          [
            116.3390166,
            39.9836723
          ],
          [
            116.3390439,
            39.9836718
          ],
          [
            116.3390713,
            39.9836714
          ]
        ]
      }
    },
    {
      "type": "Feature",
      "id": "way/1316321958",
      "properties": {
        "highway": "service",
        "osm_id": "1316321958",
        "osm_type": "way"
      },
      "geometry": {
        "type": "LineString",
        "coordinates": [
          [
            116.3386431,
            39.9803158
          ],
          [
            116.3383847,
            39.9803115
          ],
          [
            116.3381367,
            39.9803046
          ]
        ]
      }
    },
    {
      "type": "Feature",
      "id": "way/1316321959",
      "properties": {
        "highway": "service",
        "osm_id": "1316321959",
        "osm_type": "way"
      },
      "geometry": {
        "type": "LineString",
        "coordinates": [
          [
            116.3380775,
            39.9814268
          ],
          [
            116.3383183,
            39.9814369
          ],
          [
            116.3388751,
            39.9814602
          ]
        ]
      }
    },
    {
      "type": "Feature",
      "id": "way/1316321960",
      "properties": {
        "bicycle": "yes",
        "covered": "no",
        "highway": "footway",
        "surface": "paving_stones",
        "osm_id": "1316321960",
        "osm_type": "way"
      },
      "geometry": {
        "type": "LineString",
        "coordinates": [
          [
            116.3400239,
            39.9801499
          ],
          [
            116.3400341,
            39.9799677
          ],
          [
            116.3400354,
            39.9799387
          ]
        ]
      }
    },
    {
      "type": "Feature",
      "id": "way/1316321961",
      "properties": {
        "highway": "footway",
        "surface": "paving_stones",
        "osm_id": "1316321961",
        "osm_type": "way"
      },
      "geometry": {
        "type": "LineString",
        "coordinates": [
          [
            116.3390713,
            39.9836714
          ],
          [
            116.3391955,
            39.9836747
          ],
          [
            116.3393897,
            39.9836799
          ],
          [
            116.3393945,
            39.9835736
          ],
          [
            116.3398537,
            39.9835851
          ],
          [
            116.3401324,
            39.9835933
          ],
          [
            116.3401254,
            39.9837469
          ],
          [
            116.34032,
            39.9837521
          ],
          [
            116.3406051,
            39.9837597
          ]
        ]
      }
    },
    {
      "type": "Feature",
      "id": "way/1316321962",
      "properties": {
        "highway": "footway",
        "surface": "paving_stones",
        "osm_id": "1316321962",
        "osm_type": "way"
      },
      "geometry": {
        "type": "LineString",
        "coordinates": [
          [
            116.3390628,
            39.9839099
          ],
          [
            116.3391852,
            39.9839112
          ],
          [
            116.3393898,
            39.9839133
          ],
          [
            116.3393864,
            39.9841051
          ],
          [
            116.3401136,
            39.9841127
          ],
          [
            116.3401166,
            39.9839418
          ],
          [
            116.3403173,
            39.9839439
          ],
          [
            116.3405954,
            39.9839468
          ]
        ]
      }
    },
    {
      "type": "Feature",
      "id": "way/1316321963",
      "properties": {
        "highway": "footway",
        "surface": "paving_stones",
        "osm_id": "1316321963",
        "osm_type": "way"
      },
      "geometry": {
        "type": "LineString",
        "coordinates": [
          [
            116.3393898,
            39.9839133
          ],
          [
            116.3393897,
            39.9836799
          ]
        ]
      }
    },
    {
      "type": "Feature",
      "id": "way/1316321964",
      "properties": {
        "highway": "footway",
        "surface": "paving_stones",
        "osm_id": "1316321964",
        "osm_type": "way"
      },
      "geometry": {
        "type": "LineString",
        "coordinates": [
          [
            116.3401166,
            39.9839418
          ],
          [
            116.3401254,
            39.9837469
          ]
        ]
      }
    },
    {
      "type": "Feature",
      "id": "way/1316321965",
      "properties": {
        "highway": "footway",
        "surface": "paving_stones",
        "tunnel": "building_passage",
        "osm_id": "1316321965",
        "osm_type": "way"
      },
      "geometry": {
        "type": "LineString",
        "coordinates": [
          [
            116.3398585,
            39.9833942
          ],
          [
            116.339854,
            39.9835576
          ]
        ]
      }
    },
    {
      "type": "Feature",
      "id": "way/1316964033",
      "properties": {
        "leisure": "pitch",
        "sport": "basketball",
        "osm_id": "1316964033",
        "osm_type": "way"
      },
      "geometry": {
        "type": "Polygon",
        "coordinates": [
          [
            [
              116.3384183,
              39.9776659
            ],
            [
              116.3384332,
              39.9773458
            ],
            [
              116.3391302,
              39.9773648
            ],
            [
              116.3391153,
              39.977685
            ],
            [
              116.3384183,
              39.9776659
            ]
          ]
        ]
      }
    },
    {
      "type": "Feature",
      "id": "way/1316964034",
      "properties": {
        "leisure": "pitch",
        "sport": "futsal",
        "osm_id": "1316964034",
        "osm_type": "way"
      },
      "geometry": {
        "type": "Polygon",
        "coordinates": [
          [
            [
              116.3384318,
              39.977333
            ],
            [
              116.338425,
              39.9772361
            ],
            [
              116.3389122,
              39.9770494
            ],
            [
              116.3389068,
              39.9772411
            ],
            [
              116.3391318,
              39.9772534
            ],
            [
              116.3391265,
              39.9773461
            ],
            [
              116.3384318,
              39.977333
            ]
          ]
        ]
      }
    },
    {
      "type": "Feature",
      "id": "way/1316964035",
      "properties": {
        "leisure": "pitch",
        "sport": "volleyball",
        "osm_id": "1316964035",
        "osm_type": "way"
      },
      "geometry": {
        "type": "Polygon",
        "coordinates": [
          [
            [
              116.3376886,
              39.977943
            ],
            [
              116.3376886,
              39.9777621
            ],
            [
              116.3370835,
              39.9777514
            ],
            [
              116.3370738,
              39.9779348
            ],
            [
              116.3376886,
              39.977943
            ]
          ]
        ]
      }
    },
    {
      "type": "Feature",
      "id": "way/1316964036",
      "properties": {
        "leisure": "pitch",
        "sport": "badminton",
        "osm_id": "1316964036",
        "osm_type": "way"
      },
      "geometry": {
        "type": "Polygon",
        "coordinates": [
          [
            [
              116.3376972,
              39.9779397
            ],
            [
              116.3377004,
              39.9777629
            ],
            [
              116.3379976,
              39.9777638
            ],
            [
              116.3379965,
              39.9779479
            ],
            [
              116.3376972,
              39.9779397
            ]
          ]
        ]
      }
    },
    {
      "type": "Feature",
      "id": "way/1316964037",
      "properties": {
        "building": "school",
        "name": "实验楼",
        "osm_id": "1316964037",
        "osm_type": "way"
      },
      "geometry": {
        "type": "Polygon",
        "coordinates": [
          [
            [
              116.3362772,
              39.9774305
            ],
            [
              116.3362831,
              39.9772565
            ],
            [
              116.3368859,
              39.9772685
            ],
            [
              116.33688,
              39.9774425
            ],
            [
              116.3362772,
              39.9774305
            ]
          ]
        ]
      }
    },
    {
      "type": "Feature",
      "id": "way/1316964038",
      "properties": {
        "highway": "footway",
        "osm_id": "1316964038",
        "osm_type": "way"
      },
      "geometry": {
        "type": "LineString",
        "coordinates": [
          [
            116.3354103,
            39.9772101
          ],
          [
            116.3355274,
            39.9772125
          ],
          [
            116.3365322,
            39.9772331
          ]
        ]
      }
    },
    {
      "type": "Feature",
      "id": "way/1316964039",
      "properties": {
        "highway": "footway",
        "osm_id": "1316964039",
        "osm_type": "way"
      },
      "geometry": {
        "type": "LineString",
        "coordinates": [
          [
            116.3365322,
            39.9772331
          ],
          [
            116.3370521,
            39.9772441
          ],
          [
            116.3370452,
            39.9773171
          ],
          [
            116.3370353,
            39.977423
          ],
          [
            116.3371717,
            39.9774273
          ]
        ]
      }
    },
    {
      "type": "Feature",
      "id": "way/1316964040",
      "properties": {
        "building": "service",
        "osm_id": "1316964040",
        "osm_type": "way"
      },
      "geometry": {
        "type": "Polygon",
        "coordinates": [
          [
            [
              116.3374613,
              39.9773489
            ],
            [
              116.3374679,
              39.9772641
            ],
            [
              116.3376014,
              39.9772702
            ],
            [
              116.3375948,
              39.977355
            ],
            [
              116.3374613,
              39.9773489
            ]
          ]
        ]
      }
    },
    {
      "type": "Feature",
      "id": "way/1316964041",
      "properties": {
        "building": "school",
        "name": "音乐楼",
        "osm_id": "1316964041",
        "osm_type": "way"
      },
      "geometry": {
        "type": "Polygon",
        "coordinates": [
          [
            [
              116.3392048,
              39.9775974
            ],
            [
              116.3392157,
              39.9772771
            ],
            [
              116.3394174,
              39.9772812
            ],
            [
              116.3394064,
              39.9776015
            ],
            [
              116.3392048,
              39.9775974
            ]
          ]
        ]
      }
    },
    {
      "type": "Feature",
      "id": "way/1316964042",
      "properties": {
        "building": "school",
        "name": "礼堂",
        "osm_id": "1316964042",
        "osm_type": "way"
      },
      "geometry": {
        "type": "Polygon",
        "coordinates": [
          [
            [
              116.3391878,
              39.9779084
            ],
            [
              116.3392077,
              39.9776198
            ],
            [
              116.3394129,
              39.9776236
            ],
            [
              116.3393988,
              39.9779105
            ],
            [
              116.3391878,
              39.9779084
            ]
          ]
        ]
      }
    },
    {
      "type": "Feature",
      "id": "way/1316964043",
      "properties": {
        "building": "school",
        "name": "初中楼",
        "osm_id": "1316964043",
        "osm_type": "way"
      },
      "geometry": {
        "type": "Polygon",
        "coordinates": [
          [
            [
              116.3384174,
              39.977861
            ],
            [
              116.3384223,
              39.9777346
            ],
            [
              116.3385513,
              39.9777375
            ],
            [
              116.3385529,
              39.9776972
            ],
            [
              116.3391298,
              39.9777104
            ],
            [
              116.3391285,
              39.9777437
            ],
            [
              116.3391677,
              39.9777439
            ],
            [
              116.3391651,
              39.9778611
            ],
            [
              116.3390691,
              39.9778585
            ],
            [
              116.3390711,
              39.977806
            ],
            [
              116.3385956,
              39.9777953
            ],
            [
              116.3385929,
              39.977865
            ],
            [
              116.3384174,
              39.977861
            ]
          ]
        ]
      }
    },
    {
      "type": "Feature",
      "id": "way/1316964044",
      "properties": {
        "leisure": "pitch",
        "sport": "volleyball",
        "osm_id": "1316964044",
        "osm_type": "way"
      },
      "geometry": {
        "type": "Polygon",
        "coordinates": [
          [
            [
              116.3385918,
              39.9778925
            ],
            [
              116.3385967,
              39.9778004
            ],
            [
              116.3390627,
              39.9778148
            ],
            [
              116.3390578,
              39.977907
            ],
            [
              116.3385918,
              39.9778925
            ]
          ]
        ]
      }
    },
    {
      "type": "Feature",
      "id": "way/1316964045",
      "properties": {
        "highway": "footway",
        "osm_id": "1316964045",
        "osm_type": "way"
      },
      "geometry": {
        "type": "LineString",
        "coordinates": [
          [
            116.3371717,
            39.9774273
          ],
          [
            116.3371519,
            39.9777318
          ],
          [
            116.3380346,
            39.977744
          ]
        ]
      }
    },
    {
      "type": "Feature",
      "id": "way/1316964046",
      "properties": {
        "highway": "footway",
        "osm_id": "1316964046",
        "osm_type": "way"
      },
      "geometry": {
        "type": "LineString",
        "coordinates": [
          [
            116.3380346,
            39.977744
          ],
          [
            116.3381852,
            39.9777462
          ],
          [
            116.3382599,
            39.9778235
          ],
          [
            116.3383328,
            39.977822
          ],
          [
            116.3383738,
            39.9777319
          ],
          [
            116.3383914,
            39.9776822
          ],
          [
            116.3384119,
            39.9773453
          ]
        ]
      }
    },
    {
      "type": "Feature",
      "id": "way/1316964047",
      "properties": {
        "highway": "footway",
        "osm_id": "1316964047",
        "osm_type": "way"
      },
      "geometry": {
        "type": "LineString",
        "coordinates": [
          [
            116.3382561,
            39.977974
          ],
          [
            116.3382579,
            39.9779029
          ],
          [
            116.3382599,
            39.9778235
          ]
        ]
      }
    },
    {
      "type": "Feature",
      "id": "way/1316964049",
      "properties": {
        "highway": "footway",
        "osm_id": "1316964049",
        "osm_type": "way"
      },
      "geometry": {
        "type": "LineString",
        "coordinates": [
          [
            116.3391782,
            39.9778775
          ],
          [
            116.33918,
            39.9776912
          ],
          [
            116.3383914,
            39.9776822
          ]
        ]
      }
    },
    {
      "type": "Feature",
      "id": "way/1316964050",
      "properties": {
        "highway": "footway",
        "osm_id": "1316964050",
        "osm_type": "way"
      },
      "geometry": {
        "type": "LineString",
        "coordinates": [
          [
            116.3391821,
            39.97735
          ],
          [
            116.3384119,
            39.9773453
          ]
        ]
      }
    },
    {
      "type": "Feature",
      "id": "way/1316964051",
      "properties": {
        "highway": "footway",
        "osm_id": "1316964051",
        "osm_type": "way"
      },
      "geometry": {
        "type": "LineString",
        "coordinates": [
          [
            116.33918,
            39.9776912
          ],
          [
            116.3391821,
            39.97735
          ]
        ]
      }
    },
    {
      "type": "Feature",
      "id": "way/1316964445",
      "properties": {
        "highway": "footway",
        "osm_id": "1316964445",
        "osm_type": "way"
      },
      "geometry": {
        "type": "LineString",
        "coordinates": [
          [
            116.3370452,
            39.9773171
          ],
          [
            116.3373739,
            39.9773232
          ],
          [
            116.3373641,
            39.9773761
          ],
          [
            116.3377438,
            39.9773867
          ],
          [
            116.337753,
            39.9773346
          ],
          [
            116.3381254,
            39.9773446
          ]
        ]
      }
    },
    {
      "type": "Feature",
      "id": "way/1316964446",
      "properties": {
        "highway": "footway",
        "osm_id": "1316964446",
        "osm_type": "way"
      },
      "geometry": {
        "type": "LineString",
        "coordinates": [
          [
            116.3381254,
            39.9773446
          ],
          [
            116.3384119,
            39.9773453
          ]
        ]
      }
    },
    {
      "type": "Feature",
      "id": "way/1317735064",
      "properties": {
        "highway": "service",
        "service": "parking_aisle",
        "osm_id": "1317735064",
        "osm_type": "way"
      },
      "geometry": {
        "type": "LineString",
        "coordinates": [
          [
            116.3426785,
            39.9797858
          ],
          [
            116.342675,
            39.9798806
          ],
          [
            116.3426721,
            39.979959
          ]
        ]
      }
    },
    {
      "type": "Feature",
      "id": "way/1317735065",
      "properties": {
        "highway": "service",
        "service": "parking_aisle",
        "osm_id": "1317735065",
        "osm_type": "way"
      },
      "geometry": {
        "type": "LineString",
        "coordinates": [
          [
            116.3430186,
            39.978367
          ],
          [
            116.3433759,
            39.9783774
          ],
          [
            116.3436468,
            39.9783853
          ],
          [
            116.344041,
            39.9783947
          ]
        ]
      }
    },
    {
      "type": "Feature",
      "id": "way/1317735066",
      "properties": {
        "highway": "footway",
        "osm_id": "1317735066",
        "osm_type": "way"
      },
      "geometry": {
        "type": "LineString",
        "coordinates": [
          [
            116.3433948,
            39.9779928
          ],
          [
            116.3433759,
            39.9783774
          ]
        ]
      }
    },
    {
      "type": "Feature",
      "id": "way/1317735067",
      "properties": {
        "highway": "footway",
        "osm_id": "1317735067",
        "osm_type": "way"
      },
      "geometry": {
        "type": "LineString",
        "coordinates": [
          [
            116.3436669,
            39.9779989
          ],
          [
            116.3436468,
            39.9783853
          ]
        ]
      }
    },
    {
      "type": "Feature",
      "id": "way/1317735069",
      "properties": {
        "highway": "service",
        "osm_id": "1317735069",
        "osm_type": "way"
      },
      "geometry": {
        "type": "LineString",
        "coordinates": [
          [
            116.3390341,
            39.9833166
          ],
          [
            116.3390166,
            39.9836723
          ]
        ]
      }
    },
    {
      "type": "Feature",
      "id": "way/1317735070",
      "properties": {
        "highway": "footway",
        "lanes": "1",
        "surface": "asphalt",
        "osm_id": "1317735070",
        "osm_type": "way"
      },
      "geometry": {
        "type": "LineString",
        "coordinates": [
          [
            116.3434936,
            39.9806724
          ],
          [
            116.3433383,
            39.9806681
          ],
          [
            116.3426397,
            39.9806488
          ],
          [
            116.342063,
            39.9806328
          ],
          [
            116.3418319,
            39.9806264
          ],
          [
            116.34178,
            39.980625
          ]
        ]
      }
    },
    {
      "type": "Feature",
      "id": "way/1317735071",
      "properties": {
        "highway": "footway",
        "osm_id": "1317735071",
        "osm_type": "way"
      },
      "geometry": {
        "type": "LineString",
        "coordinates": [
          [
            116.3426397,
            39.9806488
          ],
          [
            116.3426663,
            39.9800837
          ],
          [
            116.3426693,
            39.9800205
          ],
          [
            116.3426721,
            39.979959
          ]
        ]
      }
    },
    {
      "type": "Feature",
      "id": "way/1329661128",
      "properties": {
        "landuse": "construction",
        "osm_id": "1329661128",
        "osm_type": "way"
      },
      "geometry": {
        "type": "Polygon",
        "coordinates": [
          [
            [
              116.3387523,
              39.9783967
            ],
            [
              116.3387696,
              39.9780422
            ],
            [
              116.3390813,
              39.9780422
            ],
            [
              116.3390714,
              39.9784042
            ],
            [
              116.3387523,
              39.9783967
            ]
          ]
        ]
      }
    },
    {
      "type": "Feature",
      "id": "way/1349369007",
      "properties": {
        "bicycle": "no",
        "highway": "footway",
        "horse": "no",
        "informal": "no",
        "osm_id": "1349369007",
        "osm_type": "way"
      },
      "geometry": {
        "type": "LineString",
        "coordinates": [
          [
            116.3375016,
            39.9764897
          ],
          [
            116.3374994,
            39.976426
          ],
          [
            116.3374664,
            39.9763671
          ],
          [
            116.3374738,
            39.9762974
          ],
          [
            116.3374569,
            39.9762153
          ],
          [
            116.3377263,
            39.9759911
          ]
        ]
      }
    },
    {
      "type": "Feature",
      "id": "way/1354400339",
      "properties": {
        "highway": "footway",
        "osm_id": "1354400339",
        "osm_type": "way"
      },
      "geometry": {
        "type": "LineString",
        "coordinates": [
          [
            116.3383824,
            39.9791681
          ],
          [
            116.3384106,
            39.9790331
          ],
          [
            116.3385078,
            39.9788928
          ],
          [
            116.3385283,
            39.9789587
          ],
          [
            116.3385675,
            39.9790073
          ],
          [
            116.3385694,
            39.9790975
          ],
          [
            116.3385896,
            39.979173
          ]
        ]
      }
    },
    {
      "type": "Feature",
      "id": "way/1354400340",
      "properties": {
        "highway": "footway",
        "osm_id": "1354400340",
        "osm_type": "way"
      },
      "geometry": {
        "type": "LineString",
        "coordinates": [
          [
            116.338555,
            39.9788452
          ],
          [
            116.3386607,
            39.97889
          ],
          [
            116.3387209,
            39.9789461
          ],
          [
            116.3388212,
            39.978985
          ]
        ]
      }
    },
    {
      "type": "Feature",
      "id": "way/1354400341",
      "properties": {
        "highway": "footway",
        "osm_id": "1354400341",
        "osm_type": "way"
      },
      "geometry": {
        "type": "LineString",
        "coordinates": [
          [
            116.3385599,
            39.9788177
          ],
          [
            116.33862,
            39.9788015
          ],
          [
            116.3386802,
            39.9787592
          ],
          [
            116.3387697,
            39.9787467
          ],
          [
            116.3388344,
            39.9787453
          ]
        ]
      }
    },
    {
      "type": "Feature",
      "id": "way/1354400342",
      "properties": {
        "highway": "footway",
        "osm_id": "1354400342",
        "osm_type": "way"
      },
      "geometry": {
        "type": "LineString",
        "coordinates": [
          [
            116.3385078,
            39.9788928
          ],
          [
            116.3385404,
            39.9788676
          ],
          [
            116.338555,
            39.9788452
          ],
          [
            116.3385599,
            39.9788177
          ],
          [
            116.3385469,
            39.9787916
          ],
          [
            116.3385095,
            39.9787816
          ],
          [
            116.3385355,
            39.9787467
          ],
          [
            116.3385729,
            39.9787131
          ],
          [
            116.338594,
            39.978667
          ],
          [
            116.3385843,
            39.9786159
          ]
        ]
      }
    },
    {
      "type": "Feature",
      "id": "way/1354400343",
      "properties": {
        "highway": "footway",
        "osm_id": "1354400343",
        "osm_type": "way"
      },
      "geometry": {
        "type": "LineString",
        "coordinates": [
          [
            116.3385095,
            39.9787816
          ],
          [
            116.3384704,
            39.9787853
          ],
          [
            116.3384395,
            39.9787442
          ],
          [
            116.3384103,
            39.9787106
          ],
          [
            116.3384151,
            39.978672
          ],
          [
            116.3384314,
            39.9786258
          ],
          [
            116.3384395,
            39.9786072
          ]
        ]
      }
    },
    {
      "type": "Feature",
      "id": "way/1354400344",
      "properties": {
        "highway": "footway",
        "osm_id": "1354400344",
        "osm_type": "way"
      },
      "geometry": {
        "type": "LineString",
        "coordinates": [
          [
            116.3384704,
            39.9787853
          ],
          [
            116.3384395,
            39.9788015
          ],
          [
            116.3384216,
            39.9788227
          ],
          [
            116.3384168,
            39.9788452
          ],
          [
            116.3384298,
            39.9788801
          ],
          [
            116.3385078,
            39.9788928
          ]
        ]
      }
    },
    {
      "type": "Feature",
      "id": "way/1354400345",
      "properties": {
        "building": "residential",
        "name": "302住宅",
        "osm_id": "1354400345",
        "osm_type": "way"
      },
      "geometry": {
        "type": "Polygon",
        "coordinates": [
          [
            [
              116.3373464,
              39.9805412
            ],
            [
              116.3373513,
              39.9804402
            ],
            [
              116.3378424,
              39.9804543
            ],
            [
              116.3378473,
              39.9803523
            ],
            [
              116.3379578,
              39.9803555
            ],
            [
              116.3379503,
              39.9805103
            ],
            [
              116.3378617,
              39.9805077
            ],
            [
              116.3378593,
              39.980556
            ],
            [
              116.3373464,
              39.9805412
            ]
          ]
        ]
      }
    },
    {
      "type": "Feature",
      "id": "way/1354400346",
      "properties": {
        "building": "residential",
        "name": "301住宅",
        "osm_id": "1354400346",
        "osm_type": "way"
      },
      "geometry": {
        "type": "Polygon",
        "coordinates": [
          [
            [
              116.336992,
              39.980208
            ],
            [
              116.3370005,
              39.9800351
            ],
            [
              116.3370839,
              39.9800375
            ],
            [
              116.3370856,
              39.9800028
            ],
            [
              116.3378969,
              39.9800265
            ],
            [
              116.3378952,
              39.9800602
            ],
            [
              116.3379783,
              39.9800626
            ],
            [
              116.3379694,
              39.9802427
            ],
            [
              116.3378546,
              39.9802394
            ],
            [
              116.3378607,
              39.9801153
            ],
            [
              116.3370985,
              39.9800932
            ],
            [
              116.3370927,
              39.9802109
            ],
            [
              116.336992,
              39.980208
            ]
          ]
        ]
      }
    },
    {
      "type": "Feature",
      "id": "way/1354400347",
      "properties": {
        "highway": "footway",
        "osm_id": "1354400347",
        "osm_type": "way"
      },
      "geometry": {
        "type": "LineString",
        "coordinates": [
          [
            116.3404146,
            39.9828776
          ],
          [
            116.3404936,
            39.9829632
          ],
          [
            116.3406735,
            39.9830349
          ],
          [
            116.3409249,
            39.9830935
          ],
          [
            116.3411985,
            39.9830821
          ],
          [
            116.3413735,
            39.9829745
          ],
          [
            116.3414401,
            39.9827894
          ],
          [
            116.3414362,
            39.9826852
          ],
          [
            116.3414327,
            39.9825911
          ],
          [
            116.3414549,
            39.9824513
          ],
          [
            116.3414574,
            39.9823267
          ],
          [
            116.341482,
            39.9821605
          ],
          [
            116.3414204,
            39.9820604
          ],
          [
            116.3412158,
            39.9820283
          ],
          [
            116.3410274,
            39.9820383
          ]
        ]
      }
    },
    {
      "type": "Feature",
      "id": "way/1354403610",
      "properties": {
        "building": "residential",
        "name": "304住宅",
        "osm_id": "1354403610",
        "osm_type": "way"
      },
      "geometry": {
        "type": "Polygon",
        "coordinates": [
          [
            [
              116.337322,
              39.9812256
            ],
            [
              116.337325,
              39.9811368
            ],
            [
              116.3378318,
              39.9811467
            ],
            [
              116.3378306,
              39.9811833
            ],
            [
              116.3379194,
              39.9811851
            ],
            [
              116.3379137,
              39.9813589
            ],
            [
              116.3378038,
              39.9813568
            ],
            [
              116.3378079,
              39.9812351
            ],
            [
              116.337322,
              39.9812256
            ]
          ]
        ]
      }
    },
    {
      "type": "Feature",
      "id": "way/1354403611",
      "properties": {
        "building": "yes",
        "name": "西小楼",
        "osm_id": "1354403611",
        "osm_type": "way"
      },
      "geometry": {
        "type": "Polygon",
        "coordinates": [
          [
            [
              116.3421593,
              39.9808013
            ],
            [
              116.342165,
              39.9806985
            ],
            [
              116.3422453,
              39.9807011
            ],
            [
              116.3423178,
              39.9807034
            ],
            [
              116.3423121,
              39.9808063
            ],
            [
              116.3421593,
              39.9808013
            ]
          ]
        ]
      }
    },
    {
      "type": "Feature",
      "id": "way/1354403612",
      "properties": {
        "building": "yes",
        "name": "东小楼",
        "osm_id": "1354403612",
        "osm_type": "way"
      },
      "geometry": {
        "type": "Polygon",
        "coordinates": [
          [
            [
              116.342916,
              39.9808241
            ],
            [
              116.3429217,
              39.9807212
            ],
            [
              116.3429963,
              39.9807236
            ],
            [
              116.3430744,
              39.9807262
            ],
            [
              116.3430687,
              39.9808291
            ],
            [
              116.342916,
              39.9808241
            ]
          ]
        ]
      }
    },
    {
      "type": "Feature",
      "id": "way/1354403613",
      "properties": {
        "highway": "footway",
        "osm_id": "1354403613",
        "osm_type": "way"
      },
      "geometry": {
        "type": "LineString",
        "coordinates": [
          [
            116.3426397,
            39.9806488
          ],
          [
            116.3426236,
            39.9808525
          ]
        ]
      }
    },
    {
      "type": "Feature",
      "id": "way/1354403614",
      "properties": {
        "building": "yes",
        "name": "科研南一楼",
        "osm_id": "1354403614",
        "osm_type": "way"
      },
      "geometry": {
        "type": "Polygon",
        "coordinates": [
          [
            [
              116.3452295,
              39.9811285
            ],
            [
              116.3452276,
              39.980841
            ],
            [
              116.3454898,
              39.98084
            ],
            [
              116.3455479,
              39.9808682
            ],
            [
              116.3455512,
              39.9809763
            ],
            [
              116.3455963,
              39.9809772
            ],
            [
              116.3455969,
              39.9810262
            ],
            [
              116.345513,
              39.9810265
            ],
            [
              116.3455133,
              39.9810804
            ],
            [
              116.3455136,
              39.9811274
            ],
            [
              116.3452295,
              39.9811285
            ]
          ]
        ]
      }
    },
    {
      "type": "Feature",
      "id": "way/1354403615",
      "properties": {
        "building": "yes",
        "name": "航空创新实验基地",
        "osm_id": "1354403615",
        "osm_type": "way"
      },
      "geometry": {
        "type": "Polygon",
        "coordinates": [
          [
            [
              116.3455624,
              39.9809735
            ],
            [
              116.3455702,
              39.98084
            ],
            [
              116.345779,
              39.9808471
            ],
            [
              116.3457749,
              39.9809179
            ],
            [
              116.3457712,
              39.9809807
            ],
            [
              116.3455624,
              39.9809735
            ]
          ]
        ]
      }
    },
    {
      "type": "Feature",
      "id": "way/1354403616",
      "properties": {
        "building": "yes",
        "name": "继教楼",
        "osm_id": "1354403616",
        "osm_type": "way"
      },
      "geometry": {
        "type": "Polygon",
        "coordinates": [
          [
            [
              116.3464054,
              39.9814735
            ],
            [
              116.3464288,
              39.9808941
            ],
            [
              116.346551,
              39.980897
            ],
            [
              116.3465393,
              39.9811873
            ],
            [
              116.3465277,
              39.9814764
            ],
            [
              116.3464054,
              39.9814735
            ]
          ]
        ]
      }
    },
    {
      "type": "Feature",
      "id": "way/1367997878",
      "properties": {
        "building": "yes",
        "name": "物美超市",
        "osm_id": "1367997878",
        "osm_type": "way"
      },
      "geometry": {
        "type": "Polygon",
        "coordinates": [
          [
            [
              116.3377439,
              39.9756828
            ],
            [
              116.3376687,
              39.9755457
            ],
            [
              116.3378109,
              39.9755255
            ],
            [
              116.3378414,
              39.9756704
            ],
            [
              116.3377882,
              39.9756772
            ],
            [
              116.3377439,
              39.9756828
            ]
          ]
        ]
      }
    },
    {
      "type": "Feature",
      "id": "way/1368221394",
      "properties": {
        "highway": "footway",
        "osm_id": "1368221394",
        "osm_type": "way"
      },
      "geometry": {
        "type": "LineString",
        "coordinates": [
          [
            116.3365613,
            39.9764963
          ],
          [
            116.3365942,
            39.9763401
          ],
          [
            116.3366604,
            39.9762551
          ],
          [
            116.3367467,
            39.9761807
          ],
          [
            116.336867,
            39.97612
          ],
          [
            116.3369994,
            39.9760533
          ],
          [
            116.3370706,
            39.9760168
          ]
        ]
      }
    },
    {
      "type": "Feature",
      "id": "way/1368221395",
      "properties": {
        "highway": "footway",
        "osm_id": "1368221395",
        "osm_type": "way"
      },
      "geometry": {
        "type": "LineString",
        "coordinates": [
          [
            116.3370706,
            39.9760168
          ],
          [
            116.3371657,
            39.9759683
          ],
          [
            116.3373136,
            39.9759163
          ],
          [
            116.3376313,
            39.9758124
          ]
        ]
      }
    },
    {
      "type": "Feature",
      "id": "way/1368221396",
      "properties": {
        "amenity": "cafe",
        "brand": "库迪咖啡",
        "brand:en": "Cotti Coffee",
        "brand:wikidata": "Q123370986",
        "brand:zh": "库迪咖啡",
        "building": "yes",
        "cuisine": "coffee_shop",
        "layer": "1",
        "name": "库迪咖啡",
        "name:en": "Cotti Coffee",
        "name:zh": "库迪咖啡",
        "takeaway": "yes",
        "osm_id": "1368221396",
        "osm_type": "way"
      },
      "geometry": {
        "type": "Polygon",
        "coordinates": [
          [
            [
              116.3389935,
              39.9763565
            ],
            [
              116.3389924,
              39.9764033
            ],
            [
              116.3390628,
              39.9764037
            ],
            [
              116.3390642,
              39.9763564
            ],
            [
              116.3389935,
              39.9763565
            ]
          ]
        ]
      }
    },
    {
      "type": "Feature",
      "id": "way/1368221397",
      "properties": {
        "amenity": "restaurant",
        "building": "yes",
        "name": "现做蛋炒饭",
        "takeaway": "yes",
        "osm_id": "1368221397",
        "osm_type": "way"
      },
      "geometry": {
        "type": "Polygon",
        "coordinates": [
          [
            [
              116.3388435,
              39.9763476
            ],
            [
              116.3388343,
              39.9763891
            ],
            [
              116.3388914,
              39.9763965
            ],
            [
              116.3389004,
              39.976355
            ],
            [
              116.3388435,
              39.9763476
            ]
          ]
        ]
      }
    },
    {
      "type": "Feature",
      "id": "way/1368221398",
      "properties": {
        "building": "yes",
        "layer": "1",
        "name": "天天开心便利店",
        "shop": "yes",
        "osm_id": "1368221398",
        "osm_type": "way"
      },
      "geometry": {
        "type": "Polygon",
        "coordinates": [
          [
            [
              116.3387352,
              39.976336
            ],
            [
              116.3387268,
              39.9763749
            ],
            [
              116.3388019,
              39.976385
            ],
            [
              116.3388116,
              39.9763455
            ],
            [
              116.3387352,
              39.976336
            ]
          ]
        ]
      }
    },
    {
      "type": "Feature",
      "id": "way/1368221399",
      "properties": {
        "amenity": "fast_food",
        "building": "yes",
        "cuisine": "burger",
        "name": "麦堡王",
        "takeaway": "yes",
        "osm_id": "1368221399",
        "osm_type": "way"
      },
      "geometry": {
        "type": "Polygon",
        "coordinates": [
          [
            [
              116.3391339,
              39.9763232
            ],
            [
              116.3391341,
              39.976268
            ],
            [
              116.3392192,
              39.976268
            ],
            [
              116.339218,
              39.9763232
            ],
            [
              116.3391339,
              39.9763232
            ]
          ]
        ]
      }
    },
    {
      "type": "Feature",
      "id": "way/1368221400",
      "properties": {
        "amenity": "restaurant",
        "brand": "左右手中西意面工坊",
        "building": "yes",
        "name": "左右手中西意面工坊",
        "name:en": "ZYS Pasta Factory",
        "osm_id": "1368221400",
        "osm_type": "way"
      },
      "geometry": {
        "type": "Polygon",
        "coordinates": [
          [
            [
              116.3391341,
              39.976268
            ],
            [
              116.3391338,
              39.9762096
            ],
            [
              116.3392204,
              39.9762092
            ],
            [
              116.3392192,
              39.976268
            ],
            [
              116.3391341,
              39.976268
            ]
          ]
        ]
      }
    },
    {
      "type": "Feature",
      "id": "way/1368221401",
      "properties": {
        "amenity": "cafe",
        "brand": "沪上阿姨",
        "brand:en": "AUNTEA JENNY",
        "brand:wikidata": "Q108165945",
        "brand:zh": "沪上阿姨",
        "building": "yes",
        "cuisine": "bubble_tea",
        "layer": "1",
        "name": "沪上阿姨",
        "name:en": "AUNTEA JENNY",
        "name:zh": "沪上阿姨",
        "takeaway": "yes",
        "osm_id": "1368221401",
        "osm_type": "way"
      },
      "geometry": {
        "type": "Polygon",
        "coordinates": [
          [
            [
              116.3395979,
              39.9764355
            ],
            [
              116.3395281,
              39.9764371
            ],
            [
              116.3395293,
              39.9763714
            ],
            [
              116.3395998,
              39.9763701
            ],
            [
              116.3395979,
              39.9764355
            ]
          ]
        ]
      }
    },
    {
      "type": "Feature",
      "id": "way/1368221402",
      "properties": {
        "brand": "便利蜂",
        "brand:en": "Bianlifeng",
        "brand:wikidata": "Q95975982",
        "brand:zh": "便利蜂",
        "building": "yes",
        "name": "便利蜂",
        "name:en": "Bianlifeng",
        "name:zh": "便利蜂",
        "shop": "convenience",
        "osm_id": "1368221402",
        "osm_type": "way"
      },
      "geometry": {
        "type": "Polygon",
        "coordinates": [
          [
            [
              116.3395984,
              39.976332
            ],
            [
              116.339532,
              39.9763308
            ],
            [
              116.3395337,
              39.9762668
            ],
            [
              116.3396003,
              39.9762655
            ],
            [
              116.3395984,
              39.976332
            ]
          ]
        ]
      }
    },
    {
      "type": "Feature",
      "id": "way/1368356798",
      "properties": {
        "highway": "footway",
        "surface": "paving_stones",
        "osm_id": "1368356798",
        "osm_type": "way"
      },
      "geometry": {
        "type": "LineString",
        "coordinates": [
          [
            116.3377263,
            39.9759911
          ],
          [
            116.337706,
            39.9759599
          ],
          [
            116.3376856,
            39.9759287
          ],
          [
            116.3376313,
            39.9758124
          ]
        ]
      }
    },
    {
      "type": "Feature",
      "id": "way/1368356799",
      "properties": {
        "highway": "footway",
        "surface": "paving_stones",
        "osm_id": "1368356799",
        "osm_type": "way"
      },
      "geometry": {
        "type": "LineString",
        "coordinates": [
          [
            116.3380471,
            39.9765632
          ],
          [
            116.3380147,
            39.9764982
          ],
          [
            116.3380115,
            39.9764877
          ]
        ]
      }
    },
    {
      "type": "Feature",
      "id": "way/1368356800",
      "properties": {
        "highway": "footway",
        "surface": "paving_stones",
        "osm_id": "1368356800",
        "osm_type": "way"
      },
      "geometry": {
        "type": "LineString",
        "coordinates": [
          [
            116.3383646,
            39.9762858
          ],
          [
            116.3382538,
            39.9763306
          ],
          [
            116.3381029,
            39.9763834
          ],
          [
            116.3379917,
            39.9764223
          ]
        ]
      }
    },
    {
      "type": "Feature",
      "id": "way/1368356801",
      "properties": {
        "highway": "footway",
        "surface": "paving_stones",
        "osm_id": "1368356801",
        "osm_type": "way"
      },
      "geometry": {
        "type": "LineString",
        "coordinates": [
          [
            116.3379917,
            39.9764223
          ],
          [
            116.3378715,
            39.9764527
          ],
          [
            116.3377317,
            39.9764744
          ],
          [
            116.3375282,
            39.9764907
          ],
          [
            116.3375016,
            39.9764897
          ]
        ]
      }
    },
    {
      "type": "Feature",
      "id": "way/1368356802",
      "properties": {
        "highway": "footway",
        "osm_id": "1368356802",
        "osm_type": "way"
      },
      "geometry": {
        "type": "LineString",
        "coordinates": [
          [
            116.3359285,
            39.9764613
          ],
          [
            116.3360461,
            39.9765089
          ],
          [
            116.3361678,
            39.9765278
          ],
          [
            116.3362772,
            39.9765302
          ],
          [
            116.3364867,
            39.9764877
          ],
          [
            116.3365613,
            39.9764963
          ]
        ]
      }
    },
    {
      "type": "Feature",
      "id": "way/1368356803",
      "properties": {
        "highway": "footway",
        "osm_id": "1368356803",
        "osm_type": "way"
      },
      "geometry": {
        "type": "LineString",
        "coordinates": [
          [
            116.3365613,
            39.9764963
          ],
          [
            116.3366608,
            39.9765078
          ],
          [
            116.3369473,
            39.9765786
          ],
          [
            116.3370552,
            39.9765951
          ],
          [
            116.3373972,
            39.9766128
          ]
        ]
      }
    },
    {
      "type": "Feature",
      "id": "way/1368356804",
      "properties": {
        "highway": "footway",
        "osm_id": "1368356804",
        "osm_type": "way"
      },
      "geometry": {
        "type": "LineString",
        "coordinates": [
          [
            116.3373972,
            39.9766128
          ],
          [
            116.3375037,
            39.9766103
          ],
          [
            116.3376005,
            39.9766081
          ]
        ]
      }
    },
    {
      "type": "Feature",
      "id": "way/1368356805",
      "properties": {
        "highway": "footway",
        "osm_id": "1368356805",
        "osm_type": "way"
      },
      "geometry": {
        "type": "LineString",
        "coordinates": [
          [
            116.3381029,
            39.9763834
          ],
          [
            116.338113,
            39.9763032
          ],
          [
            116.338096,
            39.9762314
          ],
          [
            116.3380329,
            39.9761491
          ],
          [
            116.3380278,
            39.9760812
          ],
          [
            116.3380602,
            39.9760328
          ],
          [
            116.3381454,
            39.9759414
          ],
          [
            116.3382618,
            39.9758955
          ]
        ]
      }
    },
    {
      "type": "Feature",
      "id": "way/1368356806",
      "properties": {
        "highway": "footway",
        "osm_id": "1368356806",
        "osm_type": "way"
      },
      "geometry": {
        "type": "LineString",
        "coordinates": [
          [
            116.3377317,
            39.9764744
          ],
          [
            116.3378522,
            39.9765005
          ],
          [
            116.3380115,
            39.9764877
          ]
        ]
      }
    },
    {
      "type": "Feature",
      "id": "way/1368356807",
      "properties": {
        "highway": "footway",
        "osm_id": "1368356807",
        "osm_type": "way"
      },
      "geometry": {
        "type": "LineString",
        "coordinates": [
          [
            116.3380115,
            39.9764877
          ],
          [
            116.3381029,
            39.9763834
          ]
        ]
      }
    },
    {
      "type": "Feature",
      "id": "way/1368356808",
      "properties": {
        "highway": "footway",
        "surface": "paving_stones",
        "osm_id": "1368356808",
        "osm_type": "way"
      },
      "geometry": {
        "type": "LineString",
        "coordinates": [
          [
            116.3380115,
            39.9764877
          ],
          [
            116.3379917,
            39.9764223
          ]
        ]
      }
    },
    {
      "type": "Feature",
      "id": "way/1368356809",
      "properties": {
        "building": "yes",
        "name": "十二馆",
        "osm_id": "1368356809",
        "osm_type": "way"
      },
      "geometry": {
        "type": "Polygon",
        "coordinates": [
          [
            [
              116.3428133,
              39.9778861
            ],
            [
              116.3428191,
              39.9777656
            ],
            [
              116.3430148,
              39.9777703
            ],
            [
              116.3438361,
              39.9777903
            ],
            [
              116.3438361,
              39.9778684
            ],
            [
              116.3439674,
              39.9778682
            ],
            [
              116.343965,
              39.9779187
            ],
            [
              116.3433765,
              39.977902
            ],
            [
              116.3428133,
              39.9778861
            ]
          ]
        ]
      }
    },
    {
      "type": "Feature",
      "id": "way/1368356810",
      "properties": {
        "building": "yes",
        "name": "十三馆",
        "osm_id": "1368356810",
        "osm_type": "way"
      },
      "geometry": {
        "type": "Polygon",
        "coordinates": [
          [
            [
              116.3439674,
              39.9778682
            ],
            [
              116.3438361,
              39.9778684
            ],
            [
              116.3438683,
              39.9772395
            ],
            [
              116.3439978,
              39.9772393
            ],
            [
              116.3439845,
              39.9775144
            ],
            [
              116.3439674,
              39.9778682
            ]
          ]
        ]
      }
    },
    {
      "type": "Feature",
      "id": "way/1368356811",
      "properties": {
        "building": "yes",
        "name": "十四馆",
        "osm_id": "1368356811",
        "osm_type": "way"
      },
      "geometry": {
        "type": "Polygon",
        "coordinates": [
          [
            [
              116.3439978,
              39.9772393
            ],
            [
              116.3440069,
              39.9770499
            ],
            [
              116.3435671,
              39.9770374
            ],
            [
              116.3435688,
              39.9770008
            ],
            [
              116.3434518,
              39.9769975
            ],
            [
              116.3433188,
              39.9769938
            ],
            [
              116.3433169,
              39.9770327
            ],
            [
              116.3428551,
              39.9770196
            ],
            [
              116.3428459,
              39.9772109
            ],
            [
              116.3430267,
              39.9772154
            ],
            [
              116.3439978,
              39.9772393
            ]
          ]
        ]
      }
    },
    {
      "type": "Feature",
      "id": "way/1368356812",
      "properties": {
        "building": "yes",
        "name": "十五馆",
        "osm_id": "1368356812",
        "osm_type": "way"
      },
      "geometry": {
        "type": "Polygon",
        "coordinates": [
          [
            [
              116.3428191,
              39.9777656
            ],
            [
              116.3430148,
              39.9777703
            ],
            [
              116.3430267,
              39.9772154
            ],
            [
              116.3428459,
              39.9772109
            ],
            [
              116.3428329,
              39.9774795
            ],
            [
              116.3428191,
              39.9777656
            ]
          ]
        ]
      }
    },
    {
      "type": "Feature",
      "id": "way/1368356813",
      "properties": {
        "highway": "residential",
        "osm_id": "1368356813",
        "osm_type": "way"
      },
      "geometry": {
        "type": "LineString",
        "coordinates": [
          [
            116.3419578,
            39.9770773
          ],
          [
            116.3418955,
            39.9770747
          ],
          [
            116.3413483,
            39.9770499
          ],
          [
            116.3407784,
            39.9770298
          ]
        ]
      }
    },
    {
      "type": "Feature",
      "id": "way/1368356814",
      "properties": {
        "highway": "residential",
        "osm_id": "1368356814",
        "osm_type": "way"
      },
      "geometry": {
        "type": "LineString",
        "coordinates": [
          [
            116.3413483,
            39.9770499
          ],
          [
            116.3415127,
            39.9773387
          ],
          [
            116.3414967,
            39.9776059
          ],
          [
            116.3418744,
            39.9776159
          ],
          [
            116.3419333,
            39.9776174
          ]
        ]
      }
    },
    {
      "type": "Feature",
      "id": "way/1368356815",
      "properties": {
        "highway": "residential",
        "osm_id": "1368356815",
        "osm_type": "way"
      },
      "geometry": {
        "type": "LineString",
        "coordinates": [
          [
            116.3419655,
            39.9764897
          ],
          [
            116.3419258,
            39.9764886
          ],
          [
            116.3413523,
            39.9764749
          ],
          [
            116.3413483,
            39.9770499
          ]
        ]
      }
    },
    {
      "type": "Feature",
      "id": "way/1368356816",
      "properties": {
        "amenity": "restaurant",
        "building": "yes",
        "name": "美食苑",
        "osm_id": "1368356816",
        "osm_type": "way"
      },
      "geometry": {
        "type": "Polygon",
        "coordinates": [
          [
            [
              116.3402406,
              39.9779393
            ],
            [
              116.3402567,
              39.9775899
            ],
            [
              116.3410345,
              39.9775899
            ],
            [
              116.340997,
              39.9779599
            ],
            [
              116.3408039,
              39.9779546
            ],
            [
              116.3402406,
              39.9779393
            ]
          ]
        ]
      }
    },
    {
      "type": "Feature",
      "id": "way/1368356817",
      "properties": {
        "amenity": "restaurant",
        "building": "yes",
        "name": "小吃街",
        "osm_id": "1368356817",
        "osm_type": "way"
      },
      "geometry": {
        "type": "Polygon",
        "coordinates": [
          [
            [
              116.3414583,
              39.9779763
            ],
            [
              116.341469,
              39.9776475
            ],
            [
              116.341866,
              39.9776516
            ],
            [
              116.3418593,
              39.9778613
            ],
            [
              116.3418553,
              39.9779887
            ],
            [
              116.3414583,
              39.9779763
            ]
          ]
        ]
      }
    },
    {
      "type": "Feature",
      "id": "way/1368356818",
      "properties": {
        "highway": "service",
        "osm_id": "1368356818",
        "osm_type": "way"
      },
      "geometry": {
        "type": "LineString",
        "coordinates": [
          [
            116.3456067,
            39.9798209
          ],
          [
            116.3459302,
            39.9798286
          ],
          [
            116.346362,
            39.9798388
          ],
          [
            116.346853,
            39.9798504
          ]
        ]
      }
    },
    {
      "type": "Feature",
      "id": "way/1368356819",
      "properties": {
        "highway": "footway",
        "osm_id": "1368356819",
        "osm_type": "way"
      },
      "geometry": {
        "type": "LineString",
        "coordinates": [
          [
            116.3467038,
            39.9800768
          ],
          [
            116.3467009,
            39.9801204
          ],
          [
            116.3466992,
            39.9801457
          ],
          [
            116.3466933,
            39.9802359
          ],
          [
            116.3466892,
            39.9802974
          ]
        ]
      }
    },
    {
      "type": "Feature",
      "id": "way/1368356820",
      "properties": {
        "highway": "footway",
        "oneway": "no",
        "surface": "paving_stones",
        "osm_id": "1368356820",
        "osm_type": "way"
      },
      "geometry": {
        "type": "LineString",
        "coordinates": [
          [
            116.3426236,
            39.9808525
          ],
          [
            116.3433278,
            39.9808693
          ],
          [
            116.3434854,
            39.9808731
          ]
        ]
      }
    },
    {
      "type": "Feature",
      "id": "way/1368356821",
      "properties": {
        "highway": "footway",
        "oneway": "no",
        "surface": "paving_stones",
        "osm_id": "1368356821",
        "osm_type": "way"
      },
      "geometry": {
        "type": "LineString",
        "coordinates": [
          [
            116.3417654,
            39.9808203
          ],
          [
            116.3418209,
            39.9808237
          ],
          [
            116.3420528,
            39.980832
          ],
          [
            116.3426236,
            39.9808525
          ]
        ]
      }
    },
    {
      "type": "Feature",
      "id": "way/1368356822",
      "properties": {
        "highway": "footway",
        "osm_id": "1368356822",
        "osm_type": "way"
      },
      "geometry": {
        "type": "LineString",
        "coordinates": [
          [
            116.3426152,
            39.9811165
          ],
          [
            116.3426072,
            39.9814487
          ],
          [
            116.3427654,
            39.9814514
          ],
          [
            116.3434606,
            39.9814631
          ]
        ]
      }
    },
    {
      "type": "Feature",
      "id": "way/1368356823",
      "properties": {
        "highway": "footway",
        "osm_id": "1368356823",
        "osm_type": "way"
      },
      "geometry": {
        "type": "LineString",
        "coordinates": [
          [
            116.3427412,
            39.9819474
          ],
          [
            116.3427654,
            39.9814514
          ]
        ]
      }
    },
    {
      "type": "Feature",
      "id": "way/1368356824",
      "properties": {
        "highway": "footway",
        "osm_id": "1368356824",
        "osm_type": "way"
      },
      "geometry": {
        "type": "LineString",
        "coordinates": [
          [
            116.3423067,
            39.9819292
          ],
          [
            116.3423122,
            39.9814425
          ],
          [
            116.3426072,
            39.9814487
          ]
        ]
      }
    },
    {
      "type": "Feature",
      "id": "way/1368356825",
      "properties": {
        "highway": "footway",
        "osm_id": "1368356825",
        "osm_type": "way"
      },
      "geometry": {
        "type": "LineString",
        "coordinates": [
          [
            116.3423067,
            39.9819292
          ],
          [
            116.3423041,
            39.9821618
          ]
        ]
      }
    },
    {
      "type": "Feature",
      "id": "way/1368356826",
      "properties": {
        "highway": "footway",
        "osm_id": "1368356826",
        "osm_type": "way"
      },
      "geometry": {
        "type": "LineString",
        "coordinates": [
          [
            116.3429237,
            39.9821906
          ],
          [
            116.3429238,
            39.981955
          ]
        ]
      }
    },
    {
      "type": "Feature",
      "id": "way/1368356827",
      "properties": {
        "highway": "footway",
        "osm_id": "1368356827",
        "osm_type": "way"
      },
      "geometry": {
        "type": "LineString",
        "coordinates": [
          [
            116.3423041,
            39.9821618
          ],
          [
            116.3429237,
            39.9821906
          ]
        ]
      }
    },
    {
      "type": "Feature",
      "id": "way/1368356828",
      "properties": {
        "highway": "footway",
        "osm_id": "1368356828",
        "osm_type": "way"
      },
      "geometry": {
        "type": "LineString",
        "coordinates": [
          [
            116.3429237,
            39.9821906
          ],
          [
            116.3432861,
            39.9821971
          ]
        ]
      }
    },
    {
      "type": "Feature",
      "id": "way/1368356829",
      "properties": {
        "highway": "footway",
        "osm_id": "1368356829",
        "osm_type": "way"
      },
      "geometry": {
        "type": "LineString",
        "coordinates": [
          [
            116.3435049,
            39.9826216
          ],
          [
            116.3435165,
            39.9825688
          ],
          [
            116.3435487,
            39.9825421
          ],
          [
            116.3436042,
            39.9825153
          ]
        ]
      }
    },
    {
      "type": "Feature",
      "id": "way/1368356830",
      "properties": {
        "building": "yes",
        "name": "国际学院",
        "osm_id": "1368356830",
        "osm_type": "way"
      },
      "geometry": {
        "type": "Polygon",
        "coordinates": [
          [
            [
              116.3430176,
              39.9828175
            ],
            [
              116.343039,
              39.9824146
            ],
            [
              116.3432456,
              39.9824126
            ],
            [
              116.3432419,
              39.9824922
            ],
            [
              116.3432305,
              39.982743
            ],
            [
              116.3432268,
              39.9828236
            ],
            [
              116.3430176,
              39.9828175
            ]
          ]
        ]
      }
    },
    {
      "type": "Feature",
      "id": "way/1368356831",
      "properties": {
        "highway": "footway",
        "osm_id": "1368356831",
        "osm_type": "way"
      },
      "geometry": {
        "type": "LineString",
        "coordinates": [
          [
            116.3423041,
            39.9821618
          ],
          [
            116.3419045,
            39.9821495
          ],
          [
            116.3418571,
            39.9833172
          ],
          [
            116.3418546,
            39.9833628
          ]
        ]
      }
    },
    {
      "type": "Feature",
      "id": "way/1368356832",
      "properties": {
        "highway": "footway",
        "osm_id": "1368356832",
        "osm_type": "way"
      },
      "geometry": {
        "type": "LineString",
        "coordinates": [
          [
            116.3421925,
            39.9829803
          ],
          [
            116.3423213,
            39.9829803
          ],
          [
            116.3424339,
            39.9830851
          ],
          [
            116.3424366,
            39.9832207
          ],
          [
            116.3422435,
            39.9833276
          ],
          [
            116.3418571,
            39.9833172
          ]
        ]
      }
    },
    {
      "type": "Feature",
      "id": "way/1368356833",
      "properties": {
        "highway": "footway",
        "osm_id": "1368356833",
        "osm_type": "way"
      },
      "geometry": {
        "type": "LineString",
        "coordinates": [
          [
            116.3432582,
            39.982812
          ],
          [
            116.3433809,
            39.9828135
          ],
          [
            116.3434225,
            39.9828145
          ],
          [
            116.3434628,
            39.9828197
          ],
          [
            116.3434842,
            39.9828289
          ],
          [
            116.3435384,
            39.9828477
          ]
        ]
      }
    },
    {
      "type": "Feature",
      "id": "way/1368356834",
      "properties": {
        "highway": "footway",
        "osm_id": "1368356834",
        "osm_type": "way"
      },
      "geometry": {
        "type": "LineString",
        "coordinates": [
          [
            116.343445,
            39.983386
          ],
          [
            116.343368,
            39.9833074
          ],
          [
            116.3433743,
            39.9832612
          ],
          [
            116.343395,
            39.9832427
          ],
          [
            116.3434545,
            39.9831796
          ],
          [
            116.3435081,
            39.9831118
          ],
          [
            116.343535,
            39.9829782
          ],
          [
            116.3435384,
            39.9828477
          ]
        ]
      }
    },
    {
      "type": "Feature",
      "id": "way/1368356835",
      "properties": {
        "highway": "footway",
        "osm_id": "1368356835",
        "osm_type": "way"
      },
      "geometry": {
        "type": "LineString",
        "coordinates": [
          [
            116.3432433,
            39.9831386
          ],
          [
            116.3433579,
            39.9830933
          ],
          [
            116.3435081,
            39.9831118
          ]
        ]
      }
    },
    {
      "type": "Feature",
      "id": "way/1368356836",
      "properties": {
        "highway": "footway",
        "osm_id": "1368356836",
        "osm_type": "way"
      },
      "geometry": {
        "type": "LineString",
        "coordinates": [
          [
            116.343274,
            39.9824622
          ],
          [
            116.3435224,
            39.9824706
          ]
        ]
      }
    },
    {
      "type": "Feature",
      "id": "way/1368356837",
      "properties": {
        "highway": "footway",
        "osm_id": "1368356837",
        "osm_type": "way"
      },
      "geometry": {
        "type": "LineString",
        "coordinates": [
          [
            116.3438238,
            39.9821245
          ],
          [
            116.3439269,
            39.982126
          ]
        ]
      }
    },
    {
      "type": "Feature",
      "id": "way/1368356838",
      "properties": {
        "highway": "footway",
        "osm_id": "1368356838",
        "osm_type": "way"
      },
      "geometry": {
        "type": "LineString",
        "coordinates": [
          [
            116.3435224,
            39.9824706
          ],
          [
            116.3436042,
            39.9825153
          ]
        ]
      }
    },
    {
      "type": "Feature",
      "id": "way/1368356839",
      "properties": {
        "highway": "footway",
        "osm_id": "1368356839",
        "osm_type": "way"
      },
      "geometry": {
        "type": "LineString",
        "coordinates": [
          [
            116.3438437,
            39.9826935
          ],
          [
            116.3438331,
            39.9827415
          ],
          [
            116.3438107,
            39.9827696
          ],
          [
            116.3437799,
            39.9828066
          ],
          [
            116.3437477,
            39.9828333
          ],
          [
            116.3436565,
            39.9828416
          ],
          [
            116.3435384,
            39.9828477
          ]
        ]
      }
    },
    {
      "type": "Feature",
      "id": "way/1368356840",
      "properties": {
        "highway": "footway",
        "osm_id": "1368356840",
        "osm_type": "way"
      },
      "geometry": {
        "type": "LineString",
        "coordinates": [
          [
            116.3435081,
            39.9831118
          ],
          [
            116.3436055,
            39.9831355
          ],
          [
            116.3436433,
            39.9831682
          ],
          [
            116.3436672,
            39.9831889
          ],
          [
            116.3437558,
            39.983267
          ],
          [
            116.3438335,
            39.983304
          ],
          [
            116.3438741,
            39.983312
          ]
        ]
      }
    },
    {
      "type": "Feature",
      "id": "way/1368356841",
      "properties": {
        "highway": "footway",
        "osm_id": "1368356841",
        "osm_type": "way"
      },
      "geometry": {
        "type": "LineString",
        "coordinates": [
          [
            116.3436433,
            39.9831682
          ],
          [
            116.3436967,
            39.9830533
          ],
          [
            116.3437289,
            39.9829628
          ],
          [
            116.3437477,
            39.9828333
          ]
        ]
      }
    },
    {
      "type": "Feature",
      "id": "way/1368356842",
      "properties": {
        "highway": "footway",
        "osm_id": "1368356842",
        "osm_type": "way"
      },
      "geometry": {
        "type": "LineString",
        "coordinates": [
          [
            116.3438437,
            39.9826935
          ],
          [
            116.3438976,
            39.9827129
          ]
        ]
      }
    },
    {
      "type": "Feature",
      "id": "way/1368356844",
      "properties": {
        "highway": "footway",
        "osm_id": "1368356844",
        "osm_type": "way"
      },
      "geometry": {
        "type": "LineString",
        "coordinates": [
          [
            116.3456626,
            39.9828868
          ],
          [
            116.3468064,
            39.9829195
          ]
        ]
      }
    },
    {
      "type": "Feature",
      "id": "way/1368356848",
      "properties": {
        "highway": "footway",
        "osm_id": "1368356848",
        "osm_type": "way"
      },
      "geometry": {
        "type": "LineString",
        "coordinates": [
          [
            116.3417995,
            39.9834085
          ],
          [
            116.3417764,
            39.9839614
          ],
          [
            116.3422886,
            39.9839745
          ],
          [
            116.3422939,
            39.9838676
          ],
          [
            116.3432275,
            39.9839018
          ]
        ]
      }
    },
    {
      "type": "Feature",
      "id": "way/1368356849",
      "properties": {
        "highway": "footway",
        "indoor": "yes",
        "surface": "tiles",
        "osm_id": "1368356849",
        "osm_type": "way"
      },
      "geometry": {
        "type": "LineString",
        "coordinates": [
          [
            116.3441165,
            39.9827204
          ],
          [
            116.3442466,
            39.982727
          ],
          [
            116.3448514,
            39.9827619
          ],
          [
            116.3452119,
            39.9827769
          ]
        ]
      }
    },
    {
      "type": "Feature",
      "id": "way/1368356851",
      "properties": {
        "highway": "footway",
        "osm_id": "1368356851",
        "osm_type": "way"
      },
      "geometry": {
        "type": "LineString",
        "coordinates": [
          [
            116.344971,
            39.9820161
          ],
          [
            116.3449627,
            39.9821556
          ]
        ]
      }
    },
    {
      "type": "Feature",
      "id": "way/1368356852",
      "properties": {
        "highway": "footway",
        "osm_id": "1368356852",
        "osm_type": "way"
      },
      "geometry": {
        "type": "LineString",
        "coordinates": [
          [
            116.3434758,
            39.9811054
          ],
          [
            116.3438845,
            39.9811239
          ]
        ]
      }
    },
    {
      "type": "Feature",
      "id": "way/1368356853",
      "properties": {
        "highway": "footway",
        "osm_id": "1368356853",
        "osm_type": "way"
      },
      "geometry": {
        "type": "LineString",
        "coordinates": [
          [
            116.3434881,
            39.9808075
          ],
          [
            116.3441179,
            39.9808156
          ],
          [
            116.3441447,
            39.9801682
          ]
        ]
      }
    },
    {
      "type": "Feature",
      "id": "way/1368362577",
      "properties": {
        "highway": "footway",
        "osm_id": "1368362577",
        "osm_type": "way"
      },
      "geometry": {
        "type": "LineString",
        "coordinates": [
          [
            116.338082,
            39.9839582
          ],
          [
            116.3380941,
            39.9837363
          ],
          [
            116.3379647,
            39.9837331
          ]
        ]
      }
    },
    {
      "type": "Feature",
      "id": "way/1368362578",
      "properties": {
        "highway": "footway",
        "surface": "paving_stones",
        "osm_id": "1368362578",
        "osm_type": "way"
      },
      "geometry": {
        "type": "LineString",
        "coordinates": [
          [
            116.3390689,
            39.9837373
          ],
          [
            116.3389873,
            39.9837358
          ],
          [
            116.3382282,
            39.9837219
          ]
        ]
      }
    },
    {
      "type": "Feature",
      "id": "way/1368362579",
      "properties": {
        "highway": "footway",
        "surface": "paving_stones",
        "osm_id": "1368362579",
        "osm_type": "way"
      },
      "geometry": {
        "type": "LineString",
        "coordinates": [
          [
            116.3389873,
            39.9837358
          ],
          [
            116.3389873,
            39.9838298
          ],
          [
            116.3390655,
            39.9838329
          ]
        ]
      }
    },
    {
      "type": "Feature",
      "id": "way/1368362580",
      "properties": {
        "highway": "footway",
        "osm_id": "1368362580",
        "osm_type": "way"
      },
      "geometry": {
        "type": "LineString",
        "coordinates": [
          [
            116.3374602,
            39.9798068
          ],
          [
            116.3374745,
            39.9795544
          ]
        ]
      }
    },
    {
      "type": "Feature",
      "id": "way/1368362581",
      "properties": {
        "highway": "footway",
        "osm_id": "1368362581",
        "osm_type": "way"
      },
      "geometry": {
        "type": "LineString",
        "coordinates": [
          [
            116.3382083,
            39.9788288
          ],
          [
            116.3384168,
            39.9788452
          ]
        ]
      }
    },
    {
      "type": "Feature",
      "id": "way/1368385729",
      "properties": {
        "highway": "footway",
        "osm_id": "1368385729",
        "osm_type": "way"
      },
      "geometry": {
        "type": "LineString",
        "coordinates": [
          [
            116.341709,
            39.9810976
          ],
          [
            116.3410583,
            39.9810889
          ]
        ]
      }
    },
    {
      "type": "Feature",
      "id": "way/1368385730",
      "properties": {
        "brand": "物美",
        "brand:en": "Wumart",
        "brand:wikidata": "Q8039225",
        "brand:zh": "物美",
        "building": "yes",
        "name": "物美",
        "name:en": "Wumart",
        "name:zh": "物美",
        "shop": "supermarket",
        "osm_id": "1368385730",
        "osm_type": "way"
      },
      "geometry": {
        "type": "Polygon",
        "coordinates": [
          [
            [
              116.3388598,
              39.9806632
            ],
            [
              116.3386319,
              39.980655
            ],
            [
              116.3386428,
              39.9803863
            ],
            [
              116.3388683,
              39.9803923
            ],
            [
              116.3388639,
              39.9805316
            ],
            [
              116.3388598,
              39.9806632
            ]
          ]
        ]
      }
    },
    {
      "type": "Feature",
      "id": "way/1368385731",
      "properties": {
        "brand": "物美",
        "brand:en": "Wumart",
        "brand:wikidata": "Q8039225",
        "brand:zh": "物美",
        "building": "yes",
        "layer": "-1",
        "level": "-1",
        "name": "物美",
        "name:en": "Wumart",
        "name:zh": "物美",
        "shop": "supermarket",
        "osm_id": "1368385731",
        "osm_type": "way"
      },
      "geometry": {
        "type": "Polygon",
        "coordinates": [
          [
            [
              116.3408729,
              39.9802236
            ],
            [
              116.3409036,
              39.9802241
            ],
            [
              116.3411674,
              39.9802276
            ],
            [
              116.3412205,
              39.980227
            ],
            [
              116.3417223,
              39.9802397
            ],
            [
              116.3417249,
              39.9801026
            ],
            [
              116.3416816,
              39.9801021
            ],
            [
              116.3409861,
              39.9800944
            ],
            [
              116.3408766,
              39.9800925
            ],
            [
              116.3408729,
              39.9802236
            ]
          ]
        ]
      }
    },
    {
      "type": "Feature",
      "id": "way/1368385732",
      "properties": {
        "highway": "footway",
        "osm_id": "1368385732",
        "osm_type": "way"
      },
      "geometry": {
        "type": "LineString",
        "coordinates": [
          [
            116.3383847,
            39.9803115
          ],
          [
            116.3383183,
            39.9814369
          ]
        ]
      }
    },
    {
      "type": "Feature",
      "id": "way/1368385733",
      "properties": {
        "highway": "footway",
        "osm_id": "1368385733",
        "osm_type": "way"
      },
      "geometry": {
        "type": "LineString",
        "coordinates": [
          [
            116.341482,
            39.9821605
          ],
          [
            116.3416571,
            39.9821579
          ]
        ]
      }
    },
    {
      "type": "Feature",
      "id": "way/1368385734",
      "properties": {
        "highway": "footway",
        "osm_id": "1368385734",
        "osm_type": "way"
      },
      "geometry": {
        "type": "LineString",
        "coordinates": [
          [
            116.3411985,
            39.9830821
          ],
          [
            116.3411907,
            39.9832189
          ],
          [
            116.3413892,
            39.9832271
          ],
          [
            116.3415609,
            39.9833052
          ],
          [
            116.3415534,
            39.9833785
          ]
        ]
      }
    },
    {
      "type": "Feature",
      "id": "way/1368385735",
      "properties": {
        "highway": "footway",
        "osm_id": "1368385735",
        "osm_type": "way"
      },
      "geometry": {
        "type": "LineString",
        "coordinates": [
          [
            116.340989,
            39.9820946
          ],
          [
            116.340944,
            39.9821677
          ],
          [
            116.3409547,
            39.9822149
          ],
          [
            116.3409466,
            39.9822663
          ],
          [
            116.3409305,
            39.9823074
          ],
          [
            116.3409064,
            39.9823711
          ],
          [
            116.3408796,
            39.9824225
          ],
          [
            116.3408474,
            39.9824698
          ],
          [
            116.3408206,
            39.9825109
          ],
          [
            116.3407616,
            39.9825396
          ],
          [
            116.3407052,
            39.9825602
          ],
          [
            116.3406865,
            39.982591
          ],
          [
            116.3406704,
            39.9826506
          ],
          [
            116.3406838,
            39.9826856
          ],
          [
            116.3407079,
            39.9827287
          ],
          [
            116.3407562,
            39.9827842
          ],
          [
            116.3407642,
            39.9828192
          ],
          [
            116.3407911,
            39.9828541
          ],
          [
            116.3408715,
            39.9828829
          ],
          [
            116.3409681,
            39.9828911
          ],
          [
            116.3410727,
            39.982889
          ],
          [
            116.3411398,
            39.9828705
          ],
          [
            116.3412175,
            39.9828418
          ],
          [
            116.3412926,
            39.9828109
          ],
          [
            116.3413436,
            39.9827678
          ],
          [
            116.3413892,
            39.9827287
          ],
          [
            116.3414362,
            39.9826852
          ]
        ]
      }
    },
    {
      "type": "Feature",
      "id": "way/1368385736",
      "properties": {
        "highway": "service",
        "osm_id": "1368385736",
        "osm_type": "way"
      },
      "geometry": {
        "type": "LineString",
        "coordinates": [
          [
            116.3405912,
            39.9840276
          ],
          [
            116.3408662,
            39.9840398
          ],
          [
            116.341239,
            39.9840564
          ]
        ]
      }
    },
    {
      "type": "Feature",
      "id": "way/1368385737",
      "properties": {
        "highway": "service",
        "osm_id": "1368385737",
        "osm_type": "way"
      },
      "geometry": {
        "type": "LineString",
        "coordinates": [
          [
            116.3408662,
            39.9840398
          ],
          [
            116.34081,
            39.9837193
          ]
        ]
      }
    },
    {
      "type": "Feature",
      "id": "way/1368385739",
      "properties": {
        "building": "yes",
        "layer": "-1",
        "name": "新北地下超市",
        "shop": "yes",
        "osm_id": "1368385739",
        "osm_type": "way"
      },
      "geometry": {
        "type": "Polygon",
        "coordinates": [
          [
            [
              116.3393779,
              39.9836634
            ],
            [
              116.3393042,
              39.9836636
            ],
            [
              116.3391848,
              39.9836602
            ],
            [
              116.3391957,
              39.9834317
            ],
            [
              116.3393864,
              39.9834367
            ],
            [
              116.3393811,
              39.9835501
            ],
            [
              116.339381,
              39.9836015
            ],
            [
              116.3393779,
              39.9836634
            ]
          ]
        ]
      }
    },
    {
      "type": "Feature",
      "id": "way/1368385740",
      "properties": {
        "amenity": "cafe",
        "brand": "库迪咖啡",
        "brand:en": "Cotti Coffee",
        "brand:wikidata": "Q123370986",
        "brand:zh": "库迪咖啡",
        "building": "yes",
        "cuisine": "coffee_shop",
        "layer": "-2",
        "name": "库迪咖啡",
        "name:en": "Cotti Coffee",
        "name:zh": "库迪咖啡",
        "takeaway": "yes",
        "osm_id": "1368385740",
        "osm_type": "way"
      },
      "geometry": {
        "type": "Polygon",
        "coordinates": [
          [
            [
              116.3402544,
              39.9837002
            ],
            [
              116.3402578,
              39.983564
            ],
            [
              116.3404574,
              39.983567
            ],
            [
              116.3404539,
              39.9837032
            ],
            [
              116.3403893,
              39.9837023
            ],
            [
              116.3402544,
              39.9837002
            ]
          ]
        ]
      }
    },
    {
      "type": "Feature",
      "id": "way/1368385741",
      "properties": {
        "building": "yes",
        "layer": "-1",
        "leisure": "fitness_centre",
        "name": "新北地下健身房",
        "osm_id": "1368385741",
        "osm_type": "way"
      },
      "geometry": {
        "type": "Polygon",
        "coordinates": [
          [
            [
              116.3391248,
              39.9842919
            ],
            [
              116.3393335,
              39.9843006
            ],
            [
              116.3393498,
              39.9840477
            ],
            [
              116.3393534,
              39.9840013
            ],
            [
              116.339136,
              39.9839964
            ],
            [
              116.3391248,
              39.9842919
            ]
          ]
        ]
      }
    },
    {
      "type": "Feature",
      "id": "way/1368519362",
      "properties": {
        "highway": "footway",
        "osm_id": "1368519362",
        "osm_type": "way"
      },
      "geometry": {
        "type": "LineString",
        "coordinates": [
          [
            116.3441447,
            39.9801682
          ],
          [
            116.3440447,
            39.9801652
          ],
          [
            116.3435151,
            39.9801493
          ]
        ]
      }
    },
    {
      "type": "Feature",
      "id": "way/1368519363",
      "properties": {
        "highway": "footway",
        "osm_id": "1368519363",
        "osm_type": "way"
      },
      "geometry": {
        "type": "LineString",
        "coordinates": [
          [
            116.3440447,
            39.9801652
          ],
          [
            116.344046,
            39.9800634
          ]
        ]
      }
    },
    {
      "type": "Feature",
      "id": "way/1368519364",
      "properties": {
        "highway": "footway",
        "surface": "paving_stones",
        "osm_id": "1368519364",
        "osm_type": "way"
      },
      "geometry": {
        "type": "LineString",
        "coordinates": [
          [
            116.3441447,
            39.9801682
          ],
          [
            116.3445245,
            39.9801783
          ],
          [
            116.3455277,
            39.980205
          ],
          [
            116.3463432,
            39.9802266
          ],
          [
            116.3466933,
            39.9802359
          ]
        ]
      }
    },
    {
      "type": "Feature",
      "id": "way/1368519365",
      "properties": {
        "highway": "footway",
        "surface": "asphalt",
        "osm_id": "1368519365",
        "osm_type": "way"
      },
      "geometry": {
        "type": "LineString",
        "coordinates": [
          [
            116.3445245,
            39.9801783
          ],
          [
            116.3445261,
            39.9800782
          ],
          [
            116.3445265,
            39.9800426
          ],
          [
            116.3445269,
            39.9800132
          ]
        ]
      }
    },
    {
      "type": "Feature",
      "id": "way/1368519366",
      "properties": {
        "highway": "footway",
        "surface": "asphalt",
        "osm_id": "1368519366",
        "osm_type": "way"
      },
      "geometry": {
        "type": "LineString",
        "coordinates": [
          [
            116.3455277,
            39.980205
          ],
          [
            116.3455279,
            39.9801093
          ],
          [
            116.3455278,
            39.9800631
          ],
          [
            116.3455278,
            39.9800425
          ]
        ]
      }
    },
    {
      "type": "Feature",
      "id": "way/1368519367",
      "properties": {
        "highway": "footway",
        "osm_id": "1368519367",
        "osm_type": "way"
      },
      "geometry": {
        "type": "LineString",
        "coordinates": [
          [
            116.3463432,
            39.9802266
          ],
          [
            116.3463461,
            39.9801347
          ],
          [
            116.3463482,
            39.9800664
          ],
          [
            116.3463526,
            39.9799943
          ],
          [
            116.346362,
            39.9798388
          ]
        ]
      }
    },
    {
      "type": "Feature",
      "id": "way/1368519368",
      "properties": {
        "highway": "footway",
        "osm_id": "1368519368",
        "osm_type": "way"
      },
      "geometry": {
        "type": "LineString",
        "coordinates": [
          [
            116.3452355,
            39.9795019
          ],
          [
            116.3456056,
            39.9795126
          ],
          [
            116.3456206,
            39.979513
          ],
          [
            116.3459489,
            39.9795225
          ]
        ]
      }
    },
    {
      "type": "Feature",
      "id": "way/1368519369",
      "properties": {
        "highway": "footway",
        "osm_id": "1368519369",
        "osm_type": "way"
      },
      "geometry": {
        "type": "LineString",
        "coordinates": [
          [
            116.3451578,
            39.9793843
          ],
          [
            116.3447902,
            39.9793725
          ],
          [
            116.344799,
            39.9791072
          ],
          [
            116.3448112,
            39.9787393
          ],
          [
            116.3448179,
            39.9785382
          ],
          [
            116.3448224,
            39.9784023
          ],
          [
            116.3456538,
            39.978422
          ],
          [
            116.3463888,
            39.9784393
          ],
          [
            116.3463616,
            39.9791505
          ],
          [
            116.3463513,
            39.9794197
          ],
          [
            116.3460964,
            39.9794141
          ]
        ]
      }
    },
    {
      "type": "Feature",
      "id": "way/1368519370",
      "properties": {
        "highway": "footway",
        "osm_id": "1368519370",
        "osm_type": "way"
      },
      "geometry": {
        "type": "LineString",
        "coordinates": [
          [
            116.3459495,
            39.9794087
          ],
          [
            116.3459489,
            39.9795225
          ],
          [
            116.3459302,
            39.9798286
          ]
        ]
      }
    },
    {
      "type": "Feature",
      "id": "way/1368519371",
      "properties": {
        "highway": "footway",
        "layer": "-1",
        "osm_id": "1368519371",
        "osm_type": "way"
      },
      "geometry": {
        "type": "LineString",
        "coordinates": [
          [
            116.3448224,
            39.9784023
          ],
          [
            116.3442258,
            39.9783881
          ]
        ]
      }
    },
    {
      "type": "Feature",
      "id": "way/1368519372",
      "properties": {
        "highway": "footway",
        "osm_id": "1368519372",
        "osm_type": "way"
      },
      "geometry": {
        "type": "LineString",
        "coordinates": [
          [
            116.3463888,
            39.9784393
          ],
          [
            116.346397,
            39.9780641
          ]
        ]
      }
    },
    {
      "type": "Feature",
      "id": "way/1368519373",
      "properties": {
        "highway": "footway",
        "osm_id": "1368519373",
        "osm_type": "way"
      },
      "geometry": {
        "type": "LineString",
        "coordinates": [
          [
            116.344799,
            39.9791072
          ],
          [
            116.3451764,
            39.9791155
          ],
          [
            116.3451578,
            39.9793843
          ],
          [
            116.3452408,
            39.9793837
          ],
          [
            116.345625,
            39.9793957
          ],
          [
            116.3459495,
            39.9794087
          ],
          [
            116.3460964,
            39.9794141
          ],
          [
            116.3461045,
            39.9791464
          ],
          [
            116.3461125,
            39.9787744
          ],
          [
            116.3461152,
            39.9786819
          ],
          [
            116.3456458,
            39.9786757
          ],
          [
            116.3452033,
            39.9786654
          ],
          [
            116.3452113,
            39.9785442
          ],
          [
            116.3448179,
            39.9785382
          ]
        ]
      }
    },
    {
      "type": "Feature",
      "id": "way/1368519374",
      "properties": {
        "highway": "footway",
        "osm_id": "1368519374",
        "osm_type": "way"
      },
      "geometry": {
        "type": "LineString",
        "coordinates": [
          [
            116.3451764,
            39.9791155
          ],
          [
            116.3451982,
            39.9787499
          ],
          [
            116.3452033,
            39.9786654
          ]
        ]
      }
    },
    {
      "type": "Feature",
      "id": "way/1368519375",
      "properties": {
        "highway": "footway",
        "osm_id": "1368519375",
        "osm_type": "way"
      },
      "geometry": {
        "type": "LineString",
        "coordinates": [
          [
            116.3456458,
            39.9786757
          ],
          [
            116.3456538,
            39.978422
          ]
        ]
      }
    },
    {
      "type": "Feature",
      "id": "way/1368519376",
      "properties": {
        "highway": "footway",
        "osm_id": "1368519376",
        "osm_type": "way"
      },
      "geometry": {
        "type": "LineString",
        "coordinates": [
          [
            116.3461045,
            39.9791464
          ],
          [
            116.3463616,
            39.9791505
          ]
        ]
      }
    },
    {
      "type": "Feature",
      "id": "way/1368519377",
      "properties": {
        "highway": "footway",
        "osm_id": "1368519377",
        "osm_type": "way"
      },
      "geometry": {
        "type": "LineString",
        "coordinates": [
          [
            116.3461125,
            39.9787744
          ],
          [
            116.3463543,
            39.9787803
          ]
        ]
      }
    },
    {
      "type": "Feature",
      "id": "way/1368519378",
      "properties": {
        "highway": "footway",
        "osm_id": "1368519378",
        "osm_type": "way"
      },
      "geometry": {
        "type": "LineString",
        "coordinates": [
          [
            116.3461152,
            39.9786819
          ],
          [
            116.3461179,
            39.9785709
          ],
          [
            116.346363,
            39.9785728
          ]
        ]
      }
    },
    {
      "type": "Feature",
      "id": "way/1368519379",
      "properties": {
        "highway": "footway",
        "osm_id": "1368519379",
        "osm_type": "way"
      },
      "geometry": {
        "type": "LineString",
        "coordinates": [
          [
            116.3451982,
            39.9787499
          ],
          [
            116.3448112,
            39.9787393
          ]
        ]
      }
    },
    {
      "type": "Feature",
      "id": "way/1368519380",
      "properties": {
        "highway": "residential",
        "osm_id": "1368519380",
        "osm_type": "way"
      },
      "geometry": {
        "type": "LineString",
        "coordinates": [
          [
            116.3407784,
            39.9770298
          ],
          [
            116.3404423,
            39.976756
          ],
          [
            116.3404584,
            39.9763716
          ],
          [
            116.3413114,
            39.976384
          ],
          [
            116.3413523,
            39.9764749
          ]
        ]
      }
    },
    {
      "type": "Feature",
      "id": "way/1368519381",
      "properties": {
        "highway": "footway",
        "osm_id": "1368519381",
        "osm_type": "way"
      },
      "geometry": {
        "type": "LineString",
        "coordinates": [
          [
            116.3427223,
            39.9779779
          ],
          [
            116.34276,
            39.9769226
          ]
        ]
      }
    },
    {
      "type": "Feature",
      "id": "way/1368519382",
      "properties": {
        "highway": "footway",
        "osm_id": "1368519382",
        "osm_type": "way"
      },
      "geometry": {
        "type": "LineString",
        "coordinates": [
          [
            116.3442258,
            39.9783881
          ],
          [
            116.3440443,
            39.9783781
          ]
        ]
      }
    },
    {
      "type": "Feature",
      "id": "way/1368519383",
      "properties": {
        "highway": "footway",
        "osm_id": "1368519383",
        "osm_type": "way"
      },
      "geometry": {
        "type": "LineString",
        "coordinates": [
          [
            116.3441945,
            39.979054
          ],
          [
            116.3439981,
            39.9790518
          ]
        ]
      }
    },
    {
      "type": "Feature",
      "id": "way/1368519384",
      "properties": {
        "highway": "footway",
        "osm_id": "1368519384",
        "osm_type": "way"
      },
      "geometry": {
        "type": "LineString",
        "coordinates": [
          [
            116.3441729,
            39.9795143
          ],
          [
            116.3439726,
            39.979512
          ]
        ]
      }
    },
    {
      "type": "Feature",
      "id": "way/1368519385",
      "properties": {
        "highway": "footway",
        "osm_id": "1368519385",
        "osm_type": "way"
      },
      "geometry": {
        "type": "LineString",
        "coordinates": [
          [
            116.3458257,
            39.9815228
          ],
          [
            116.3458443,
            39.9811092
          ],
          [
            116.3456083,
            39.9811051
          ]
        ]
      }
    },
    {
      "type": "Feature",
      "id": "way/1368519386",
      "properties": {
        "highway": "footway",
        "osm_id": "1368519386",
        "osm_type": "way"
      },
      "geometry": {
        "type": "LineString",
        "coordinates": [
          [
            116.3458443,
            39.9811092
          ],
          [
            116.3458604,
            39.9808132
          ],
          [
            116.3466761,
            39.9808337
          ]
        ]
      }
    },
    {
      "type": "Feature",
      "id": "way/1368834144",
      "properties": {
        "building": "yes",
        "name": "15号公寓功能房",
        "osm_id": "1368834144",
        "osm_type": "way"
      },
      "geometry": {
        "type": "Polygon",
        "coordinates": [
          [
            [
              116.3396641,
              39.984303
            ],
            [
              116.3396671,
              39.984151
            ],
            [
              116.339917,
              39.984154
            ],
            [
              116.3399139,
              39.9843059
            ],
            [
              116.3396641,
              39.984303
            ]
          ]
        ]
      }
    },
    {
      "type": "Feature",
      "id": "way/1378216757",
      "properties": {
        "building": "service",
        "osm_id": "1378216757",
        "osm_type": "way"
      },
      "geometry": {
        "type": "Polygon",
        "coordinates": [
          [
            [
              116.3380047,
              39.9779595
            ],
            [
              116.3380075,
              39.9778638
            ],
            [
              116.3381659,
              39.9778665
            ],
            [
              116.3381642,
              39.9779251
            ],
            [
              116.3381352,
              39.9779246
            ],
            [
              116.3381341,
              39.9779617
            ],
            [
              116.3380047,
              39.9779595
            ]
          ]
        ]
      }
    },
    {
      "type": "Feature",
      "id": "way/1381019523",
      "properties": {
        "highway": "cycleway",
        "oneway": "yes",
        "osm_id": "1381019523",
        "osm_type": "way"
      },
      "geometry": {
        "type": "LineString",
        "coordinates": [
          [
            116.3467415,
            39.9858481
          ],
          [
            116.3443785,
            39.9857596
          ],
          [
            116.3443242,
            39.9857465
          ],
          [
            116.3441482,
            39.9857037
          ],
          [
            116.3423637,
            39.9856596
          ],
          [
            116.3418415,
            39.9856468
          ],
          [
            116.3406738,
            39.9856179
          ],
          [
            116.3398585,
            39.9855978
          ],
          [
            116.3393254,
            39.9855847
          ],
          [
            116.339022,
            39.9855772
          ],
          [
            116.3386681,
            39.9855927
          ],
          [
            116.3384178,
            39.9855908
          ],
          [
            116.3384029,
            39.9855907
          ],
          [
            116.3383513,
            39.9855811
          ],
          [
            116.3381592,
            39.9855454
          ],
          [
            116.3380765,
            39.9855255
          ],
          [
            116.3348008,
            39.9854027
          ]
        ]
      }
    },
    {
      "type": "Feature",
      "id": "way/1381019524",
      "properties": {
        "highway": "cycleway",
        "layer": "-1",
        "oneway": "yes",
        "tunnel": "yes",
        "osm_id": "1381019524",
        "osm_type": "way"
      },
      "geometry": {
        "type": "LineString",
        "coordinates": [
          [
            116.3348008,
            39.9854027
          ],
          [
            116.3342865,
            39.9853871
          ]
        ]
      }
    },
    {
      "type": "Feature",
      "id": "way/1381019525",
      "properties": {
        "highway": "footway",
        "osm_id": "1381019525",
        "osm_type": "way"
      },
      "geometry": {
        "type": "LineString",
        "coordinates": [
          [
            116.3415841,
            39.9856485
          ],
          [
            116.3406726,
            39.9856385
          ],
          [
            116.3402349,
            39.9856208
          ],
          [
            116.3400764,
            39.9856189
          ],
          [
            116.3398564,
            39.9856186
          ],
          [
            116.3397858,
            39.9856153
          ],
          [
            116.3396487,
            39.9856113
          ]
        ]
      }
    },
    {
      "type": "Feature",
      "id": "way/1381019526",
      "properties": {
        "highway": "footway",
        "osm_id": "1381019526",
        "osm_type": "way"
      },
      "geometry": {
        "type": "LineString",
        "coordinates": [
          [
            116.3421059,
            39.985667
          ],
          [
            116.3421091,
            39.9856877
          ],
          [
            116.3418371,
            39.9856828
          ],
          [
            116.3415861,
            39.9856782
          ],
          [
            116.3415841,
            39.9856485
          ]
        ]
      }
    },
    {
      "type": "Feature",
      "id": "way/1381019528",
      "properties": {
        "highway": "cycleway",
        "junction": "roundabout",
        "osm_id": "1381019528",
        "osm_type": "way"
      },
      "geometry": {
        "type": "LineString",
        "coordinates": [
          [
            116.3469296,
            39.9860019
          ],
          [
            116.3467415,
            39.9858481
          ],
          [
            116.3467422,
            39.9857987
          ],
          [
            116.3467514,
            39.9851364
          ],
          [
            116.3467516,
            39.9851196
          ],
          [
            116.3469989,
            39.9850003
          ],
          [
            116.3470506,
            39.9850014
          ],
          [
            116.3475942,
            39.9850128
          ],
          [
            116.3476299,
            39.9850136
          ],
          [
            116.3478361,
            39.9852049
          ],
          [
            116.3478518,
            39.9852194
          ],
          [
            116.3478231,
            39.9858808
          ],
          [
            116.3478203,
            39.9859462
          ],
          [
            116.3476147,
            39.9860429
          ],
          [
            116.3475009,
            39.9860361
          ],
          [
            116.3469512,
            39.9860032
          ],
          [
            116.3469296,
            39.9860019
          ]
        ]
      }
    },
    {
      "type": "Feature",
      "id": "way/1383685767",
      "properties": {
        "highway": "footway",
        "surface": "paving_stones",
        "osm_id": "1383685767",
        "osm_type": "way"
      },
      "geometry": {
        "type": "LineString",
        "coordinates": [
          [
            116.3409036,
            39.9802241
          ],
          [
            116.3409034,
            39.9802329
          ],
          [
            116.3409019,
            39.9803567
          ]
        ]
      }
    },
    {
      "type": "Feature",
      "id": "way/1383685768",
      "properties": {
        "highway": "service",
        "lit": "yes",
        "surface": "asphalt",
        "osm_id": "1383685768",
        "osm_type": "way"
      },
      "geometry": {
        "type": "LineString",
        "coordinates": [
          [
            116.3407724,
            39.9803545
          ],
          [
            116.3407736,
            39.9803329
          ],
          [
            116.3407807,
            39.9802308
          ],
          [
            116.3407915,
            39.9800117
          ],
          [
            116.3407942,
            39.9799623
          ],
          [
            116.3407972,
            39.9799043
          ]
        ]
      }
    },
    {
      "type": "Feature",
      "id": "way/1383685769",
      "properties": {
        "highway": "footway",
        "surface": "stepping_stones",
        "osm_id": "1383685769",
        "osm_type": "way"
      },
      "geometry": {
        "type": "LineString",
        "coordinates": [
          [
            116.3407807,
            39.9802308
          ],
          [
            116.3409034,
            39.9802329
          ]
        ]
      }
    },
    {
      "type": "Feature",
      "id": "way/1383685770",
      "properties": {
        "highway": "footway",
        "surface": "paving_stones",
        "osm_id": "1383685770",
        "osm_type": "way"
      },
      "geometry": {
        "type": "LineString",
        "coordinates": [
          [
            116.3412154,
            39.9803621
          ],
          [
            116.3412168,
            39.9803236
          ],
          [
            116.3412205,
            39.980227
          ]
        ]
      }
    },
    {
      "type": "Feature",
      "id": "way/1383685771",
      "properties": {
        "highway": "footway",
        "incline": "down",
        "surface": "paving_stones",
        "osm_id": "1383685771",
        "osm_type": "way"
      },
      "geometry": {
        "type": "LineString",
        "coordinates": [
          [
            116.3416816,
            39.9801021
          ],
          [
            116.3416819,
            39.9800549
          ]
        ]
      }
    },
    {
      "type": "Feature",
      "id": "way/1383685772",
      "properties": {
        "highway": "footway",
        "surface": "paving_stones",
        "osm_id": "1383685772",
        "osm_type": "way"
      },
      "geometry": {
        "type": "LineString",
        "coordinates": [
          [
            116.3416819,
            39.9800549
          ],
          [
            116.3417529,
            39.9800559
          ]
        ]
      }
    },
    {
      "type": "Feature",
      "id": "way/1383685773",
      "properties": {
        "footway": "sidewalk",
        "highway": "footway",
        "surface": "paving_stones",
        "osm_id": "1383685773",
        "osm_type": "way"
      },
      "geometry": {
        "type": "LineString",
        "coordinates": [
          [
            116.3419889,
            39.9752226
          ],
          [
            116.3419586,
            39.9758303
          ],
          [
            116.3419258,
            39.9764886
          ],
          [
            116.3418955,
            39.9770747
          ],
          [
            116.3418744,
            39.9776159
          ],
          [
            116.341855,
            39.9780195
          ],
          [
            116.3417791,
            39.9795006
          ],
          [
            116.3417625,
            39.9798523
          ],
          [
            116.3417588,
            39.9799324
          ],
          [
            116.3417559,
            39.9799921
          ],
          [
            116.3417529,
            39.9800559
          ],
          [
            116.3417431,
            39.9803712
          ],
          [
            116.3417415,
            39.9804062
          ],
          [
            116.3417227,
            39.9808186
          ],
          [
            116.3417155,
            39.9809652
          ],
          [
            116.341709,
            39.9810976
          ],
          [
            116.3416869,
            39.9815173
          ],
          [
            116.3416726,
            39.9818369
          ],
          [
            116.34167,
            39.981889
          ],
          [
            116.341668,
            39.9819309
          ],
          [
            116.3416571,
            39.9821579
          ],
          [
            116.3416025,
            39.9832929
          ],
          [
            116.3415995,
            39.983379
          ],
          [
            116.3415968,
            39.983421
          ],
          [
            116.3415813,
            39.9837276
          ],
          [
            116.341549,
            39.9844028
          ],
          [
            116.341522,
            39.9849648
          ]
        ]
      }
    },
    {
      "type": "Feature",
      "id": "way/1383685775",
      "properties": {
        "footway": "sidewalk",
        "highway": "footway",
        "surface": "paving_stones",
        "osm_id": "1383685775",
        "osm_type": "way"
      },
      "geometry": {
        "type": "LineString",
        "coordinates": [
          [
            116.34744,
            39.9801687
          ],
          [
            116.3472232,
            39.980162
          ],
          [
            116.3466992,
            39.9801457
          ],
          [
            116.3463461,
            39.9801347
          ],
          [
            116.3456889,
            39.9801143
          ],
          [
            116.3455279,
            39.9801093
          ],
          [
            116.3453909,
            39.980105
          ],
          [
            116.3446824,
            39.9800831
          ],
          [
            116.3445261,
            39.9800782
          ],
          [
            116.3440947,
            39.9800649
          ],
          [
            116.344046,
            39.9800634
          ],
          [
            116.3437506,
            39.9800542
          ],
          [
            116.3435193,
            39.9800469
          ],
          [
            116.3427466,
            39.9800229
          ],
          [
            116.3426693,
            39.9800205
          ],
          [
            116.3425645,
            39.9800174
          ],
          [
            116.3418749,
            39.9799967
          ],
          [
            116.3418156,
            39.9799941
          ],
          [
            116.3417559,
            39.9799921
          ],
          [
            116.3407942,
            39.9799623
          ],
          [
            116.3400354,
            39.9799387
          ],
          [
            116.3391881,
            39.9799124
          ],
          [
            116.3391022,
            39.9799097
          ],
          [
            116.3381519,
            39.9798802
          ]
        ]
      }
    },
    {
      "type": "Feature",
      "id": "way/1383746718",
      "properties": {
        "footway": "sidewalk",
        "highway": "footway",
        "surface": "paving_stones",
        "osm_id": "1383746718",
        "osm_type": "way"
      },
      "geometry": {
        "type": "LineString",
        "coordinates": [
          [
            116.3407736,
            39.9803329
          ],
          [
            116.3400173,
            39.9803187
          ],
          [
            116.3391695,
            39.9803028
          ]
        ]
      }
    },
    {
      "type": "Feature",
      "id": "way/1383746719",
      "properties": {
        "highway": "service",
        "oneway": "no",
        "surface": "asphalt",
        "osm_id": "1383746719",
        "osm_type": "way"
      },
      "geometry": {
        "type": "LineString",
        "coordinates": [
          [
            116.3386431,
            39.9803158
          ],
          [
            116.3386899,
            39.9803177
          ],
          [
            116.3388702,
            39.9803204
          ],
          [
            116.3389829,
            39.9803238
          ]
        ]
      }
    },
    {
      "type": "Feature",
      "id": "way/1383746720",
      "properties": {
        "highway": "footway",
        "surface": "paved",
        "osm_id": "1383746720",
        "osm_type": "way"
      },
      "geometry": {
        "type": "LineString",
        "coordinates": [
          [
            116.3406337,
            39.9805054
          ],
          [
            116.3406396,
            39.9803752
          ],
          [
            116.3406409,
            39.9803528
          ]
        ]
      }
    },
    {
      "type": "Feature",
      "id": "way/1383746721",
      "properties": {
        "highway": "footway",
        "surface": "paved",
        "osm_id": "1383746721",
        "osm_type": "way"
      },
      "geometry": {
        "type": "LineString",
        "coordinates": [
          [
            116.3404917,
            39.9803497
          ],
          [
            116.3404867,
            39.9803689
          ],
          [
            116.3404591,
            39.980386
          ],
          [
            116.3404297,
            39.9803864
          ],
          [
            116.3404069,
            39.9803789
          ],
          [
            116.3403906,
            39.9803626
          ],
          [
            116.3403857,
            39.9803479
          ]
        ]
      }
    },
    {
      "type": "Feature",
      "id": "way/1383920602",
      "properties": {
        "highway": "footway",
        "surface": "paved",
        "osm_id": "1383920602",
        "osm_type": "way"
      },
      "geometry": {
        "type": "LineString",
        "coordinates": [
          [
            116.3394172,
            39.9803322
          ],
          [
            116.3394149,
            39.9804818
          ]
        ]
      }
    },
    {
      "type": "Feature",
      "id": "way/1383920604",
      "properties": {
        "highway": "footway",
        "surface": "paved",
        "osm_id": "1383920604",
        "osm_type": "way"
      },
      "geometry": {
        "type": "LineString",
        "coordinates": [
          [
            116.3388702,
            39.9803204
          ],
          [
            116.3388719,
            39.9802854
          ]
        ]
      }
    },
    {
      "type": "Feature",
      "id": "way/1384502078",
      "properties": {
        "highway": "footway",
        "surface": "paved",
        "osm_id": "1384502078",
        "osm_type": "way"
      },
      "geometry": {
        "type": "LineString",
        "coordinates": [
          [
            116.3395526,
            39.9803336
          ],
          [
            116.3395584,
            39.9803489
          ],
          [
            116.3395724,
            39.9803641
          ],
          [
            116.3395898,
            39.9803691
          ],
          [
            116.3396051,
            39.980365
          ],
          [
            116.3396168,
            39.9803543
          ],
          [
            116.339625,
            39.9803348
          ]
        ]
      }
    },
    {
      "type": "Feature",
      "id": "way/1384502079",
      "properties": {
        "highway": "footway",
        "surface": "paved",
        "osm_id": "1384502079",
        "osm_type": "way"
      },
      "geometry": {
        "type": "LineString",
        "coordinates": [
          [
            116.3390226,
            39.9803245
          ],
          [
            116.3390171,
            39.9804501
          ]
        ]
      }
    },
    {
      "type": "Feature",
      "id": "way/1385328383",
      "properties": {
        "access": "permissive",
        "bicycle": "no",
        "foot": "yes",
        "highway": "footway",
        "horse": "no",
        "informal": "yes",
        "motor_vehicle": "no",
        "smoothness": "impassable",
        "surface": "tartan",
        "osm_id": "1385328383",
        "osm_type": "way"
      },
      "geometry": {
        "type": "LineString",
        "coordinates": [
          [
            116.3402943,
            39.9798896
          ],
          [
            116.3402983,
            39.979807
          ],
          [
            116.340304,
            39.9796879
          ],
          [
            116.3403896,
            39.9780395
          ],
          [
            116.3403909,
            39.9779863
          ]
        ]
      }
    },
    {
      "type": "Feature",
      "id": "way/1385746144",
      "properties": {
        "highway": "residential",
        "surface": "asphalt",
        "osm_id": "1385746144",
        "osm_type": "way"
      },
      "geometry": {
        "type": "LineString",
        "coordinates": [
          [
            116.3418349,
            39.979503
          ],
          [
            116.3417791,
            39.9795006
          ],
          [
            116.3417296,
            39.9794992
          ]
        ]
      }
    },
    {
      "type": "Feature",
      "id": "way/1385746145",
      "properties": {
        "building": "yes",
        "osm_id": "1385746145",
        "osm_type": "way"
      },
      "geometry": {
        "type": "Polygon",
        "coordinates": [
          [
            [
              116.3417058,
              39.9790702
            ],
            [
              116.3417111,
              39.979009
            ],
            [
              116.3417615,
              39.9790116
            ],
            [
              116.3417561,
              39.9790728
            ],
            [
              116.3417058,
              39.9790702
            ]
          ]
        ]
      }
    },
    {
      "type": "Feature",
      "id": "way/1385746146",
      "properties": {
        "building": "yes",
        "osm_id": "1385746146",
        "osm_type": "way"
      },
      "geometry": {
        "type": "Polygon",
        "coordinates": [
          [
            [
              116.3417169,
              39.9789903
            ],
            [
              116.3417203,
              39.9789328
            ],
            [
              116.3417663,
              39.9789344
            ],
            [
              116.3417629,
              39.9789919
            ],
            [
              116.3417169,
              39.9789903
            ]
          ]
        ]
      }
    },
    {
      "type": "Feature",
      "id": "way/1388527789",
      "properties": {
        "highway": "service",
        "oneway": "no",
        "surface": "concrete",
        "osm_id": "1388527789",
        "osm_type": "way"
      },
      "geometry": {
        "type": "LineString",
        "coordinates": [
          [
            116.3413592,
            39.9846511
          ],
          [
            116.3413578,
            39.9846806
          ],
          [
            116.3413528,
            39.984785
          ],
          [
            116.3408138,
            39.9847726
          ]
        ]
      }
    },
    {
      "type": "Feature",
      "id": "way/1388527790",
      "properties": {
        "bicycle": "no",
        "highway": "footway",
        "surface": "concrete",
        "osm_id": "1388527790",
        "osm_type": "way"
      },
      "geometry": {
        "type": "LineString",
        "coordinates": [
          [
            116.3413578,
            39.9846806
          ],
          [
            116.3408111,
            39.9846717
          ]
        ]
      }
    },
    {
      "type": "Feature",
      "id": "way/1388527791",
      "properties": {
        "highway": "footway",
        "surface": "paving_stones",
        "osm_id": "1388527791",
        "osm_type": "way"
      },
      "geometry": {
        "type": "LineString",
        "coordinates": [
          [
            116.3408111,
            39.9846717
          ],
          [
            116.3407645,
            39.9846705
          ],
          [
            116.3405847,
            39.984667
          ],
          [
            116.3405474,
            39.9846562
          ],
          [
            116.340524,
            39.9846491
          ],
          [
            116.3404948,
            39.9846321
          ],
          [
            116.3404773,
            39.9846142
          ],
          [
            116.3404691,
            39.9845954
          ],
          [
            116.3404551,
            39.9845551
          ],
          [
            116.3404353,
            39.9844684
          ],
          [
            116.3404196,
            39.9844127
          ],
          [
            116.3404167,
            39.9844023
          ],
          [
            116.3404172,
            39.9843693
          ]
        ]
      }
    },
    {
      "type": "Feature",
      "id": "way/1388527792",
      "properties": {
        "highway": "footway",
        "surface": "paving_stones",
        "osm_id": "1388527792",
        "osm_type": "way"
      },
      "geometry": {
        "type": "LineString",
        "coordinates": [
          [
            116.3404773,
            39.9846142
          ],
          [
            116.3403043,
            39.9845616
          ]
        ]
      }
    },
    {
      "type": "Feature",
      "id": "way/1388527793",
      "properties": {
        "highway": "footway",
        "surface": "paving_stones",
        "osm_id": "1388527793",
        "osm_type": "way"
      },
      "geometry": {
        "type": "LineString",
        "coordinates": [
          [
            116.3403043,
            39.9845616
          ],
          [
            116.3403023,
            39.984544
          ],
          [
            116.3402974,
            39.9845288
          ],
          [
            116.3402885,
            39.9845137
          ],
          [
            116.3402668,
            39.9844932
          ],
          [
            116.340242,
            39.9844796
          ],
          [
            116.3402114,
            39.9844705
          ],
          [
            116.3401639,
            39.984475
          ],
          [
            116.3401185,
            39.9844781
          ],
          [
            116.3399929,
            39.9844781
          ],
          [
            116.3399395,
            39.9844796
          ],
          [
            116.3398852,
            39.9844819
          ],
          [
            116.3398348,
            39.9844796
          ],
          [
            116.3398262,
            39.9844779
          ],
          [
            116.3397853,
            39.9844697
          ],
          [
            116.3397132,
            39.9844546
          ],
          [
            116.3396647,
            39.9844432
          ],
          [
            116.3395985,
            39.9844372
          ],
          [
            116.339552,
            39.9844311
          ],
          [
            116.3395095,
            39.9844258
          ],
          [
            116.339467,
            39.984419
          ],
          [
            116.3394304,
            39.9844152
          ],
          [
            116.3393711,
            39.9844197
          ],
          [
            116.3393187,
            39.9844213
          ],
          [
            116.3392723,
            39.9844288
          ],
          [
            116.3391922,
            39.9844349
          ],
          [
            116.3391585,
            39.9844382
          ],
          [
            116.3391378,
            39.9844402
          ],
          [
            116.3390815,
            39.9844463
          ],
          [
            116.339032,
            39.9844523
          ],
          [
            116.3389846,
            39.9844622
          ],
          [
            116.3389686,
            39.9844657
          ],
          [
            116.3389409,
            39.9844719
          ],
          [
            116.3388981,
            39.9844814
          ],
          [
            116.3388678,
            39.9844899
          ],
          [
            116.3388278,
            39.9845004
          ]
        ]
      }
    },
    {
      "type": "Feature",
      "id": "way/1388527794",
      "properties": {
        "highway": "footway",
        "surface": "paving_stones",
        "osm_id": "1388527794",
        "osm_type": "way"
      },
      "geometry": {
        "type": "LineString",
        "coordinates": [
          [
            116.3403043,
            39.9845616
          ],
          [
            116.3402793,
            39.9845801
          ],
          [
            116.3402571,
            39.9846006
          ],
          [
            116.3402232,
            39.9846123
          ],
          [
            116.3401812,
            39.9846185
          ],
          [
            116.3401357,
            39.9846176
          ],
          [
            116.3400948,
            39.9846167
          ],
          [
            116.3400318,
            39.9846149
          ],
          [
            116.3399909,
            39.9846149
          ],
          [
            116.3399279,
            39.9846176
          ],
          [
            116.339866,
            39.9846212
          ],
          [
            116.3397994,
            39.9846257
          ],
          [
            116.3397516,
            39.9846301
          ],
          [
            116.3397407,
            39.9846312
          ],
          [
            116.3396862,
            39.9846364
          ],
          [
            116.3396547,
            39.9846382
          ],
          [
            116.3395986,
            39.9846427
          ],
          [
            116.3395578,
            39.9846427
          ],
          [
            116.3395099,
            39.98464
          ],
          [
            116.3394433,
            39.9846355
          ],
          [
            116.339385,
            39.9846301
          ],
          [
            116.3393453,
            39.9846257
          ],
          [
            116.3392776,
            39.9846131
          ],
          [
            116.3392274,
            39.9846042
          ],
          [
            116.3391596,
            39.9845926
          ],
          [
            116.3391048,
            39.9845827
          ],
          [
            116.3390627,
            39.9845747
          ],
          [
            116.3390114,
            39.9845684
          ],
          [
            116.3389728,
            39.9845657
          ],
          [
            116.3389655,
            39.9845655
          ],
          [
            116.3389423,
            39.9845649
          ],
          [
            116.3388871,
            39.9845617
          ],
          [
            116.3388168,
            39.9845628
          ],
          [
            116.3387479,
            39.9845691
          ],
          [
            116.3386665,
            39.9845754
          ],
          [
            116.3386114,
            39.9845754
          ],
          [
            116.3385493,
            39.9845776
          ],
          [
            116.3384873,
            39.9845807
          ],
          [
            116.33841,
            39.9845797
          ],
          [
            116.3383549,
            39.9845733
          ],
          [
            116.3382984,
            39.984568
          ],
          [
            116.3382377,
            39.9845511
          ],
          [
            116.3381853,
            39.9845416
          ],
          [
            116.3381398,
            39.9845332
          ],
          [
            116.338115,
            39.98453
          ]
        ]
      }
    },
    {
      "type": "Feature",
      "id": "way/1388527795",
      "properties": {
        "highway": "footway",
        "surface": "paving_stones",
        "osm_id": "1388527795",
        "osm_type": "way"
      },
      "geometry": {
        "type": "LineString",
        "coordinates": [
          [
            116.3397407,
            39.9846312
          ],
          [
            116.3397624,
            39.9846168
          ],
          [
            116.3397833,
            39.9846008
          ],
          [
            116.3397959,
            39.9845841
          ],
          [
            116.3398093,
            39.9845623
          ],
          [
            116.3398185,
            39.9845437
          ],
          [
            116.3398227,
            39.9845187
          ],
          [
            116.3398252,
            39.984495
          ],
          [
            116.3398262,
            39.9844779
          ]
        ]
      }
    },
    {
      "type": "Feature",
      "id": "way/1388527796",
      "properties": {
        "highway": "footway",
        "surface": "paving_stones",
        "osm_id": "1388527796",
        "osm_type": "way"
      },
      "geometry": {
        "type": "LineString",
        "coordinates": [
          [
            116.3390655,
            39.9838329
          ],
          [
            116.3391905,
            39.9838356
          ]
        ]
      }
    },
    {
      "type": "Feature",
      "id": "way/1388527797",
      "properties": {
        "handrail": "no",
        "highway": "steps",
        "incline": "down",
        "level": "0;-1",
        "surface": "paving_stones",
        "tactile_paving": "no",
        "osm_id": "1388527797",
        "osm_type": "way"
      },
      "geometry": {
        "type": "LineString",
        "coordinates": [
          [
            116.3391905,
            39.9838356
          ],
          [
            116.3393519,
            39.9838369
          ]
        ]
      }
    },
    {
      "type": "Feature",
      "id": "way/1388527800",
      "properties": {
        "highway": "footway",
        "surface": "paving_stones",
        "osm_id": "1388527800",
        "osm_type": "way"
      },
      "geometry": {
        "type": "LineString",
        "coordinates": [
          [
            116.3391852,
            39.9839112
          ],
          [
            116.3391905,
            39.9838356
          ],
          [
            116.3391955,
            39.9836747
          ]
        ]
      }
    },
    {
      "type": "Feature",
      "id": "way/1388527801",
      "properties": {
        "highway": "footway",
        "surface": "paving_stones",
        "osm_id": "1388527801",
        "osm_type": "way"
      },
      "geometry": {
        "type": "LineString",
        "coordinates": [
          [
            116.3405993,
            39.9838715
          ],
          [
            116.34032,
            39.9838669
          ]
        ]
      }
    },
    {
      "type": "Feature",
      "id": "way/1388527802",
      "properties": {
        "covered": "no",
        "handrail": "no",
        "highway": "steps",
        "incline": "down",
        "level": "0;-1",
        "surface": "paving_stones",
        "tactile_paving": "no",
        "osm_id": "1388527802",
        "osm_type": "way"
      },
      "geometry": {
        "type": "LineString",
        "coordinates": [
          [
            116.34032,
            39.9838669
          ],
          [
            116.3401516,
            39.9838625
          ]
        ]
      }
    },
    {
      "type": "Feature",
      "id": "way/1388527805",
      "properties": {
        "highway": "footway",
        "level": "-1",
        "surface": "paving_stones",
        "osm_id": "1388527805",
        "osm_type": "way"
      },
      "geometry": {
        "type": "LineString",
        "coordinates": [
          [
            116.3394249,
            39.9838375
          ],
          [
            116.3394274,
            39.9837382
          ],
          [
            116.3394304,
            39.9836174
          ],
          [
            116.3398925,
            39.9836242
          ],
          [
            116.3400843,
            39.983627
          ],
          [
            116.3400784,
            39.9838606
          ],
          [
            116.340077,
            39.9839177
          ],
          [
            116.3400733,
            39.9840671
          ],
          [
            116.3395659,
            39.9840597
          ],
          [
            116.3394195,
            39.9840576
          ],
          [
            116.3394249,
            39.9838375
          ]
        ]
      }
    },
    {
      "type": "Feature",
      "id": "way/1388527806",
      "properties": {
        "bicycle": "no",
        "highway": "footway",
        "level": "-1",
        "surface": "stepping_stones",
        "osm_id": "1388527806",
        "osm_type": "way"
      },
      "geometry": {
        "type": "LineString",
        "coordinates": [
          [
            116.3394274,
            39.9837382
          ],
          [
            116.3394548,
            39.9837604
          ],
          [
            116.3394782,
            39.9837774
          ],
          [
            116.3395015,
            39.9837908
          ],
          [
            116.3395319,
            39.9838025
          ],
          [
            116.3395669,
            39.9838186
          ],
          [
            116.3396124,
            39.9838383
          ],
          [
            116.339654,
            39.9838531
          ]
        ]
      }
    },
    {
      "type": "Feature",
      "id": "way/1388527807",
      "properties": {
        "highway": "footway",
        "level": "-1",
        "surface": "stepping_stones",
        "osm_id": "1388527807",
        "osm_type": "way"
      },
      "geometry": {
        "type": "LineString",
        "coordinates": [
          [
            116.339654,
            39.9838531
          ],
          [
            116.339639,
            39.9838765
          ],
          [
            116.3396319,
            39.983901
          ],
          [
            116.3396248,
            39.9839482
          ],
          [
            116.3396147,
            39.9839765
          ],
          [
            116.3396,
            39.9839987
          ],
          [
            116.3395659,
            39.9840597
          ]
        ]
      }
    },
    {
      "type": "Feature",
      "id": "way/1388527808",
      "properties": {
        "highway": "footway",
        "level": "-1",
        "surface": "stepping_stones",
        "osm_id": "1388527808",
        "osm_type": "way"
      },
      "geometry": {
        "type": "LineString",
        "coordinates": [
          [
            116.339654,
            39.9838531
          ],
          [
            116.3396683,
            39.9838407
          ],
          [
            116.3396941,
            39.9838218
          ],
          [
            116.3397265,
            39.9838071
          ],
          [
            116.3397595,
            39.9838002
          ],
          [
            116.3397865,
            39.9837979
          ],
          [
            116.3397937,
            39.9837974
          ]
        ]
      }
    },
    {
      "type": "Feature",
      "id": "way/1388527809",
      "properties": {
        "highway": "footway",
        "level": "-1",
        "surface": "stepping_stones",
        "osm_id": "1388527809",
        "osm_type": "way"
      },
      "geometry": {
        "type": "LineString",
        "coordinates": [
          [
            116.3397937,
            39.9837974
          ],
          [
            116.3398215,
            39.9838009
          ],
          [
            116.3398534,
            39.9838096
          ],
          [
            116.3398881,
            39.9838183
          ],
          [
            116.3399264,
            39.983834
          ],
          [
            116.3399597,
            39.9838525
          ],
          [
            116.3399958,
            39.9838726
          ],
          [
            116.3400306,
            39.9838916
          ],
          [
            116.340077,
            39.9839177
          ]
        ]
      }
    },
    {
      "type": "Feature",
      "id": "way/1388527810",
      "properties": {
        "highway": "footway",
        "level": "-1",
        "surface": "stepping_stones",
        "osm_id": "1388527810",
        "osm_type": "way"
      },
      "geometry": {
        "type": "LineString",
        "coordinates": [
          [
            116.3397937,
            39.9837974
          ],
          [
            116.3398094,
            39.9837672
          ],
          [
            116.3398271,
            39.9837461
          ],
          [
            116.3398569,
            39.9837113
          ],
          [
            116.3398782,
            39.9836852
          ],
          [
            116.339886,
            39.9836641
          ],
          [
            116.3398895,
            39.9836423
          ],
          [
            116.3398925,
            39.9836242
          ]
        ]
      }
    },
    {
      "type": "Feature",
      "id": "way/1388527811",
      "properties": {
        "highway": "footway",
        "surface": "paving_stones",
        "osm_id": "1388527811",
        "osm_type": "way"
      },
      "geometry": {
        "type": "LineString",
        "coordinates": [
          [
            116.3403173,
            39.9839439
          ],
          [
            116.34032,
            39.9838669
          ],
          [
            116.34032,
            39.9837521
          ]
        ]
      }
    },
    {
      "type": "Feature",
      "id": "way/1388527813",
      "properties": {
        "highway": "footway",
        "surface": "concrete",
        "osm_id": "1388527813",
        "osm_type": "way"
      },
      "geometry": {
        "type": "LineString",
        "coordinates": [
          [
            116.3408111,
            39.9846717
          ],
          [
            116.3408138,
            39.9847726
          ]
        ]
      }
    },
    {
      "type": "Feature",
      "id": "way/1389976003",
      "properties": {
        "highway": "footway",
        "surface": "paving_stones",
        "osm_id": "1389976003",
        "osm_type": "way"
      },
      "geometry": {
        "type": "LineString",
        "coordinates": [
          [
            116.338969,
            39.9806973
          ],
          [
            116.3392576,
            39.9807004
          ],
          [
            116.3392572,
            39.9807203
          ],
          [
            116.3395776,
            39.9807238
          ],
          [
            116.3395762,
            39.980804
          ]
        ]
      }
    },
    {
      "type": "Feature",
      "id": "way/1389976004",
      "properties": {
        "highway": "footway",
        "surface": "paving_stones",
        "osm_id": "1389976004",
        "osm_type": "way"
      },
      "geometry": {
        "type": "LineString",
        "coordinates": [
          [
            116.3395747,
            39.9808359
          ],
          [
            116.3395762,
            39.980804
          ],
          [
            116.3396272,
            39.9808046
          ],
          [
            116.3396264,
            39.980837
          ]
        ]
      }
    },
    {
      "type": "Feature",
      "id": "way/1389976006",
      "properties": {
        "highway": "footway",
        "surface": "paving_stones",
        "osm_id": "1389976006",
        "osm_type": "way"
      },
      "geometry": {
        "type": "LineString",
        "coordinates": [
          [
            116.3402501,
            39.9808508
          ],
          [
            116.3402485,
            39.9807583
          ],
          [
            116.3407298,
            39.9807648
          ],
          [
            116.3407295,
            39.9808218
          ]
        ]
      }
    },
    {
      "type": "Feature",
      "id": "way/1389976007",
      "properties": {
        "bicycle": "yes",
        "highway": "footway",
        "lit": "yes",
        "surface": "paving_stones",
        "osm_id": "1389976007",
        "osm_type": "way"
      },
      "geometry": {
        "type": "LineString",
        "coordinates": [
          [
            116.3389653,
            39.9808224
          ],
          [
            116.3390176,
            39.9808235
          ],
          [
            116.3395747,
            39.9808359
          ],
          [
            116.3396264,
            39.980837
          ],
          [
            116.3398934,
            39.9808443
          ]
        ]
      }
    },
    {
      "type": "Feature",
      "id": "way/1389976008",
      "properties": {
        "highway": "service",
        "oneway": "no",
        "surface": "asphalt",
        "osm_id": "1389976008",
        "osm_type": "way"
      },
      "geometry": {
        "type": "LineString",
        "coordinates": [
          [
            116.340039,
            39.9808349
          ],
          [
            116.3400815,
            39.9808505
          ],
          [
            116.3401102,
            39.9808732
          ],
          [
            116.3401297,
            39.9808949
          ],
          [
            116.3401432,
            39.9809191
          ],
          [
            116.3401501,
            39.9809449
          ],
          [
            116.3401485,
            39.9809803
          ],
          [
            116.3401347,
            39.9810142
          ],
          [
            116.3401096,
            39.9810439
          ],
          [
            116.3400751,
            39.9810675
          ],
          [
            116.3400419,
            39.9810808
          ],
          [
            116.3400057,
            39.9810883
          ],
          [
            116.3399682,
            39.9810896
          ],
          [
            116.3399202,
            39.9810818
          ],
          [
            116.339877,
            39.981064
          ],
          [
            116.3398437,
            39.9810391
          ],
          [
            116.3398204,
            39.9810083
          ],
          [
            116.3398087,
            39.9809739
          ],
          [
            116.3398095,
            39.9809382
          ],
          [
            116.3398247,
            39.9809009
          ],
          [
            116.3398535,
            39.9808686
          ],
          [
            116.3398934,
            39.9808443
          ],
          [
            116.3399385,
            39.9808304
          ],
          [
            116.3399868,
            39.9808268
          ],
          [
            116.340039,
            39.9808349
          ]
        ]
      }
    },
    {
      "type": "Feature",
      "id": "way/1389976009",
      "properties": {
        "highway": "footway",
        "surface": "paving_stones",
        "osm_id": "1389976009",
        "osm_type": "way"
      },
      "geometry": {
        "type": "LineString",
        "coordinates": [
          [
            116.3407284,
            39.9808614
          ],
          [
            116.3407295,
            39.9808218
          ],
          [
            116.3407855,
            39.980823
          ],
          [
            116.3407854,
            39.980862
          ]
        ]
      }
    },
    {
      "type": "Feature",
      "id": "way/1389976010",
      "properties": {
        "landuse": "grass",
        "osm_id": "1389976010",
        "osm_type": "way"
      },
      "geometry": {
        "type": "Polygon",
        "coordinates": [
          [
            [
              116.3401461,
              39.9808333
            ],
            [
              116.3401511,
              39.9806485
            ],
            [
              116.340988,
              39.9806619
            ],
            [
              116.3409829,
              39.9808495
            ],
            [
              116.3407933,
              39.9808465
            ],
            [
              116.3407969,
              39.9807136
            ],
            [
              116.3407208,
              39.9807124
            ],
            [
              116.3407199,
              39.9807446
            ],
            [
              116.3402291,
              39.9807368
            ],
            [
              116.3402265,
              39.9808346
            ],
            [
              116.3401461,
              39.9808333
            ]
          ]
        ]
      }
    },
    {
      "type": "Feature",
      "id": "way/1389976012",
      "properties": {
        "highway": "footway",
        "surface": "paving_stones",
        "osm_id": "1389976012",
        "osm_type": "way"
      },
      "geometry": {
        "type": "LineString",
        "coordinates": [
          [
            116.3400798,
            39.9809935
          ],
          [
            116.3400607,
            39.9810142
          ],
          [
            116.3400346,
            39.9810298
          ],
          [
            116.3400037,
            39.9810389
          ],
          [
            116.3399707,
            39.9810409
          ],
          [
            116.3399385,
            39.9810355
          ],
          [
            116.3399096,
            39.9810233
          ],
          [
            116.3398865,
            39.9810052
          ],
          [
            116.3398712,
            39.9809828
          ],
          [
            116.339865,
            39.9809579
          ],
          [
            116.3398679,
            39.9809394
          ],
          [
            116.33988,
            39.9809105
          ],
          [
            116.3398992,
            39.9808916
          ],
          [
            116.3399244,
            39.9808774
          ],
          [
            116.3399538,
            39.980869
          ],
          [
            116.339985,
            39.980867
          ],
          [
            116.3400161,
            39.9808718
          ],
          [
            116.3400443,
            39.980883
          ],
          [
            116.3400674,
            39.9808997
          ],
          [
            116.3400835,
            39.9809206
          ],
          [
            116.3400915,
            39.9809442
          ],
          [
            116.3400904,
            39.9809695
          ],
          [
            116.3400798,
            39.9809935
          ]
        ]
      }
    },
    {
      "type": "Feature",
      "id": "way/1389976013",
      "properties": {
        "highway": "footway",
        "surface": "paving_stones",
        "osm_id": "1389976013",
        "osm_type": "way"
      },
      "geometry": {
        "type": "LineString",
        "coordinates": [
          [
            116.339985,
            39.980867
          ],
          [
            116.3399868,
            39.9808268
          ]
        ]
      }
    },
    {
      "type": "Feature",
      "id": "way/1389976014",
      "properties": {
        "highway": "footway",
        "surface": "paving_stones",
        "osm_id": "1389976014",
        "osm_type": "way"
      },
      "geometry": {
        "type": "LineString",
        "coordinates": [
          [
            116.3398679,
            39.9809394
          ],
          [
            116.3398095,
            39.9809382
          ]
        ]
      }
    },
    {
      "type": "Feature",
      "id": "way/1389976015",
      "properties": {
        "highway": "footway",
        "surface": "paving_stones",
        "osm_id": "1389976015",
        "osm_type": "way"
      },
      "geometry": {
        "type": "LineString",
        "coordinates": [
          [
            116.3400915,
            39.9809442
          ],
          [
            116.3401501,
            39.9809449
          ]
        ]
      }
    },
    {
      "type": "Feature",
      "id": "way/1389976016",
      "properties": {
        "highway": "footway",
        "surface": "paving_stones",
        "osm_id": "1389976016",
        "osm_type": "way"
      },
      "geometry": {
        "type": "LineString",
        "coordinates": [
          [
            116.3399707,
            39.9810409
          ],
          [
            116.3399682,
            39.9810896
          ]
        ]
      }
    },
    {
      "type": "Feature",
      "id": "way/1389976021",
      "properties": {
        "highway": "footway",
        "surface": "paving_stones",
        "osm_id": "1389976021",
        "osm_type": "way"
      },
      "geometry": {
        "type": "LineString",
        "coordinates": [
          [
            116.3386899,
            39.9803177
          ],
          [
            116.3386963,
            39.9801952
          ]
        ]
      }
    },
    {
      "type": "Feature",
      "id": "way/1390040867",
      "properties": {
        "landuse": "grass",
        "osm_id": "1390040867",
        "osm_type": "way"
      },
      "geometry": {
        "type": "Polygon",
        "coordinates": [
          [
            [
              116.3416302,
              39.9803612
            ],
            [
              116.3416298,
              39.9802494
            ],
            [
              116.3413049,
              39.9802437
            ],
            [
              116.3413037,
              39.9803553
            ],
            [
              116.3413912,
              39.9803572
            ],
            [
              116.3414014,
              39.9803504
            ],
            [
              116.3414298,
              39.9803505
            ],
            [
              116.3414405,
              39.9803573
            ],
            [
              116.3414696,
              39.9803577
            ],
            [
              116.3414779,
              39.9803506
            ],
            [
              116.3415066,
              39.9803505
            ],
            [
              116.3415182,
              39.9803606
            ],
            [
              116.3416302,
              39.9803612
            ]
          ]
        ]
      }
    },
    {
      "type": "Feature",
      "id": "way/1390040868",
      "properties": {
        "natural": "tree_row",
        "osm_id": "1390040868",
        "osm_type": "way"
      },
      "geometry": {
        "type": "LineString",
        "coordinates": [
          [
            116.3416,
            39.9803482
          ],
          [
            116.3413336,
            39.9803439
          ]
        ]
      }
    },
    {
      "type": "Feature",
      "id": "way/1390040870",
      "properties": {
        "landuse": "grass",
        "osm_id": "1390040870",
        "osm_type": "way"
      },
      "geometry": {
        "type": "Polygon",
        "coordinates": [
          [
            [
              116.3409603,
              39.9803397
            ],
            [
              116.3411542,
              39.9803414
            ],
            [
              116.341158,
              39.9802423
            ],
            [
              116.3409626,
              39.9802393
            ],
            [
              116.3409603,
              39.9803397
            ]
          ]
        ]
      }
    },
    {
      "type": "Feature",
      "id": "way/1390040871",
      "properties": {
        "natural": "tree_row",
        "osm_id": "1390040871",
        "osm_type": "way"
      },
      "geometry": {
        "type": "LineString",
        "coordinates": [
          [
            116.3411324,
            39.9803331
          ],
          [
            116.340979,
            39.9803323
          ]
        ]
      }
    },
    {
      "type": "Feature",
      "id": "way/1390040872",
      "properties": {
        "natural": "tree_row",
        "osm_id": "1390040872",
        "osm_type": "way"
      },
      "geometry": {
        "type": "LineString",
        "coordinates": [
          [
            116.3407456,
            39.9803139
          ],
          [
            116.3401629,
            39.9803003
          ]
        ]
      }
    },
    {
      "type": "Feature",
      "id": "way/1390040873",
      "properties": {
        "natural": "tree_row",
        "osm_id": "1390040873",
        "osm_type": "way"
      },
      "geometry": {
        "type": "LineString",
        "coordinates": [
          [
            116.3398662,
            39.9802915
          ],
          [
            116.3393117,
            39.9802833
          ]
        ]
      }
    },
    {
      "type": "Feature",
      "id": "way/1390040874",
      "properties": {
        "landuse": "grass",
        "osm_id": "1390040874",
        "osm_type": "way"
      },
      "geometry": {
        "type": "Polygon",
        "coordinates": [
          [
            [
              116.3408037,
              39.9803336
            ],
            [
              116.3408642,
              39.9803355
            ],
            [
              116.3408716,
              39.979991
            ],
            [
              116.3408111,
              39.9799863
            ],
            [
              116.3408037,
              39.9803336
            ]
          ]
        ]
      }
    },
    {
      "type": "Feature",
      "id": "way/1390040877",
      "properties": {
        "highway": "service",
        "surface": "paving_stones",
        "osm_id": "1390040877",
        "osm_type": "way"
      },
      "geometry": {
        "type": "LineString",
        "coordinates": [
          [
            116.3389487,
            39.9811055
          ],
          [
            116.3398056,
            39.9811199
          ],
          [
            116.3398767,
            39.9811227
          ]
        ]
      }
    },
    {
      "type": "Feature",
      "id": "way/1390040878",
      "properties": {
        "highway": "service",
        "oneway": "no",
        "surface": "asphalt",
        "osm_id": "1390040878",
        "osm_type": "way"
      },
      "geometry": {
        "type": "LineString",
        "coordinates": [
          [
            116.3398767,
            39.9811227
          ],
          [
            116.3400604,
            39.9811282
          ]
        ]
      }
    },
    {
      "type": "Feature",
      "id": "way/1390040879",
      "properties": {
        "natural": "tree_row",
        "osm_id": "1390040879",
        "osm_type": "way"
      },
      "geometry": {
        "type": "LineString",
        "coordinates": [
          [
            116.3391327,
            39.9807964
          ],
          [
            116.3395364,
            39.9808034
          ]
        ]
      }
    },
    {
      "type": "Feature",
      "id": "way/1390040880",
      "properties": {
        "natural": "tree_row",
        "osm_id": "1390040880",
        "osm_type": "way"
      },
      "geometry": {
        "type": "LineString",
        "coordinates": [
          [
            116.3396806,
            39.9808098
          ],
          [
            116.3398096,
            39.9808118
          ]
        ]
      }
    },
    {
      "type": "Feature",
      "id": "way/1390040881",
      "properties": {
        "landuse": "grass",
        "osm_id": "1390040881",
        "osm_type": "way"
      },
      "geometry": {
        "type": "Polygon",
        "coordinates": [
          [
            [
              116.3407384,
              39.9808575
            ],
            [
              116.3407388,
              39.9808305
            ],
            [
              116.3407776,
              39.9808304
            ],
            [
              116.3407762,
              39.9808577
            ],
            [
              116.3407384,
              39.9808575
            ]
          ]
        ]
      }
    },
    {
      "type": "Feature",
      "id": "way/1390040882",
      "properties": {
        "landuse": "grass",
        "osm_id": "1390040882",
        "osm_type": "way"
      },
      "geometry": {
        "type": "Polygon",
        "coordinates": [
          [
            [
              116.3402664,
              39.9808378
            ],
            [
              116.3402674,
              39.980774
            ],
            [
              116.3407063,
              39.9807781
            ],
            [
              116.3407052,
              39.980842
            ],
            [
              116.3402664,
              39.9808378
            ]
          ]
        ]
      }
    },
    {
      "type": "Feature",
      "id": "way/1390040883",
      "properties": {
        "natural": "tree_row",
        "osm_id": "1390040883",
        "osm_type": "way"
      },
      "geometry": {
        "type": "LineString",
        "coordinates": [
          [
            116.3402849,
            39.980822
          ],
          [
            116.340697,
            39.9808291
          ]
        ]
      }
    },
    {
      "type": "Feature",
      "id": "way/1390040884",
      "properties": {
        "natural": "tree_row",
        "osm_id": "1390040884",
        "osm_type": "way"
      },
      "geometry": {
        "type": "LineString",
        "coordinates": [
          [
            116.3408108,
            39.980832
          ],
          [
            116.3409584,
            39.980834
          ]
        ]
      }
    },
    {
      "type": "Feature",
      "id": "way/1390296100",
      "properties": {
        "landuse": "grass",
        "osm_id": "1390296100",
        "osm_type": "way"
      },
      "geometry": {
        "type": "Polygon",
        "coordinates": [
          [
            [
              116.3390689,
              39.980857
            ],
            [
              116.3390696,
              39.9808349
            ],
            [
              116.3398141,
              39.9808491
            ],
            [
              116.3398134,
              39.9808713
            ],
            [
              116.3390689,
              39.980857
            ]
          ]
        ]
      }
    },
    {
      "type": "Feature",
      "id": "way/1390296101",
      "properties": {
        "natural": "tree_row",
        "osm_id": "1390296101",
        "osm_type": "way"
      },
      "geometry": {
        "type": "LineString",
        "coordinates": [
          [
            116.3390806,
            39.9808472
          ],
          [
            116.3398032,
            39.9808599
          ]
        ]
      }
    },
    {
      "type": "Feature",
      "id": "way/1390296102",
      "properties": {
        "landuse": "grass",
        "osm_id": "1390296102",
        "osm_type": "way"
      },
      "geometry": {
        "type": "Polygon",
        "coordinates": [
          [
            [
              116.3401648,
              39.9808979
            ],
            [
              116.3401655,
              39.9808697
            ],
            [
              116.3409859,
              39.9808819
            ],
            [
              116.3409851,
              39.9809102
            ],
            [
              116.3401648,
              39.9808979
            ]
          ]
        ]
      }
    },
    {
      "type": "Feature",
      "id": "way/1390296103",
      "properties": {
        "natural": "tree_row",
        "osm_id": "1390296103",
        "osm_type": "way"
      },
      "geometry": {
        "type": "LineString",
        "coordinates": [
          [
            116.340182,
            39.980884
          ],
          [
            116.3409682,
            39.980896
          ]
        ]
      }
    },
    {
      "type": "Feature",
      "id": "way/1390344466",
      "properties": {
        "handrail": "no",
        "highway": "steps",
        "incline": "down",
        "level": "0;-1",
        "surface": "paving_stones",
        "tactile_paving": "no",
        "osm_id": "1390344466",
        "osm_type": "way"
      },
      "geometry": {
        "type": "LineString",
        "coordinates": [
          [
            116.3394111,
            39.9838373
          ],
          [
            116.3394249,
            39.9838375
          ]
        ]
      }
    },
    {
      "type": "Feature",
      "id": "way/1390344467",
      "properties": {
        "handrail": "no",
        "highway": "steps",
        "incline": "down",
        "level": "0;-1",
        "surface": "paving_stones",
        "tactile_paving": "no",
        "tunnel": "building_passage",
        "osm_id": "1390344467",
        "osm_type": "way"
      },
      "geometry": {
        "type": "LineString",
        "coordinates": [
          [
            116.3393519,
            39.9838369
          ],
          [
            116.3394111,
            39.9838373
          ]
        ]
      }
    },
    {
      "type": "Feature",
      "id": "way/1390344468",
      "properties": {
        "covered": "yes",
        "handrail": "no",
        "highway": "steps",
        "incline": "down",
        "level": "0;-1",
        "surface": "paving_stones",
        "tactile_paving": "no",
        "osm_id": "1390344468",
        "osm_type": "way"
      },
      "geometry": {
        "type": "LineString",
        "coordinates": [
          [
            116.3400835,
            39.9838608
          ],
          [
            116.3400784,
            39.9838606
          ]
        ]
      }
    },
    {
      "type": "Feature",
      "id": "way/1390344469",
      "properties": {
        "handrail": "no",
        "highway": "steps",
        "incline": "down",
        "level": "0;-1",
        "surface": "paving_stones",
        "tactile_paving": "no",
        "tunnel": "building_passage",
        "osm_id": "1390344469",
        "osm_type": "way"
      },
      "geometry": {
        "type": "LineString",
        "coordinates": [
          [
            116.3401516,
            39.9838625
          ],
          [
            116.3400835,
            39.9838608
          ]
        ]
      }
    },
    {
      "type": "Feature",
      "id": "way/1390423793",
      "properties": {
        "highway": "footway",
        "osm_id": "1390423793",
        "osm_type": "way"
      },
      "geometry": {
        "type": "LineString",
        "coordinates": [
          [
            116.3407298,
            39.9807648
          ],
          [
            116.3407316,
            39.9807267
          ],
          [
            116.340789,
            39.9807283
          ],
          [
            116.3407872,
            39.9807663
          ],
          [
            116.3407298,
            39.9807648
          ]
        ]
      }
    },
    {
      "type": "Feature",
      "id": "way/1390423794",
      "properties": {
        "landuse": "grass",
        "osm_id": "1390423794",
        "osm_type": "way"
      },
      "geometry": {
        "type": "Polygon",
        "coordinates": [
          [
            [
              116.340689,
              39.980465
            ],
            [
              116.3406928,
              39.9803791
            ],
            [
              116.3408605,
              39.9803835
            ],
            [
              116.3408566,
              39.9804694
            ],
            [
              116.340689,
              39.980465
            ]
          ]
        ]
      }
    },
    {
      "type": "Feature",
      "id": "way/1390423795",
      "properties": {
        "landuse": "grass",
        "osm_id": "1390423795",
        "osm_type": "way"
      },
      "geometry": {
        "type": "Polygon",
        "coordinates": [
          [
            [
              116.3401527,
              39.9804699
            ],
            [
              116.3401551,
              39.9803655
            ],
            [
              116.3403345,
              39.980368
            ],
            [
              116.3403619,
              39.9804029
            ],
            [
              116.3403899,
              39.9804206
            ],
            [
              116.340423,
              39.9804288
            ],
            [
              116.340458,
              39.9804283
            ],
            [
              116.3404888,
              39.9804163
            ],
            [
              116.3405184,
              39.9803936
            ],
            [
              116.3405285,
              39.9803702
            ],
            [
              116.3405999,
              39.9803711
            ],
            [
              116.3405975,
              39.980476
            ],
            [
              116.3401527,
              39.9804699
            ]
          ]
        ]
      }
    },
    {
      "type": "Feature",
      "id": "way/1390423796",
      "properties": {
        "landuse": "grass",
        "osm_id": "1390423796",
        "osm_type": "way"
      },
      "geometry": {
        "type": "Polygon",
        "coordinates": [
          [
            [
              116.3394626,
              39.9804479
            ],
            [
              116.339835,
              39.9804509
            ],
            [
              116.3398363,
              39.980354
            ],
            [
              116.3396748,
              39.9803527
            ],
            [
              116.3396515,
              39.9803817
            ],
            [
              116.3396097,
              39.9804062
            ],
            [
              116.3395766,
              39.9804062
            ],
            [
              116.3395421,
              39.9803872
            ],
            [
              116.339516,
              39.9803571
            ],
            [
              116.3394638,
              39.9803567
            ],
            [
              116.3394626,
              39.9804479
            ]
          ]
        ]
      }
    },
    {
      "type": "Feature",
      "id": "way/1390423797",
      "properties": {
        "landuse": "grass",
        "osm_id": "1390423797",
        "osm_type": "way"
      },
      "geometry": {
        "type": "Polygon",
        "coordinates": [
          [
            [
              116.3393113,
              39.9804397
            ],
            [
              116.3393141,
              39.9803473
            ],
            [
              116.3390689,
              39.980343
            ],
            [
              116.3390661,
              39.9804355
            ],
            [
              116.3393113,
              39.9804397
            ]
          ]
        ]
      }
    },
    {
      "type": "Feature",
      "id": "way/1390423798",
      "properties": {
        "natural": "tree_row",
        "osm_id": "1390423798",
        "osm_type": "way"
      },
      "geometry": {
        "type": "LineString",
        "coordinates": [
          [
            116.3390877,
            39.9803612
          ],
          [
            116.3392942,
            39.9803648
          ]
        ]
      }
    },
    {
      "type": "Feature",
      "id": "way/1390423799",
      "properties": {
        "natural": "tree_row",
        "osm_id": "1390423799",
        "osm_type": "way"
      },
      "geometry": {
        "type": "LineString",
        "coordinates": [
          [
            116.3396854,
            39.9803658
          ],
          [
            116.3398186,
            39.9803667
          ]
        ]
      }
    },
    {
      "type": "Feature",
      "id": "way/1390423800",
      "properties": {
        "natural": "tree_row",
        "osm_id": "1390423800",
        "osm_type": "way"
      },
      "geometry": {
        "type": "LineString",
        "coordinates": [
          [
            116.3401769,
            39.9803813
          ],
          [
            116.340311,
            39.9803845
          ]
        ]
      }
    },
    {
      "type": "Feature",
      "id": "way/1390423801",
      "properties": {
        "natural": "tree_row",
        "osm_id": "1390423801",
        "osm_type": "way"
      },
      "geometry": {
        "type": "LineString",
        "coordinates": [
          [
            116.3407147,
            39.9803925
          ],
          [
            116.340838,
            39.9803933
          ]
        ]
      }
    },
    {
      "type": "Feature",
      "id": "way/1390423802",
      "properties": {
        "landuse": "grass",
        "osm_id": "1390423802",
        "osm_type": "way"
      },
      "geometry": {
        "type": "Polygon",
        "coordinates": [
          [
            [
              116.3399273,
              39.980755
            ],
            [
              116.3399347,
              39.9803989
            ],
            [
              116.3400663,
              39.9804005
            ],
            [
              116.3400589,
              39.9807566
            ],
            [
              116.3399273,
              39.980755
            ]
          ]
        ]
      }
    },
    {
      "type": "Feature",
      "id": "way/1390423803",
      "properties": {
        "natural": "tree_row",
        "osm_id": "1390423803",
        "osm_type": "way"
      },
      "geometry": {
        "type": "LineString",
        "coordinates": [
          [
            116.3399507,
            39.9807251
          ],
          [
            116.3399524,
            39.9804244
          ]
        ]
      }
    },
    {
      "type": "Feature",
      "id": "way/1390423804",
      "properties": {
        "natural": "tree_row",
        "osm_id": "1390423804",
        "osm_type": "way"
      },
      "geometry": {
        "type": "LineString",
        "coordinates": [
          [
            116.3400351,
            39.9807304
          ],
          [
            116.3400454,
            39.9804231
          ]
        ]
      }
    },
    {
      "type": "Feature",
      "id": "way/1390621141",
      "properties": {
        "highway": "footway",
        "surface": "paving_stones",
        "osm_id": "1390621141",
        "osm_type": "way"
      },
      "geometry": {
        "type": "LineString",
        "coordinates": [
          [
            116.3407872,
            39.9807663
          ],
          [
            116.3407855,
            39.980823
          ]
        ]
      }
    },
    {
      "type": "Feature",
      "id": "way/1390621142",
      "properties": {
        "highway": "service",
        "oneway": "no",
        "surface": "asphalt",
        "osm_id": "1390621142",
        "osm_type": "way"
      },
      "geometry": {
        "type": "LineString",
        "coordinates": [
          [
            116.3398674,
            39.9814789
          ],
          [
            116.3398767,
            39.9811227
          ],
          [
            116.339879,
            39.9810992
          ],
          [
            116.339877,
            39.981064
          ]
        ]
      }
    },
    {
      "type": "Feature",
      "id": "way/1390621143",
      "properties": {
        "highway": "service",
        "oneway": "no",
        "surface": "asphalt",
        "osm_id": "1390621143",
        "osm_type": "way"
      },
      "geometry": {
        "type": "LineString",
        "coordinates": [
          [
            116.3400751,
            39.9810675
          ],
          [
            116.3400655,
            39.981101
          ],
          [
            116.3400604,
            39.9811282
          ],
          [
            116.3400443,
            39.9814831
          ]
        ]
      }
    },
    {
      "type": "Feature",
      "id": "way/1390621144",
      "properties": {
        "building": "yes",
        "osm_id": "1390621144",
        "osm_type": "way"
      },
      "geometry": {
        "type": "Polygon",
        "coordinates": [
          [
            [
              116.3389904,
              39.9808094
            ],
            [
              116.3389924,
              39.9807092
            ],
            [
              116.3390912,
              39.9807103
            ],
            [
              116.3390892,
              39.9808105
            ],
            [
              116.3389904,
              39.9808094
            ]
          ]
        ]
      }
    },
    {
      "type": "Feature",
      "id": "way/1390621145",
      "properties": {
        "landuse": "grass",
        "osm_id": "1390621145",
        "osm_type": "way"
      },
      "geometry": {
        "type": "Polygon",
        "coordinates": [
          [
            [
              116.3394436,
              39.9840332
            ],
            [
              116.3394532,
              39.9836355
            ],
            [
              116.3400537,
              39.983644
            ],
            [
              116.3400441,
              39.9840417
            ],
            [
              116.3394436,
              39.9840332
            ]
          ]
        ]
      }
    },
    {
      "type": "Feature",
      "id": "way/1390621146",
      "properties": {
        "natural": "tree_row",
        "osm_id": "1390621146",
        "osm_type": "way"
      },
      "geometry": {
        "type": "LineString",
        "coordinates": [
          [
            116.3390246,
            39.981056
          ],
          [
            116.3397354,
            39.9810683
          ]
        ]
      }
    },
    {
      "type": "Feature",
      "id": "way/1390621147",
      "properties": {
        "natural": "tree_row",
        "osm_id": "1390621147",
        "osm_type": "way"
      },
      "geometry": {
        "type": "LineString",
        "coordinates": [
          [
            116.3401543,
            39.9810919
          ],
          [
            116.3409093,
            39.9811112
          ]
        ]
      }
    },
    {
      "type": "Feature",
      "id": "way/1390654633",
      "properties": {
        "bicycle": "yes",
        "highway": "footway",
        "surface": "paving_stones",
        "tunnel": "building_passage",
        "osm_id": "1390654633",
        "osm_type": "way"
      },
      "geometry": {
        "type": "LineString",
        "coordinates": [
          [
            116.3400192,
            39.9802617
          ],
          [
            116.3400239,
            39.9801499
          ]
        ]
      }
    },
    {
      "type": "Feature",
      "id": "way/1390716798",
      "properties": {
        "highway": "footway",
        "lit": "yes",
        "surface": "paving_stones",
        "osm_id": "1390716798",
        "osm_type": "way"
      },
      "geometry": {
        "type": "LineString",
        "coordinates": [
          [
            116.3407941,
            39.9818088
          ],
          [
            116.3407945,
            39.9817962
          ],
          [
            116.3408025,
            39.9815629
          ],
          [
            116.3408045,
            39.9815035
          ]
        ]
      }
    },
    {
      "type": "Feature",
      "id": "way/1390716799",
      "properties": {
        "highway": "footway",
        "surface": "paving_stones",
        "osm_id": "1390716799",
        "osm_type": "way"
      },
      "geometry": {
        "type": "LineString",
        "coordinates": [
          [
            116.3398604,
            39.9833422
          ],
          [
            116.3398585,
            39.9833942
          ]
        ]
      }
    },
    {
      "type": "Feature",
      "id": "way/1390716800",
      "properties": {
        "highway": "footway",
        "surface": "paving_stones",
        "osm_id": "1390716800",
        "osm_type": "way"
      },
      "geometry": {
        "type": "LineString",
        "coordinates": [
          [
            116.339854,
            39.9835576
          ],
          [
            116.3398537,
            39.9835851
          ]
        ]
      }
    },
    {
      "type": "Feature",
      "id": "way/1390716801",
      "properties": {
        "bicycle": "yes",
        "highway": "footway",
        "surface": "paving_stones",
        "osm_id": "1390716801",
        "osm_type": "way"
      },
      "geometry": {
        "type": "LineString",
        "coordinates": [
          [
            116.3400166,
            39.9803415
          ],
          [
            116.3400173,
            39.9803187
          ],
          [
            116.3400192,
            39.9802617
          ]
        ]
      }
    },
    {
      "type": "Feature",
      "id": "way/1390875754",
      "properties": {
        "bicycle": "no",
        "highway": "footway",
        "horse": "no",
        "indoor": "yes",
        "layer": "-1",
        "level": "-1",
        "osm_id": "1390875754",
        "osm_type": "way"
      },
      "geometry": {
        "type": "LineString",
        "coordinates": [
          [
            116.3409048,
            39.9801579
          ],
          [
            116.3416804,
            39.9801663
          ]
        ]
      }
    },
    {
      "type": "Feature",
      "id": "way/1390875755",
      "properties": {
        "handrail": "no",
        "highway": "steps",
        "incline": "down",
        "indoor": "yes",
        "layer": "-1",
        "level": "0;-1",
        "surface": "tiles",
        "tactile_paving": "no",
        "osm_id": "1390875755",
        "osm_type": "way"
      },
      "geometry": {
        "type": "LineString",
        "coordinates": [
          [
            116.3416816,
            39.9801021
          ],
          [
            116.3416804,
            39.9801663
          ]
        ]
      }
    },
    {
      "type": "Feature",
      "id": "way/1390875756",
      "properties": {
        "handrail": "no",
        "highway": "steps",
        "incline": "down",
        "indoor": "yes",
        "layer": "-1",
        "level": "0;-1",
        "surface": "tiles",
        "tactile_paving": "no",
        "osm_id": "1390875756",
        "osm_type": "way"
      },
      "geometry": {
        "type": "LineString",
        "coordinates": [
          [
            116.3409036,
            39.9802241
          ],
          [
            116.3409048,
            39.9801579
          ]
        ]
      }
    },
    {
      "type": "Feature",
      "id": "way/1390875757",
      "properties": {
        "landuse": "grass",
        "osm_id": "1390875757",
        "osm_type": "way"
      },
      "geometry": {
        "type": "Polygon",
        "coordinates": [
          [
            [
              116.3399014,
              39.981361
            ],
            [
              116.3399059,
              39.9811688
            ],
            [
              116.3400231,
              39.9811704
            ],
            [
              116.3400185,
              39.9813626
            ],
            [
              116.3399014,
              39.981361
            ]
          ]
        ]
      }
    },
    {
      "type": "Feature",
      "id": "way/1390875758",
      "properties": {
        "natural": "tree_row",
        "osm_id": "1390875758",
        "osm_type": "way"
      },
      "geometry": {
        "type": "LineString",
        "coordinates": [
          [
            116.3399324,
            39.9813358
          ],
          [
            116.3399359,
            39.9811945
          ]
        ]
      }
    },
    {
      "type": "Feature",
      "id": "way/1390875759",
      "properties": {
        "natural": "tree_row",
        "osm_id": "1390875759",
        "osm_type": "way"
      },
      "geometry": {
        "type": "LineString",
        "coordinates": [
          [
            116.3399884,
            39.9813367
          ],
          [
            116.3399919,
            39.9811998
          ]
        ]
      }
    },
    {
      "type": "Feature",
      "id": "way/1390875760",
      "properties": {
        "highway": "footway",
        "surface": "paving_stones",
        "osm_id": "1390875760",
        "osm_type": "way"
      },
      "geometry": {
        "type": "LineString",
        "coordinates": [
          [
            116.341006,
            39.9815089
          ],
          [
            116.3410018,
            39.9816542
          ]
        ]
      }
    },
    {
      "type": "Feature",
      "id": "way/1390933427",
      "properties": {
        "bicycle": "no",
        "highway": "footway",
        "lit": "yes",
        "surface": "paving_stones",
        "osm_id": "1390933427",
        "osm_type": "way"
      },
      "geometry": {
        "type": "LineString",
        "coordinates": [
          [
            116.3398604,
            39.9833422
          ],
          [
            116.3398583,
            39.9832845
          ],
          [
            116.3398689,
            39.9829483
          ],
          [
            116.3398828,
            39.982729
          ],
          [
            116.3398871,
            39.9826603
          ]
        ]
      }
    },
    {
      "type": "Feature",
      "id": "way/1390933428",
      "properties": {
        "bicycle": "no",
        "highway": "footway",
        "lit": "yes",
        "surface": "paving_stones",
        "osm_id": "1390933428",
        "osm_type": "way"
      },
      "geometry": {
        "type": "LineString",
        "coordinates": [
          [
            116.3399888,
            39.9824703
          ],
          [
            116.3400176,
            39.9825005
          ],
          [
            116.3400316,
            39.9825363
          ],
          [
            116.3400302,
            39.9825581
          ],
          [
            116.3400292,
            39.9825737
          ],
          [
            116.3400107,
            39.9826084
          ],
          [
            116.3399782,
            39.9826363
          ],
          [
            116.3399353,
            39.9826543
          ],
          [
            116.3398871,
            39.9826603
          ],
          [
            116.3398415,
            39.9826543
          ],
          [
            116.3398007,
            39.9826375
          ],
          [
            116.3397689,
            39.9826117
          ],
          [
            116.3397494,
            39.9825795
          ],
          [
            116.3397442,
            39.9825443
          ],
          [
            116.3397539,
            39.9825096
          ],
          [
            116.3397774,
            39.982479
          ],
          [
            116.3398123,
            39.9824557
          ],
          [
            116.3398551,
            39.9824421
          ],
          [
            116.3399013,
            39.9824395
          ],
          [
            116.3399485,
            39.9824491
          ],
          [
            116.3399888,
            39.9824703
          ]
        ]
      }
    },
    {
      "type": "Feature",
      "id": "way/1390933429",
      "properties": {
        "highway": "footway",
        "surface": "paving_stones",
        "osm_id": "1390933429",
        "osm_type": "way"
      },
      "geometry": {
        "type": "LineString",
        "coordinates": [
          [
            116.3400302,
            39.9825581
          ],
          [
            116.3402803,
            39.9825632
          ]
        ]
      }
    },
    {
      "type": "Feature",
      "id": "way/1390933430",
      "properties": {
        "landuse": "grass",
        "osm_id": "1390933430",
        "osm_type": "way"
      },
      "geometry": {
        "type": "Polygon",
        "coordinates": [
          [
            [
              116.3399584,
              39.9824823
            ],
            [
              116.3399827,
              39.9825018
            ],
            [
              116.3399979,
              39.982526
            ],
            [
              116.3400026,
              39.9825527
            ],
            [
              116.3399962,
              39.9825791
            ],
            [
              116.3399795,
              39.9826028
            ],
            [
              116.3399541,
              39.9826213
            ],
            [
              116.3399224,
              39.9826329
            ],
            [
              116.3398876,
              39.9826364
            ],
            [
              116.3398496,
              39.9826304
            ],
            [
              116.3398165,
              39.9826149
            ],
            [
              116.3397923,
              39.9825916
            ],
            [
              116.33978,
              39.9825634
            ],
            [
              116.3397809,
              39.9825337
            ],
            [
              116.339795,
              39.982506
            ],
            [
              116.3398206,
              39.9824837
            ],
            [
              116.3398546,
              39.9824694
            ],
            [
              116.339893,
              39.9824648
            ],
            [
              116.3399275,
              39.9824696
            ],
            [
              116.3399584,
              39.9824823
            ]
          ]
        ]
      }
    },
    {
      "type": "Feature",
      "id": "way/1390933431",
      "properties": {
        "footway": "sidewalk",
        "highway": "footway",
        "surface": "paving_stones",
        "osm_id": "1390933431",
        "osm_type": "way"
      },
      "geometry": {
        "type": "LineString",
        "coordinates": [
          [
            116.341668,
            39.9819309
          ],
          [
            116.3407901,
            39.9819063
          ],
          [
            116.3400163,
            39.9818846
          ],
          [
            116.3399337,
            39.9818822
          ],
          [
            116.3398698,
            39.9818802
          ],
          [
            116.3381125,
            39.9818274
          ]
        ]
      }
    },
    {
      "type": "Feature",
      "id": "way/1390933432",
      "properties": {
        "footway": "sidewalk",
        "highway": "footway",
        "surface": "paving_stones",
        "osm_id": "1390933432",
        "osm_type": "way"
      },
      "geometry": {
        "type": "LineString",
        "coordinates": [
          [
            116.3416726,
            39.9818369
          ],
          [
            116.3407941,
            39.9818088
          ],
          [
            116.340021,
            39.9817845
          ],
          [
            116.3399415,
            39.981782
          ],
          [
            116.3398718,
            39.9817798
          ],
          [
            116.3381167,
            39.9817246
          ]
        ]
      }
    },
    {
      "type": "Feature",
      "id": "way/1390933433",
      "properties": {
        "crossing": "uncontrolled",
        "crossing:island": "no",
        "crossing:markings": "zebra",
        "footway": "crossing",
        "highway": "footway",
        "surface": "asphalt",
        "osm_id": "1390933433",
        "osm_type": "way"
      },
      "geometry": {
        "type": "LineString",
        "coordinates": [
          [
            116.3398698,
            39.9818802
          ],
          [
            116.3398708,
            39.9818292
          ],
          [
            116.3398718,
            39.9817798
          ]
        ]
      }
    },
    {
      "type": "Feature",
      "id": "way/1390933434",
      "properties": {
        "crossing": "uncontrolled",
        "crossing:island": "no",
        "crossing:markings": "zebra",
        "footway": "crossing",
        "highway": "footway",
        "surface": "asphalt",
        "osm_id": "1390933434",
        "osm_type": "way"
      },
      "geometry": {
        "type": "LineString",
        "coordinates": [
          [
            116.3400163,
            39.9818846
          ],
          [
            116.3400187,
            39.981834
          ],
          [
            116.340021,
            39.9817845
          ]
        ]
      }
    },
    {
      "type": "Feature",
      "id": "way/1390933435",
      "properties": {
        "footway": "sidewalk",
        "highway": "footway",
        "surface": "paving_stones",
        "osm_id": "1390933435",
        "osm_type": "way"
      },
      "geometry": {
        "type": "LineString",
        "coordinates": [
          [
            116.3421293,
            39.9752235
          ],
          [
            116.3420407,
            39.9769042
          ],
          [
            116.3419864,
            39.9779588
          ],
          [
            116.3419564,
            39.9787073
          ],
          [
            116.3418949,
            39.9796635
          ],
          [
            116.3418814,
            39.979856
          ],
          [
            116.3418758,
            39.9799358
          ],
          [
            116.3418749,
            39.9799967
          ],
          [
            116.3418468,
            39.9804084
          ],
          [
            116.3418319,
            39.9806264
          ],
          [
            116.3418209,
            39.9808237
          ],
          [
            116.3418155,
            39.9809685
          ],
          [
            116.3417831,
            39.9818388
          ],
          [
            116.3417803,
            39.9819135
          ],
          [
            116.3417795,
            39.9819336
          ],
          [
            116.341723,
            39.9832955
          ],
          [
            116.3417198,
            39.9833599
          ],
          [
            116.3417163,
            39.9834066
          ],
          [
            116.3417142,
            39.9834243
          ],
          [
            116.3416352,
            39.9849691
          ]
        ]
      }
    },
    {
      "type": "Feature",
      "id": "way/1390933436",
      "properties": {
        "crossing": "uncontrolled",
        "crossing:island": "no",
        "crossing:markings": "zebra",
        "footway": "crossing",
        "highway": "footway",
        "surface": "asphalt",
        "osm_id": "1390933436",
        "osm_type": "way"
      },
      "geometry": {
        "type": "LineString",
        "coordinates": [
          [
            116.3417155,
            39.9809652
          ],
          [
            116.3417589,
            39.9809666
          ],
          [
            116.3418155,
            39.9809685
          ]
        ]
      }
    },
    {
      "type": "Feature",
      "id": "way/1390933437",
      "properties": {
        "footway": "sidewalk",
        "highway": "footway",
        "surface": "paving_stones",
        "osm_id": "1390933437",
        "osm_type": "way"
      },
      "geometry": {
        "type": "LineString",
        "coordinates": [
          [
            116.3388578,
            39.9797625
          ],
          [
            116.3402983,
            39.979807
          ],
          [
            116.3417625,
            39.9798523
          ],
          [
            116.3418206,
            39.9798541
          ],
          [
            116.3418814,
            39.979856
          ],
          [
            116.3425705,
            39.9798774
          ],
          [
            116.342675,
            39.9798806
          ],
          [
            116.3427526,
            39.979883
          ],
          [
            116.3437579,
            39.9799141
          ],
          [
            116.343952,
            39.9799201
          ],
          [
            116.344097,
            39.9799246
          ],
          [
            116.3446845,
            39.9799428
          ],
          [
            116.3453959,
            39.9799647
          ],
          [
            116.3455988,
            39.979971
          ],
          [
            116.345693,
            39.9799739
          ],
          [
            116.3463526,
            39.9799943
          ],
          [
            116.3472291,
            39.9800215
          ],
          [
            116.3474488,
            39.9800283
          ]
        ]
      }
    },
    {
      "type": "Feature",
      "id": "way/1390933438",
      "properties": {
        "crossing": "uncontrolled",
        "crossing:island": "no",
        "crossing:markings": "zebra",
        "footway": "crossing",
        "highway": "footway",
        "osm_id": "1390933438",
        "osm_type": "way"
      },
      "geometry": {
        "type": "LineString",
        "coordinates": [
          [
            116.3437506,
            39.9800542
          ],
          [
            116.3437538,
            39.9799906
          ],
          [
            116.3437579,
            39.9799141
          ]
        ]
      }
    },
    {
      "type": "Feature",
      "id": "way/1390933439",
      "properties": {
        "crossing": "uncontrolled",
        "crossing:island": "no",
        "crossing:markings": "zebra",
        "footway": "crossing",
        "highway": "footway",
        "surface": "asphalt",
        "osm_id": "1390933439",
        "osm_type": "way"
      },
      "geometry": {
        "type": "LineString",
        "coordinates": [
          [
            116.3440947,
            39.9800649
          ],
          [
            116.3440956,
            39.9800006
          ],
          [
            116.344097,
            39.9799246
          ]
        ]
      }
    },
    {
      "type": "Feature",
      "id": "way/1390933440",
      "properties": {
        "crossing": "uncontrolled",
        "crossing:island": "no",
        "crossing:markings": "zebra",
        "footway": "crossing",
        "highway": "footway",
        "surface": "asphalt",
        "osm_id": "1390933440",
        "osm_type": "way"
      },
      "geometry": {
        "type": "LineString",
        "coordinates": [
          [
            116.3416726,
            39.9818369
          ],
          [
            116.3417167,
            39.9818376
          ],
          [
            116.3417831,
            39.9818388
          ]
        ]
      }
    },
    {
      "type": "Feature",
      "id": "way/1390933441",
      "properties": {
        "crossing": "uncontrolled",
        "crossing:island": "no",
        "crossing:markings": "zebra",
        "footway": "crossing",
        "highway": "footway",
        "surface": "asphalt",
        "osm_id": "1390933441",
        "osm_type": "way"
      },
      "geometry": {
        "type": "LineString",
        "coordinates": [
          [
            116.341668,
            39.9819309
          ],
          [
            116.3417135,
            39.981932
          ],
          [
            116.3417795,
            39.9819336
          ]
        ]
      }
    },
    {
      "type": "Feature",
      "id": "way/1390933442",
      "properties": {
        "crossing": "uncontrolled",
        "crossing:markings": "yes",
        "footway": "crossing",
        "highway": "footway",
        "osm_id": "1390933442",
        "osm_type": "way"
      },
      "geometry": {
        "type": "LineString",
        "coordinates": [
          [
            116.3416025,
            39.9832929
          ],
          [
            116.3416604,
            39.9832941
          ],
          [
            116.341723,
            39.9832955
          ]
        ]
      }
    },
    {
      "type": "Feature",
      "id": "way/1390933443",
      "properties": {
        "crossing": "uncontrolled",
        "crossing:island": "no",
        "crossing:markings": "zebra",
        "footway": "crossing",
        "highway": "footway",
        "surface": "asphalt",
        "osm_id": "1390933443",
        "osm_type": "way"
      },
      "geometry": {
        "type": "LineString",
        "coordinates": [
          [
            116.3415968,
            39.983421
          ],
          [
            116.3416522,
            39.9834226
          ],
          [
            116.3417142,
            39.9834243
          ]
        ]
      }
    },
    {
      "type": "Feature",
      "id": "way/1390933691",
      "properties": {
        "highway": "footway",
        "surface": "paving_stones",
        "osm_id": "1390933691",
        "osm_type": "way"
      },
      "geometry": {
        "type": "LineString",
        "coordinates": [
          [
            116.3391169,
            39.9843296
          ],
          [
            116.339125,
            39.9843797
          ],
          [
            116.3391585,
            39.9844382
          ]
        ]
      }
    },
    {
      "type": "Feature",
      "id": "way/1390933973",
      "properties": {
        "bicycle": "private",
        "foot": "yes",
        "highway": "service",
        "horse": "no",
        "motor_vehicle": "private",
        "surface": "asphalt",
        "osm_id": "1390933973",
        "osm_type": "way"
      },
      "geometry": {
        "type": "LineString",
        "coordinates": [
          [
            116.3467775,
            39.9834687
          ],
          [
            116.3468064,
            39.9829195
          ],
          [
            116.3468109,
            39.9828287
          ],
          [
            116.3468148,
            39.9827517
          ],
          [
            116.3468442,
            39.9821113
          ],
          [
            116.3468014,
            39.9820672
          ],
          [
            116.3466339,
            39.9820628
          ]
        ]
      }
    },
    {
      "type": "Feature",
      "id": "way/1390948250",
      "properties": {
        "bicycle": "no",
        "foot": "yes",
        "highway": "footway",
        "horse": "no",
        "motor_vehicle": "private",
        "name": "校园中路",
        "surface": "paving_stones",
        "osm_id": "1390948250",
        "osm_type": "way"
      },
      "geometry": {
        "type": "LineString",
        "coordinates": [
          [
            116.3432964,
            39.9819706
          ],
          [
            116.3429238,
            39.981955
          ],
          [
            116.3427412,
            39.9819474
          ],
          [
            116.3423067,
            39.9819292
          ],
          [
            116.3418623,
            39.9819158
          ],
          [
            116.3417803,
            39.9819135
          ]
        ]
      }
    },
    {
      "type": "Feature",
      "id": "way/1390948251",
      "properties": {
        "footway": "sidewalk",
        "highway": "footway",
        "osm_id": "1390948251",
        "osm_type": "way"
      },
      "geometry": {
        "type": "LineString",
        "coordinates": [
          [
            116.3417163,
            39.9834066
          ],
          [
            116.3417771,
            39.9834082
          ],
          [
            116.3417995,
            39.9834085
          ],
          [
            116.3418522,
            39.9834097
          ],
          [
            116.3432228,
            39.9834407
          ],
          [
            116.3448136,
            39.9834767
          ]
        ]
      }
    },
    {
      "type": "Feature",
      "id": "way/1390953492",
      "properties": {
        "highway": "service",
        "oneway": "no",
        "surface": "asphalt",
        "osm_id": "1390953492",
        "osm_type": "way"
      },
      "geometry": {
        "type": "LineString",
        "coordinates": [
          [
            116.341371,
            39.9844001
          ],
          [
            116.3413592,
            39.9846511
          ]
        ]
      }
    },
    {
      "type": "Feature",
      "id": "way/1390953493",
      "properties": {
        "building": "yes",
        "osm_id": "1390953493",
        "osm_type": "way"
      },
      "geometry": {
        "type": "Polygon",
        "coordinates": [
          [
            [
              116.344807,
              39.9817189
            ],
            [
              116.3448094,
              39.9816686
            ],
            [
              116.3449438,
              39.981672
            ],
            [
              116.3450653,
              39.981675
            ],
            [
              116.3450627,
              39.9817303
            ],
            [
              116.3449884,
              39.9817221
            ],
            [
              116.3449596,
              39.9820155
            ],
            [
              116.3449413,
              39.9822017
            ],
            [
              116.3448748,
              39.9821997
            ],
            [
              116.3448902,
              39.9820143
            ],
            [
              116.3449147,
              39.9817203
            ],
            [
              116.344807,
              39.9817189
            ]
          ]
        ]
      }
    },
    {
      "type": "Feature",
      "id": "way/1390953494",
      "properties": {
        "bicycle": "private",
        "foot": "yes",
        "highway": "service",
        "horse": "no",
        "motor_vehicle": "private",
        "name": "校园中路",
        "surface": "asphalt",
        "osm_id": "1390953494",
        "osm_type": "way"
      },
      "geometry": {
        "type": "LineString",
        "coordinates": [
          [
            116.3448902,
            39.9820143
          ],
          [
            116.3439307,
            39.9819906
          ],
          [
            116.3432964,
            39.9819706
          ]
        ]
      }
    },
    {
      "type": "Feature",
      "id": "way/1390953495",
      "properties": {
        "bicycle": "private",
        "foot": "yes",
        "highway": "service",
        "horse": "no",
        "motor_vehicle": "private",
        "name": "校园中路",
        "surface": "asphalt",
        "tunnel": "building_passage",
        "osm_id": "1390953495",
        "osm_type": "way"
      },
      "geometry": {
        "type": "LineString",
        "coordinates": [
          [
            116.3449596,
            39.9820155
          ],
          [
            116.3449245,
            39.9820149
          ],
          [
            116.3448902,
            39.9820143
          ]
        ]
      }
    },
    {
      "type": "Feature",
      "id": "way/1390953496",
      "properties": {
        "building": "yes",
        "osm_id": "1390953496",
        "osm_type": "way"
      },
      "geometry": {
        "type": "Polygon",
        "coordinates": [
          [
            [
              116.3447144,
              39.9837901
            ],
            [
              116.3447167,
              39.9837433
            ],
            [
              116.3447973,
              39.9837422
            ],
            [
              116.3448136,
              39.9834767
            ],
            [
              116.3448168,
              39.9834252
            ],
            [
              116.3448222,
              39.9833367
            ],
            [
              116.3449096,
              39.9833392
            ],
            [
              116.3449018,
              39.9834281
            ],
            [
              116.3448974,
              39.9834788
            ],
            [
              116.3448744,
              39.983743
            ],
            [
              116.344968,
              39.9837455
            ],
            [
              116.3449655,
              39.9837953
            ],
            [
              116.3448383,
              39.9837927
            ],
            [
              116.3447144,
              39.9837901
            ]
          ]
        ]
      }
    },
    {
      "type": "Feature",
      "id": "way/1390953497",
      "properties": {
        "footway": "sidewalk",
        "highway": "footway",
        "osm_id": "1390953497",
        "osm_type": "way"
      },
      "geometry": {
        "type": "LineString",
        "coordinates": [
          [
            116.3448974,
            39.9834788
          ],
          [
            116.3464435,
            39.9835136
          ]
        ]
      }
    },
    {
      "type": "Feature",
      "id": "way/1390953498",
      "properties": {
        "footway": "sidewalk",
        "highway": "footway",
        "tunnel": "building_passage",
        "osm_id": "1390953498",
        "osm_type": "way"
      },
      "geometry": {
        "type": "LineString",
        "coordinates": [
          [
            116.3448136,
            39.9834767
          ],
          [
            116.3448546,
            39.9834776
          ],
          [
            116.3448575,
            39.9834777
          ],
          [
            116.3448974,
            39.9834788
          ]
        ]
      }
    },
    {
      "type": "Feature",
      "id": "way/1390953499",
      "properties": {
        "bicycle": "private",
        "foot": "yes",
        "highway": "service",
        "horse": "no",
        "motor_vehicle": "private",
        "name": "校园北路",
        "surface": "asphalt",
        "osm_id": "1390953499",
        "osm_type": "way"
      },
      "geometry": {
        "type": "LineString",
        "coordinates": [
          [
            116.3449018,
            39.9834281
          ],
          [
            116.3456376,
            39.9834481
          ],
          [
            116.3464452,
            39.9834652
          ],
          [
            116.3467775,
            39.9834687
          ]
        ]
      }
    },
    {
      "type": "Feature",
      "id": "way/1390953500",
      "properties": {
        "bicycle": "private",
        "foot": "yes",
        "highway": "service",
        "horse": "no",
        "motor_vehicle": "private",
        "name": "校园北路",
        "surface": "asphalt",
        "tunnel": "building_passage",
        "osm_id": "1390953500",
        "osm_type": "way"
      },
      "geometry": {
        "type": "LineString",
        "coordinates": [
          [
            116.3448168,
            39.9834252
          ],
          [
            116.3449018,
            39.9834281
          ]
        ]
      }
    },
    {
      "type": "Feature",
      "id": "way/1390953501",
      "properties": {
        "highway": "footway",
        "osm_id": "1390953501",
        "osm_type": "way"
      },
      "geometry": {
        "type": "LineString",
        "coordinates": [
          [
            116.3438976,
            39.9827129
          ],
          [
            116.3440071,
            39.9827166
          ]
        ]
      }
    },
    {
      "type": "Feature",
      "id": "way/1390953502",
      "properties": {
        "highway": "steps",
        "incline": "up",
        "osm_id": "1390953502",
        "osm_type": "way"
      },
      "geometry": {
        "type": "LineString",
        "coordinates": [
          [
            116.3440071,
            39.9827166
          ],
          [
            116.3441165,
            39.9827204
          ]
        ]
      }
    },
    {
      "type": "Feature",
      "id": "way/1390953504",
      "properties": {
        "leisure": "park",
        "name": "晨读园",
        "name:en": "Morning Reading Garden",
        "osm_id": "1390953504",
        "osm_type": "way"
      },
      "geometry": {
        "type": "Polygon",
        "coordinates": [
          [
            [
              116.343262,
              39.9832994
            ],
            [
              116.3433183,
              39.9820358
            ],
            [
              116.3438808,
              39.9820505
            ],
            [
              116.3438249,
              39.9833141
            ],
            [
              116.343262,
              39.9832994
            ]
          ]
        ]
      }
    },
    {
      "type": "Feature",
      "id": "way/1391541467",
      "properties": {
        "highway": "residential",
        "maxspeed": "20",
        "name": "校园南路",
        "name:zh": "校园南路",
        "name:zh-Hans": "校园南路",
        "name:zh-Hant": "校園南路",
        "oneway": "no",
        "sidewalk": "both",
        "surface": "asphalt",
        "osm_id": "1391541467",
        "osm_type": "way"
      },
      "geometry": {
        "type": "LineString",
        "coordinates": [
          [
            116.3354569,
            39.9797483
          ],
          [
            116.3368716,
            39.9797896
          ],
          [
            116.3374602,
            39.9798068
          ],
          [
            116.3381526,
            39.979827
          ]
        ]
      }
    },
    {
      "type": "Feature",
      "id": "way/1391610499",
      "properties": {
        "crossing": "uncontrolled",
        "crossing:island": "no",
        "crossing:markings": "zebra",
        "footway": "crossing",
        "highway": "footway",
        "surface": "asphalt",
        "osm_id": "1391610499",
        "osm_type": "way"
      },
      "geometry": {
        "type": "LineString",
        "coordinates": [
          [
            116.3417415,
            39.9804062
          ],
          [
            116.3417908,
            39.9804072
          ],
          [
            116.3418468,
            39.9804084
          ]
        ]
      }
    },
    {
      "type": "Feature",
      "id": "way/1395898637",
      "properties": {
        "highway": "footway",
        "osm_id": "1395898637",
        "osm_type": "way"
      },
      "geometry": {
        "type": "LineString",
        "coordinates": [
          [
            116.3452248,
            39.9798109
          ],
          [
            116.3452355,
            39.9795019
          ],
          [
            116.3452408,
            39.9793837
          ]
        ]
      }
    },
    {
      "type": "Feature",
      "id": "way/1413416405",
      "properties": {
        "crossing": "uncontrolled",
        "crossing:island": "no",
        "crossing:markings": "zebra",
        "footway": "crossing",
        "highway": "footway",
        "surface": "asphalt",
        "osm_id": "1413416405",
        "osm_type": "way"
      },
      "geometry": {
        "type": "LineString",
        "coordinates": [
          [
            116.3456889,
            39.9801143
          ],
          [
            116.3456909,
            39.9800472
          ],
          [
            116.345693,
            39.9799739
          ]
        ]
      }
    },
    {
      "type": "Feature",
      "id": "way/1413416406",
      "properties": {
        "crossing": "uncontrolled",
        "crossing:island": "no",
        "crossing:markings": "zebra",
        "footway": "crossing",
        "highway": "footway",
        "surface": "asphalt",
        "osm_id": "1413416406",
        "osm_type": "way"
      },
      "geometry": {
        "type": "LineString",
        "coordinates": [
          [
            116.3453909,
            39.980105
          ],
          [
            116.3453933,
            39.9800385
          ],
          [
            116.3453959,
            39.9799647
          ]
        ]
      }
    },
    {
      "type": "Feature",
      "id": "way/1413416407",
      "properties": {
        "crossing": "uncontrolled",
        "crossing:island": "no",
        "crossing:markings": "zebra",
        "footway": "crossing",
        "highway": "footway",
        "surface": "asphalt",
        "osm_id": "1413416407",
        "osm_type": "way"
      },
      "geometry": {
        "type": "LineString",
        "coordinates": [
          [
            116.3446824,
            39.9800831
          ],
          [
            116.3446834,
            39.9800178
          ],
          [
            116.3446838,
            39.9799916
          ],
          [
            116.3446845,
            39.9799428
          ]
        ]
      }
    },
    {
      "type": "Feature",
      "id": "way/1413416408",
      "properties": {
        "crossing": "uncontrolled",
        "crossing:island": "no",
        "crossing:markings": "zebra",
        "footway": "crossing",
        "highway": "footway",
        "surface": "asphalt",
        "osm_id": "1413416408",
        "osm_type": "way"
      },
      "geometry": {
        "type": "LineString",
        "coordinates": [
          [
            116.3427466,
            39.9800229
          ],
          [
            116.3427493,
            39.9799613
          ],
          [
            116.3427526,
            39.979883
          ]
        ]
      }
    },
    {
      "type": "Feature",
      "id": "way/1413416409",
      "properties": {
        "crossing": "uncontrolled",
        "crossing:island": "no",
        "crossing:markings": "zebra",
        "footway": "crossing",
        "highway": "footway",
        "surface": "asphalt",
        "osm_id": "1413416409",
        "osm_type": "way"
      },
      "geometry": {
        "type": "LineString",
        "coordinates": [
          [
            116.3425645,
            39.9800174
          ],
          [
            116.3425671,
            39.979956
          ],
          [
            116.3425705,
            39.9798774
          ]
        ]
      }
    },
    {
      "type": "Feature",
      "id": "way/1413416410",
      "properties": {
        "cycleway": "lane",
        "highway": "service",
        "lanes": "2",
        "lanes:both_ways": "1",
        "maxspeed": "20",
        "name": "校园南路",
        "name:zh": "校园南路",
        "name:zh-Hans": "校园南路",
        "name:zh-Hant": "校園南路",
        "oneway": "no",
        "parking": "no",
        "sidewalk": "both",
        "surface": "asphalt",
        "turn:lanes:backward": "left;through;right",
        "turn:lanes:forward": "through;right",
        "osm_id": "1413416410",
        "osm_type": "way"
      },
      "geometry": {
        "type": "LineString",
        "coordinates": [
          [
            116.3418186,
            39.9799341
          ],
          [
            116.3418758,
            39.9799358
          ],
          [
            116.342262,
            39.9799471
          ],
          [
            116.3425671,
            39.979956
          ],
          [
            116.3426721,
            39.979959
          ],
          [
            116.3427493,
            39.9799613
          ],
          [
            116.3435218,
            39.9799839
          ],
          [
            116.3436599,
            39.9799879
          ],
          [
            116.3437279,
            39.9799899
          ],
          [
            116.3437538,
            39.9799906
          ],
          [
            116.3439482,
            39.9799963
          ]
        ]
      }
    },
    {
      "type": "Feature",
      "id": "way/1413416411",
      "properties": {
        "cycleway": "lane",
        "highway": "service",
        "lanes": "2",
        "lanes:both_ways": "1",
        "lit": "yes",
        "maxspeed": "20",
        "name": "校园东路",
        "name:zh": "校园东路",
        "name:zh-Hans": "校园东路",
        "name:zh-Hant": "校園東路",
        "oneway": "no",
        "parking": "no",
        "sidewalk": "both",
        "surface": "asphalt",
        "turn:lanes:backward": "left;through;right",
        "osm_id": "1413416411",
        "osm_type": "way"
      },
      "geometry": {
        "type": "LineString",
        "coordinates": [
          [
            116.3418186,
            39.9799341
          ],
          [
            116.3418206,
            39.9798541
          ],
          [
            116.3418255,
            39.9796608
          ],
          [
            116.3418349,
            39.979503
          ],
          [
            116.3418698,
            39.978704
          ],
          [
            116.3419101,
            39.9780197
          ],
          [
            116.3419145,
            39.9779582
          ],
          [
            116.3419333,
            39.9776174
          ],
          [
            116.3419578,
            39.9770773
          ],
          [
            116.3419502,
            39.9769032
          ],
          [
            116.3419655,
            39.9764897
          ],
          [
            116.342018,
            39.9758367
          ],
          [
            116.3420483,
            39.9752224
          ],
          [
            116.3420841,
            39.9751308
          ]
        ]
      }
    },
    {
      "type": "Feature",
      "id": "way/1413416412",
      "properties": {
        "cycleway": "lane",
        "highway": "service",
        "lanes": "2",
        "lanes:both_ways": "1",
        "maxspeed": "20",
        "name": "校园南路",
        "name:zh": "校园南路",
        "name:zh-Hans": "校园南路",
        "name:zh-Hant": "校園南路",
        "oneway": "no",
        "parking": "no",
        "sidewalk": "both",
        "surface": "asphalt",
        "turn:lanes:backward": "left;through",
        "osm_id": "1413416412",
        "osm_type": "way"
      },
      "geometry": {
        "type": "LineString",
        "coordinates": [
          [
            116.3439482,
            39.9799963
          ],
          [
            116.3440956,
            39.9800006
          ],
          [
            116.3441463,
            39.9800021
          ],
          [
            116.3442381,
            39.9800048
          ],
          [
            116.3445269,
            39.9800132
          ],
          [
            116.3446834,
            39.9800178
          ],
          [
            116.3451937,
            39.9800327
          ],
          [
            116.3453933,
            39.9800385
          ],
          [
            116.3455278,
            39.9800425
          ],
          [
            116.3455949,
            39.9800444
          ]
        ]
      }
    },
    {
      "type": "Feature",
      "id": "way/1413462453",
      "properties": {
        "cycleway": "lane",
        "highway": "service",
        "lanes": "2",
        "lanes:both_ways": "1",
        "lit": "yes",
        "maxspeed": "20",
        "name": "校园东路",
        "name:zh": "校园东路",
        "name:zh-Hans": "校园东路",
        "name:zh-Hant": "校園東路",
        "oneway": "no",
        "parking": "no",
        "sidewalk": "both",
        "surface": "asphalt",
        "turn:lanes:backward": "left,through",
        "turn:lanes:forward": "left;through;right",
        "osm_id": "1413462453",
        "osm_type": "way"
      },
      "geometry": {
        "type": "LineString",
        "coordinates": [
          [
            116.3417139,
            39.9818893
          ],
          [
            116.3417167,
            39.9818376
          ],
          [
            116.3417215,
            39.9817495
          ],
          [
            116.3417342,
            39.9815171
          ],
          [
            116.3417589,
            39.9809666
          ],
          [
            116.3417654,
            39.9808203
          ],
          [
            116.34178,
            39.980625
          ],
          [
            116.3417908,
            39.9804072
          ],
          [
            116.3417927,
            39.98037
          ],
          [
            116.3418119,
            39.9800544
          ],
          [
            116.3418156,
            39.9799941
          ],
          [
            116.3418186,
            39.9799341
          ]
        ]
      }
    },
    {
      "type": "Feature",
      "id": "way/1413462454",
      "properties": {
        "crossing": "uncontrolled",
        "crossing:island": "no",
        "crossing:markings": "zebra",
        "footway": "crossing",
        "highway": "footway",
        "surface": "asphalt",
        "osm_id": "1413462454",
        "osm_type": "way"
      },
      "geometry": {
        "type": "LineString",
        "coordinates": [
          [
            116.3407941,
            39.9818088
          ],
          [
            116.340792,
            39.9818594
          ],
          [
            116.3407901,
            39.9819063
          ]
        ]
      }
    },
    {
      "type": "Feature",
      "id": "way/1414245219",
      "properties": {
        "bicycle": "no",
        "foot": "yes",
        "highway": "footway",
        "horse": "no",
        "osm_id": "1414245219",
        "osm_type": "way"
      },
      "geometry": {
        "type": "LineString",
        "coordinates": [
          [
            116.3432222,
            39.9833775
          ],
          [
            116.3432228,
            39.9834407
          ],
          [
            116.3432275,
            39.9839018
          ],
          [
            116.343227,
            39.9839342
          ],
          [
            116.3431607,
            39.9851857
          ]
        ]
      }
    },
    {
      "type": "Feature",
      "id": "way/1414245220",
      "properties": {
        "highway": "service",
        "surface": "asphalt",
        "tunnel": "building_passage",
        "osm_id": "1414245220",
        "osm_type": "way"
      },
      "geometry": {
        "type": "LineString",
        "coordinates": [
          [
            116.3449245,
            39.9820149
          ],
          [
            116.3449438,
            39.981672
          ]
        ]
      }
    },
    {
      "type": "Feature",
      "id": "way/1414245221",
      "properties": {
        "highway": "service",
        "surface": "asphalt",
        "osm_id": "1414245221",
        "osm_type": "way"
      },
      "geometry": {
        "type": "LineString",
        "coordinates": [
          [
            116.3449438,
            39.981672
          ],
          [
            116.3449537,
            39.9815008
          ]
        ]
      }
    },
    {
      "type": "Feature",
      "id": "way/1414245222",
      "properties": {
        "highway": "footway",
        "surface": "asphalt",
        "osm_id": "1414245222",
        "osm_type": "way"
      },
      "geometry": {
        "type": "LineString",
        "coordinates": [
          [
            116.3441179,
            39.9808156
          ],
          [
            116.3441137,
            39.9808986
          ],
          [
            116.3440886,
            39.9813758
          ],
          [
            116.344084,
            39.9814788
          ]
        ]
      }
    },
    {
      "type": "Feature",
      "id": "way/1414245223",
      "properties": {
        "highway": "footway",
        "surface": "asphalt",
        "tunnel": "building_passage",
        "osm_id": "1414245223",
        "osm_type": "way"
      },
      "geometry": {
        "type": "LineString",
        "coordinates": [
          [
            116.3448546,
            39.9834776
          ],
          [
            116.3448383,
            39.9837927
          ]
        ]
      }
    },
    {
      "type": "Feature",
      "id": "way/1414245224",
      "properties": {
        "highway": "footway",
        "surface": "asphalt",
        "osm_id": "1414245224",
        "osm_type": "way"
      },
      "geometry": {
        "type": "LineString",
        "coordinates": [
          [
            116.3448383,
            39.9837927
          ],
          [
            116.3448311,
            39.9839434
          ]
        ]
      }
    },
    {
      "type": "Feature",
      "id": "way/1414419622",
      "properties": {
        "highway": "footway",
        "osm_id": "1414419622",
        "osm_type": "way"
      },
      "geometry": {
        "type": "LineString",
        "coordinates": [
          [
            116.3466892,
            39.9802974
          ],
          [
            116.3466761,
            39.9808337
          ]
        ]
      }
    },
    {
      "type": "Feature",
      "id": "way/1414916795",
      "properties": {
        "highway": "footway",
        "osm_id": "1414916795",
        "osm_type": "way"
      },
      "geometry": {
        "type": "LineString",
        "coordinates": [
          [
            116.3423025,
            39.9856666
          ],
          [
            116.3422809,
            39.9863125
          ],
          [
            116.3413255,
            39.9862987
          ],
          [
            116.3413219,
            39.9868419
          ],
          [
            116.342291,
            39.9868546
          ]
        ]
      }
    },
    {
      "type": "Feature",
      "id": "way/1420326986",
      "properties": {
        "highway": "footway",
        "osm_id": "1420326986",
        "osm_type": "way"
      },
      "geometry": {
        "type": "LineString",
        "coordinates": [
          [
            116.3418546,
            39.9833628
          ],
          [
            116.3418522,
            39.9834097
          ]
        ]
      }
    },
    {
      "type": "Feature",
      "id": "way/1478721485",
      "properties": {
        "highway": "residential",
        "surface": "asphalt",
        "osm_id": "1478721485",
        "osm_type": "way"
      },
      "geometry": {
        "type": "LineString",
        "coordinates": [
          [
            116.3422507,
            39.9875169
          ],
          [
            116.342291,
            39.9868546
          ],
          [
            116.342324,
            39.9863132
          ],
          [
            116.3423407,
            39.9860394
          ],
          [
            116.3423583,
            39.98575
          ],
          [
            116.3423634,
            39.9856665
          ],
          [
            116.3423637,
            39.9856596
          ],
          [
            116.3423679,
            39.9855531
          ]
        ]
      }
    },
    {
      "type": "Feature",
      "id": "way/1478721494",
      "properties": {
        "highway": "service",
        "osm_id": "1478721494",
        "osm_type": "way"
      },
      "geometry": {
        "type": "LineString",
        "coordinates": [
          [
            116.3361409,
            39.9856998
          ],
          [
            116.3357837,
            39.9856916
          ],
          [
            116.3357595,
            39.9856921
          ]
        ]
      }
    },
    {
      "type": "Feature",
      "id": "way/1478721496",
      "properties": {
        "highway": "service",
        "osm_id": "1478721496",
        "osm_type": "way"
      },
      "geometry": {
        "type": "LineString",
        "coordinates": [
          [
            116.3361409,
            39.9856998
          ],
          [
            116.3361372,
            39.9857841
          ]
        ]
      }
    },
    {
      "type": "Feature",
      "id": "way/1539372990",
      "properties": {
        "highway": "tertiary",
        "junction": "roundabout",
        "osm_id": "1539372990",
        "osm_type": "way"
      },
      "geometry": {
        "type": "LineString",
        "coordinates": [
          [
            116.3467686,
            39.9851371
          ],
          [
            116.3470517,
            39.9850152
          ]
        ]
      }
    },
    {
      "type": "Feature",
      "id": "way/1539372991",
      "properties": {
        "highway": "tertiary",
        "junction": "roundabout",
        "osm_id": "1539372991",
        "osm_type": "way"
      },
      "geometry": {
        "type": "LineString",
        "coordinates": [
          [
            116.3475933,
            39.9850363
          ],
          [
            116.3477912,
            39.9852034
          ]
        ]
      }
    },
    {
      "type": "Feature",
      "id": "way/1557758704",
      "properties": {
        "highway": "service",
        "osm_id": "1557758704",
        "osm_type": "way"
      },
      "geometry": {
        "type": "LineString",
        "coordinates": [
          [
            116.3348972,
            39.9777264
          ],
          [
            116.3349491,
            39.9773911
          ]
        ]
      }
    },
    {
      "type": "Feature",
      "id": "way/1557758705",
      "properties": {
        "bicycle": "designated",
        "foot": "designated",
        "highway": "cycleway",
        "osm_id": "1557758705",
        "osm_type": "way"
      },
      "geometry": {
        "type": "LineString",
        "coordinates": [
          [
            116.3349491,
            39.9773911
          ],
          [
            116.3352057,
            39.9774083
          ]
        ]
      }
    },
    {
      "type": "Feature",
      "id": "relation/7940925",
      "properties": {
        "area": "yes",
        "building:levels": "11",
        "name": "新主楼",
        "name:de": "Neues Hauptgebaüde",
        "name:en": "New Main Building",
        "name:zh": "新主楼",
        "name:zh-Hans": "新主楼",
        "name:zh-Hant": "新主樓",
        "type": "multipolygon",
        "osm_id": "7940925",
        "osm_type": "relation"
      },
      "geometry": {
        "type": "Polygon",
        "coordinates": [
          [
            [
              116.3442353,
              39.9797238
            ],
            [
              116.3456112,
              39.9797616
            ],
            [
              116.3468556,
              39.9797961
            ],
            [
              116.3469351,
              39.9781047
            ],
            [
              116.3456252,
              39.9780686
            ],
            [
              116.3443148,
              39.9780324
            ],
            [
              116.3442353,
              39.9797238
            ]
          ],
          [
            [
              116.3448181,
              39.9793612
            ],
            [
              116.345625,
              39.9793957
            ],
            [
              116.3463282,
              39.9793986
            ],
            [
              116.3463543,
              39.9787803
            ],
            [
              116.346363,
              39.9785728
            ],
            [
              116.346368,
              39.9784553
            ],
            [
              116.3448578,
              39.9784179
            ],
            [
              116.3448181,
              39.9793612
            ]
          ]
        ]
      }
    },
    {
      "type": "Feature",
      "id": "relation/10180556",
      "properties": {
        "building": "yes",
        "layer": "1",
        "leisure": "track",
        "lit": "yes",
        "name": "体育场",
        "name:de": "Sportplatz",
        "name:en": "Sporting Field",
        "name:zh": "体育场",
        "name:zh-Hans": "体育场",
        "name:zh-Hant": "體育場",
        "sport": "athletics",
        "surface": "tartan",
        "type": "multipolygon",
        "osm_id": "10180556",
        "osm_type": "relation"
      },
      "geometry": {
        "type": "Polygon",
        "coordinates": [
          [
            [
              116.3389914,
              39.9780804
            ],
            [
              116.3392112,
              39.9780877
            ],
            [
              116.3392165,
              39.9780209
            ],
            [
              116.3393841,
              39.9780236
            ],
            [
              116.3396902,
              39.9780284
            ],
            [
              116.3398913,
              39.9780316
            ],
            [
              116.3402158,
              39.9780367
            ],
            [
              116.3403896,
              39.9780395
            ],
            [
              116.3404302,
              39.9780401
            ],
            [
              116.3403577,
              39.9793861
            ],
            [
              116.3403414,
              39.9796888
            ],
            [
              116.340304,
              39.9796879
            ],
            [
              116.3401782,
              39.979685
            ],
            [
              116.3399206,
              39.9796789
            ],
            [
              116.3397623,
              39.9796752
            ],
            [
              116.3396204,
              39.9796718
            ],
            [
              116.3395156,
              39.9796694
            ],
            [
              116.3392877,
              39.979664
            ],
            [
              116.3389017,
              39.9796527
            ],
            [
              116.3389914,
              39.9780804
            ]
          ],
          [
            [
              116.3393435,
              39.9793132
            ],
            [
              116.3393918,
              39.9793974
            ],
            [
              116.3394481,
              39.9794735
            ],
            [
              116.3395034,
              39.9795216
            ],
            [
              116.3395797,
              39.9795616
            ],
            [
              116.3396955,
              39.9795945
            ],
            [
              116.339823,
              39.9796023
            ],
            [
              116.3399094,
              39.9795803
            ],
            [
              116.3400194,
              39.979531
            ],
            [
              116.340124,
              39.9794426
            ],
            [
              116.3401669,
              39.979381
            ],
            [
              116.340242,
              39.9784746
            ],
            [
              116.3402179,
              39.9784129
            ],
            [
              116.3401803,
              39.9783348
            ],
            [
              116.3401347,
              39.9782711
            ],
            [
              116.3400704,
              39.9782321
            ],
            [
              116.3399872,
              39.9781971
            ],
            [
              116.3399228,
              39.9781786
            ],
            [
              116.3398397,
              39.9781622
            ],
            [
              116.3397405,
              39.9781704
            ],
            [
              116.3396466,
              39.978193
            ],
            [
              116.3395661,
              39.9782238
            ],
            [
              116.3394964,
              39.9782814
            ],
            [
              116.3394186,
              39.9783574
            ],
            [
              116.3393435,
              39.9793132
            ]
          ]
        ]
      }
    },
    {
      "type": "Feature",
      "id": "relation/11949167",
      "properties": {
        "intermittent": "yes",
        "natural": "water",
        "type": "multipolygon",
        "water": "pond",
        "osm_id": "11949167",
        "osm_type": "relation"
      },
      "geometry": {
        "type": "Polygon",
        "coordinates": [
          [
            [
              116.341286,
              39.9827552
            ],
            [
              116.3411595,
              39.9828196
            ],
            [
              116.3410058,
              39.9828479
            ],
            [
              116.3408804,
              39.9828223
            ],
            [
              116.3408266,
              39.9828022
            ],
            [
              116.3408035,
              39.9827557
            ],
            [
              116.3407446,
              39.9827009
            ],
            [
              116.340726,
              39.9826299
            ],
            [
              116.34083,
              39.982575
            ],
            [
              116.3408766,
              39.9825069
            ],
            [
              116.340949,
              39.982383
            ],
            [
              116.3409746,
              39.9823018
            ],
            [
              116.3409942,
              39.9822193
            ],
            [
              116.3409835,
              39.9821545
            ],
            [
              116.3410004,
              39.9821113
            ],
            [
              116.3410389,
              39.9820891
            ],
            [
              116.341118,
              39.9820722
            ],
            [
              116.3411783,
              39.9820827
            ],
            [
              116.3412286,
              39.982113
            ],
            [
              116.341297,
              39.9820981
            ],
            [
              116.3413731,
              39.9821169
            ],
            [
              116.3414422,
              39.9821617
            ],
            [
              116.3414378,
              39.9822856
            ],
            [
              116.3414145,
              39.9823408
            ],
            [
              116.3414237,
              39.9824142
            ],
            [
              116.3414184,
              39.9825044
            ],
            [
              116.3414005,
              39.9825949
            ],
            [
              116.3413574,
              39.9826867
            ],
            [
              116.341286,
              39.9827552
            ]
          ]
        ]
      }
    },
    {
      "type": "Feature",
      "id": "relation/18849853",
      "properties": {
        "addr:district": "海淀区",
        "addr:housenumber": "37",
        "addr:postcode": "100083",
        "addr:province": "北京市",
        "addr:street": "学院路",
        "alt_name": "BUAA",
        "alt_name:en": "Beijing University of Aeronautics and Astronautics",
        "amenity": "university",
        "education": "university",
        "faculty": "aerospace",
        "name": "北京航空航天大学(学院路校区)",
        "name:en": "Beihang University",
        "name:zh": "北京航空航天大学",
        "name:zh-Hans": "北京航空航天大学",
        "name:zh-Hant": "北京航空航天大學",
        "short_name": "北航",
        "type": "multipolygon",
        "wikidata": "Q2299797",
        "wikipedia": "zh:北京航空航天大学",
        "osm_id": "18849853",
        "osm_type": "relation"
      },
      "geometry": {
        "type": "Polygon",
        "coordinates": [
          [
            [
              116.3424551,
              39.9839064
            ],
            [
              116.343227,
              39.9839342
            ],
            [
              116.3433207,
              39.9839368
            ],
            [
              116.3432752,
              39.9849269
            ],
            [
              116.3432692,
              39.985057
            ],
            [
              116.3445752,
              39.9851051
            ],
            [
              116.3445852,
              39.985004
            ],
            [
              116.3450481,
              39.9850197
            ],
            [
              116.3450661,
              39.9846084
            ],
            [
              116.3453619,
              39.9846101
            ],
            [
              116.3453579,
              39.9839943
            ],
            [
              116.3464804,
              39.9840114
            ],
            [
              116.3465035,
              39.9835319
            ],
            [
              116.3470269,
              39.9835431
            ],
            [
              116.3470662,
              39.9828358
            ],
            [
              116.3472147,
              39.9803057
            ],
            [
              116.3472232,
              39.980162
            ],
            [
              116.3472273,
              39.9800921
            ],
            [
              116.3472291,
              39.9800215
            ],
            [
              116.3472802,
              39.9786795
            ],
            [
              116.3473152,
              39.9780213
            ],
            [
              116.3457799,
              39.9779666
            ],
            [
              116.3458012,
              39.977583
            ],
            [
              116.3458067,
              39.9774702
            ],
            [
              116.3459581,
              39.9774745
            ],
            [
              116.3460075,
              39.9766026
            ],
            [
              116.3443187,
              39.9765548
            ],
            [
              116.3443531,
              39.9758893
            ],
            [
              116.344197,
              39.9758871
            ],
            [
              116.342018,
              39.9758367
            ],
            [
              116.3419586,
              39.9758303
            ],
            [
              116.3412463,
              39.9757788
            ],
            [
              116.3399628,
              39.975744
            ],
            [
              116.3399094,
              39.9766472
            ],
            [
              116.3396354,
              39.9766409
            ],
            [
              116.3395956,
              39.9774104
            ],
            [
              116.3394521,
              39.9774243
            ],
            [
              116.3394626,
              39.9772309
            ],
            [
              116.3389578,
              39.9772181
            ],
            [
              116.3389605,
              39.9769933
            ],
            [
              116.3384724,
              39.9771973
            ],
            [
              116.3380606,
              39.9772577
            ],
            [
              116.3355159,
              39.9771931
            ],
            [
              116.3354723,
              39.9772745
            ],
            [
              116.3354694,
              39.9773681
            ],
            [
              116.3354568,
              39.9774401
            ],
            [
              116.3356686,
              39.9774848
            ],
            [
              116.3358642,
              39.9774971
            ],
            [
              116.3361163,
              39.9774783
            ],
            [
              116.3367045,
              39.9774848
            ],
            [
              116.3368868,
              39.9774461
            ],
            [
              116.3369955,
              39.9774616
            ],
            [
              116.3369244,
              39.9774582
            ],
            [
              116.3369186,
              39.9775585
            ],
            [
              116.3357399,
              39.9775142
            ],
            [
              116.3356839,
              39.9777428
            ],
            [
              116.3354157,
              39.9794492
            ],
            [
              116.3353168,
              39.9794478
            ],
            [
              116.3352911,
              39.9795955
            ],
            [
              116.3352691,
              39.9797217
            ],
            [
              116.3349453,
              39.9796975
            ],
            [
              116.3346955,
              39.9815797
            ],
            [
              116.3348245,
              39.9815868
            ],
            [
              116.3348179,
              39.9816779
            ],
            [
              116.334806,
              39.9818927
            ],
            [
              116.3349175,
              39.9818961
            ],
            [
              116.33489,
              39.9823713
            ],
            [
              116.3348552,
              39.9831073
            ],
            [
              116.3348658,
              39.9831197
            ],
            [
              116.3348648,
              39.9832059
            ],
            [
              116.3348589,
              39.9832449
            ],
            [
              116.3347872,
              39.9845783
            ],
            [
              116.3378949,
              39.984747
            ],
            [
              116.3384463,
              39.9847616
            ],
            [
              116.3384481,
              39.9846544
            ],
            [
              116.338962,
              39.9846728
            ],
            [
              116.3391192,
              39.9846767
            ],
            [
              116.3401233,
              39.9847101
            ],
            [
              116.3402359,
              39.9848143
            ],
            [
              116.3414924,
              39.9848364
            ],
            [
              116.3415912,
              39.9848574
            ],
            [
              116.3417341,
              39.9848695
            ],
            [
              116.3417463,
              39.9846666
            ],
            [
              116.3422187,
              39.9846782
            ],
            [
              116.342231,
              39.9844512
            ],
            [
              116.3422433,
              39.9843129
            ],
            [
              116.342443,
              39.9843165
            ],
            [
              116.3424551,
              39.9839064
            ]
          ]
        ]
      }
    },
    {
      "type": "Feature",
      "id": "relation/19193656",
      "properties": {
        "leisure": "park",
        "name": "静园",
        "name:en": "Tranquility Garden",
        "type": "multipolygon",
        "osm_id": "19193656",
        "osm_type": "relation"
      },
      "geometry": {
        "type": "Polygon",
        "coordinates": [
          [
            [
              116.3457224,
              39.9826788
            ],
            [
              116.3457401,
              39.9820994
            ],
            [
              116.3467627,
              39.9821177
            ],
            [
              116.346745,
              39.9826973
            ],
            [
              116.3457224,
              39.9826788
            ]
          ]
        ]
      }
    },
    {
      "type": "Feature",
      "id": "relation/19193656/1",
      "properties": {
        "leisure": "park",
        "name": "静园",
        "name:en": "Tranquility Garden",
        "type": "multipolygon",
        "osm_id": "19193656",
        "osm_type": "relation"
      },
      "geometry": {
        "type": "Polygon",
        "coordinates": [
          [
            [
              116.3457208,
              39.9833759
            ],
            [
              116.3467038,
              39.9834028
            ],
            [
              116.3467249,
              39.9829517
            ],
            [
              116.3457419,
              39.9829245
            ],
            [
              116.3457208,
              39.9833759
            ]
          ]
        ]
      }
    },
    {
      "type": "Feature",
      "id": "way/163057019",
      "properties": {
        "bridge": "yes",
        "highway": "footway",
        "osm_id": "163057019",
        "osm_type": "way"
      },
      "geometry": {
        "type": "LineString",
        "coordinates": [
          [
            116.348113,
            39.9782074
          ],
          [
            116.3481199,
            39.9780051
          ],
          [
            116.3481286,
            39.9778063
          ]
        ]
      }
    },
    {
      "type": "Feature",
      "id": "way/193285486",
      "properties": {
        "highway": "footway",
        "osm_id": "193285486",
        "osm_type": "way"
      },
      "geometry": {
        "type": "LineString",
        "coordinates": [
          [
            116.348562,
            39.9799534
          ],
          [
            116.3485613,
            39.9799833
          ],
          [
            116.3485606,
            39.9800112
          ]
        ]
      }
    },
    {
      "type": "Feature",
      "id": "way/544287644",
      "properties": {
        "addr:housenumber": "甲38",
        "addr:street": "学院路",
        "building": "commercial",
        "name": "长城电脑大厦",
        "name:zh": "长城电脑大厦",
        "name:zh-Hans": "长城电脑大厦",
        "name:zh-Hant": "長城電腦大廈",
        "osm_id": "544287644",
        "osm_type": "way"
      },
      "geometry": {
        "type": "Polygon",
        "coordinates": [
          [
            [
              116.3480737,
              39.9807487
            ],
            [
              116.349643,
              39.9807811
            ],
            [
              116.3496557,
              39.9804201
            ],
            [
              116.3493863,
              39.9804145
            ],
            [
              116.349388,
              39.9803667
            ],
            [
              116.3488164,
              39.9803369
            ],
            [
              116.3484756,
              39.9803478
            ],
            [
              116.3483997,
              39.9804176
            ],
            [
              116.348339,
              39.980403
            ],
            [
              116.3482442,
              39.9804147
            ],
            [
              116.3481835,
              39.9804786
            ],
            [
              116.3481835,
              39.9805658
            ],
            [
              116.3480773,
              39.9806472
            ],
            [
              116.3480737,
              39.9807487
            ]
          ]
        ]
      }
    },
    {
      "type": "Feature",
      "id": "way/627207902",
      "properties": {
        "building": "college",
        "osm_id": "627207902",
        "osm_type": "way"
      },
      "geometry": {
        "type": "Polygon",
        "coordinates": [
          [
            [
              116.3485983,
              39.9788229
            ],
            [
              116.3486456,
              39.9787297
            ],
            [
              116.3485814,
              39.9786882
            ],
            [
              116.3486354,
              39.9785406
            ],
            [
              116.3486591,
              39.9784163
            ],
            [
              116.3486354,
              39.9783361
            ],
            [
              116.3485983,
              39.9782118
            ],
            [
              116.3486861,
              39.9781988
            ],
            [
              116.3486321,
              39.9780952
            ],
            [
              116.3487943,
              39.9780357
            ],
            [
              116.3488652,
              39.978116
            ],
            [
              116.3488855,
              39.9781859
            ],
            [
              116.3488458,
              39.9787446
            ],
            [
              116.348845,
              39.9787556
            ],
            [
              116.3487267,
              39.9788954
            ],
            [
              116.3485983,
              39.9788229
            ]
          ]
        ]
      }
    },
    {
      "type": "Feature",
      "id": "way/658253360",
      "properties": {
        "highway": "residential",
        "osm_id": "658253360",
        "osm_type": "way"
      },
      "geometry": {
        "type": "LineString",
        "coordinates": [
          [
            116.3480056,
            39.9778828
          ],
          [
            116.3512999,
            39.9779625
          ],
          [
            116.3513815,
            39.9779645
          ],
          [
            116.3520027,
            39.97798
          ],
          [
            116.352628,
            39.9779956
          ]
        ]
      }
    },
    {
      "type": "Feature",
      "id": "way/739539792",
      "properties": {
        "highway": "tertiary",
        "name": "学院路",
        "name:en": "Xueyuan Road",
        "name:zh": "学院路",
        "name:zh-Hans": "学院路",
        "name:zh-Hant": "學院路",
        "oneway": "yes",
        "osm_id": "739539792",
        "osm_type": "way"
      },
      "geometry": {
        "type": "LineString",
        "coordinates": [
          [
            116.3480503,
            39.9768749
          ],
          [
            116.3480428,
            39.9770261
          ],
          [
            116.348041,
            39.9770635
          ],
          [
            116.3480282,
            39.9773237
          ]
        ]
      }
    },
    {
      "type": "Feature",
      "id": "way/957172238",
      "properties": {
        "highway": "footway",
        "osm_id": "957172238",
        "osm_type": "way"
      },
      "geometry": {
        "type": "LineString",
        "coordinates": [
          [
            116.3480095,
            39.9777869
          ],
          [
            116.3481308,
            39.977788
          ],
          [
            116.3481286,
            39.9778063
          ]
        ]
      }
    },
    {
      "type": "Feature",
      "id": "way/1105975269",
      "properties": {
        "addr:housenumber": "52",
        "addr:street": "花园北路",
        "building": "apartments",
        "name": "牡丹园A号楼",
        "osm_id": "1105975269",
        "osm_type": "way"
      },
      "geometry": {
        "type": "Polygon",
        "coordinates": [
          [
            [
              116.3482969,
              39.9792029
            ],
            [
              116.3482796,
              39.9797505
            ],
            [
              116.3490299,
              39.9797644
            ],
            [
              116.3490472,
              39.9792168
            ],
            [
              116.3482969,
              39.9792029
            ]
          ]
        ]
      }
    },
    {
      "type": "Feature",
      "id": "way/1125741563",
      "properties": {
        "building": "yes",
        "name": "中国电信博物馆",
        "name:en": "China Telecom Museum",
        "tourism": "museum",
        "osm_id": "1125741563",
        "osm_type": "way"
      },
      "geometry": {
        "type": "Polygon",
        "coordinates": [
          [
            [
              116.3484721,
              39.9773798
            ],
            [
              116.3484735,
              39.9769406
            ],
            [
              116.349021,
              39.9769416
            ],
            [
              116.3490196,
              39.9773808
            ],
            [
              116.3484721,
              39.9773798
            ]
          ]
        ]
      }
    },
    {
      "type": "Feature",
      "id": "way/1315051512",
      "properties": {
        "building": "yes",
        "name": "有朋馆",
        "osm_id": "1315051512",
        "osm_type": "way"
      },
      "geometry": {
        "type": "Polygon",
        "coordinates": [
          [
            [
              116.3480644,
              39.9810488
            ],
            [
              116.348068,
              39.980938
            ],
            [
              116.3484149,
              39.9809463
            ],
            [
              116.3484131,
              39.9810571
            ],
            [
              116.3480644,
              39.9810488
            ]
          ]
        ]
      }
    }
  ]
}