{"type":"FeatureCollection","name":"shahe","attribution":"© OpenStreetMap contributors · ODbL 1.0","license":"https://opendatacommons.org/licenses/odbl/1-0/","retrievedAt":"2026-09-12T07:52:59.205Z","features":[{"type":"Feature","id":"relation/13607073/0","properties":{"landuse":"construction","type":"multipolygon","source":"OpenStreetMap"},"geometry":{"type":"Polygon","coordinates":[[[116.2608091,40.1555478],[116.2589687,40.1550616],[116.2593871,40.1540405],[116.261269,40.1545215],[116.2608091,40.1555478]]]}},{"type":"Feature","id":"way/48043983","properties":{"bridge":"yes","highway":"tertiary","layer":"1","name":"满井桥","source":"OpenStreetMap"},"geometry":{"type":"LineString","coordinates":[[116.2490011,40.1477737],[116.2511781,40.1483063]]}},{"type":"Feature","id":"way/48043984","properties":{"highway":"tertiary","source":"OpenStreetMap"},"geometry":{"type":"LineString","coordinates":[[116.2490011,40.1477737],[116.2474141,40.1473552],[116.2472963,40.1473383],[116.2471824,40.1473678],[116.2470849,40.1474242],[116.2470368,40.147493],[116.2470176,40.1475716],[116.2470359,40.1476546],[116.2470974,40.1477362],[116.2472198,40.1477994],[116.2484582,40.1481347],[116.2485632,40.1481584]]}},{"type":"Feature","id":"way/48043990","properties":{"highway":"tertiary","oneway":"yes","source":"OpenStreetMap"},"geometry":{"type":"LineString","coordinates":[[116.2502887,40.1485889],[116.250107,40.1485729],[116.2499311,40.1485824]]}},{"type":"Feature","id":"way/48044021","properties":{"highway":"tertiary","oneway":"yes","source":"OpenStreetMap"},"geometry":{"type":"LineString","coordinates":[[116.2528399,40.1487806],[116.2521133,40.1486332]]}},{"type":"Feature","id":"way/48044036","properties":{"highway":"primary","name":"高教园中街","oneway":"yes","source":"OpenStreetMap"},"geometry":{"type":"LineString","coordinates":[[116.2526497,40.1537763],[116.2527767,40.1538153],[116.2532454,40.1539416],[116.2542015,40.1541876],[116.2555175,40.1545161],[116.2566262,40.1547891]]}},{"type":"Feature","id":"way/48044039","properties":{"cycleway:right":"track","highway":"primary","name":"高教园中街","name:zh":"高教园中街","name:zh-Hans":"高教园中街","name:zh-Hant":"高教園中街","oneway":"yes","source":"OpenStreetMap"},"geometry":{"type":"LineString","coordinates":[[116.2680991,40.15834],[116.2681081,40.1582506],[116.2681047,40.1581538],[116.2680938,40.1580674],[116.2680744,40.1579852],[116.2680619,40.1579559],[116.2680457,40.157928],[116.2680227,40.157905],[116.2679936,40.157882],[116.267938,40.1578446],[116.2678842,40.1578158],[116.2677962,40.1577827],[116.2676896,40.157749],[116.267502,40.157708],[116.2660678,40.1573403],[116.2648835,40.1570366],[116.2632021,40.1566114],[116.2625514,40.1564484],[116.2623759,40.1564045],[116.2617649,40.1562507],[116.2607223,40.1559884],[116.2567496,40.1549719]]}},{"type":"Feature","id":"way/48044044","properties":{"bridge":"yes","highway":"footway","layer":"1","source":"OpenStreetMap"},"geometry":{"type":"LineString","coordinates":[[116.2508724,40.1458712],[116.2510248,40.145674],[116.2516042,40.1459529],[116.2518155,40.1456918]]}},{"type":"Feature","id":"way/84355048","properties":{"highway":"primary","name":"北沙河中路","name:zh":"北沙河中路","name:zh-Hans":"北沙河中路","name:zh-Hant":"北沙河中路","oneway":"yes","source":"OpenStreetMap"},"geometry":{"type":"LineString","coordinates":[[116.2685378,40.1572451],[116.268592,40.1571028],[116.268634,40.1570013],[116.268673,40.1568851],[116.268729,40.15675],[116.2688025,40.1566043],[116.2688612,40.1564651],[116.2688998,40.1563863],[116.2689291,40.1563076],[116.2692398,40.1556084],[116.2693209,40.1554259],[116.2700685,40.1536301],[116.2701259,40.1534984]]}},{"type":"Feature","id":"way/84355055","properties":{"highway":"primary","name":"北沙河中路","name:zh":"北沙河中路","name:zh-Hans":"北沙河中路","name:zh-Hant":"北沙河中路","oneway":"yes","source":"OpenStreetMap"},"geometry":{"type":"LineString","coordinates":[[116.2733796,40.146061],[116.2733459,40.1461427],[116.2726737,40.1478067],[116.2719182,40.1497849]]}},{"type":"Feature","id":"way/84355070","properties":{"highway":"primary","name":"百沙路","name:zh":"百沙路","name:zh-Hans":"百沙路","name:zh-Hant":"百沙路","oneway":"yes","source":"OpenStreetMap"},"geometry":{"type":"LineString","coordinates":[[116.2733796,40.146061],[116.273207,40.1460159],[116.2700436,40.1451944],[116.2698291,40.1451385],[116.2631133,40.1431129],[116.2629538,40.143064],[116.2628682,40.1430378],[116.2610106,40.1424684],[116.260507,40.1423082],[116.2577403,40.1414282]]}},{"type":"Feature","id":"way/84355086","properties":{"alt_name":"八达岭高速","alt_name:en":"Badaling Expressway","highway":"motorway","lanes":"3","name":"京藏高速","name:en":"Beijing-Lasa Expwy","oneway":"yes","ref":"G6;G110","short_name":"京藏高速","source":"OpenStreetMap"},"geometry":{"type":"LineString","coordinates":[[116.2554577,40.1409927],[116.2526312,40.1444188]]}},{"type":"Feature","id":"way/84355105","properties":{"highway":"primary","name":"高教园中街","oneway":"yes","source":"OpenStreetMap"},"geometry":{"type":"LineString","coordinates":[[116.2711463,40.1580645],[116.2711264,40.1581514],[116.2711225,40.1582039],[116.2711252,40.1582591],[116.2711366,40.1583004],[116.2711547,40.1583399],[116.2711748,40.158369],[116.27121,40.1584222],[116.2712601,40.1584725],[116.2713167,40.1585118],[116.2713953,40.1585548],[116.2714828,40.1585864],[116.2715728,40.1586091],[116.2730504,40.1589894],[116.2757283,40.1596802],[116.2760213,40.1597553]]}},{"type":"Feature","id":"way/127697042","properties":{"bridge":"yes","highway":"tertiary","layer":"1","oneway":"yes","source":"OpenStreetMap"},"geometry":{"type":"LineString","coordinates":[[116.2537017,40.1489904],[116.2528399,40.1487806]]}},{"type":"Feature","id":"way/127697049","properties":{"highway":"motorway_link","oneway":"yes","source":"OpenStreetMap"},"geometry":{"type":"LineString","coordinates":[[116.2524593,40.1443361],[116.2528212,40.1436392],[116.253189,40.1432189],[116.2536266,40.1426394],[116.2538915,40.1420129]]}},{"type":"Feature","id":"way/127697050","properties":{"highway":"motorway_link","oneway":"yes","source":"OpenStreetMap"},"geometry":{"type":"LineString","coordinates":[[116.2549432,40.142319],[116.2540715,40.1430067],[116.2536977,40.1434644],[116.2532263,40.1439922],[116.2526312,40.1444188]]}},{"type":"Feature","id":"way/127697051","properties":{"highway":"primary","oneway":"yes","source":"OpenStreetMap"},"geometry":{"type":"LineString","coordinates":[[116.2631849,40.1429873],[116.2631133,40.1431129],[116.2630721,40.1431851],[116.2609434,40.146851],[116.2608557,40.1469658]]}},{"type":"Feature","id":"way/127697054","properties":{"highway":"primary","name":"百沙路","name:zh":"百沙路","name:zh-Hans":"百沙路","name:zh-Hant":"百沙路","oneway":"yes","source":"OpenStreetMap"},"geometry":{"type":"LineString","coordinates":[[116.2577903,40.1413318],[116.2579089,40.1413669],[116.2585591,40.1415619],[116.2618949,40.1425929],[116.2626469,40.1428253],[116.2629384,40.1429131],[116.2631849,40.1429873],[116.2697343,40.1449596],[116.2698863,40.1449982],[116.2703428,40.1451176],[116.27327,40.1458671],[116.2734391,40.1459115],[116.2769033,40.1467943],[116.2770358,40.1468277],[116.2788248,40.1472795],[116.2790601,40.147332],[116.2793163,40.1473877],[116.2794993,40.1474289],[116.2810142,40.1477203],[116.2816064,40.1478198],[116.2820595,40.1479038],[116.2822125,40.1479284],[116.282774,40.1480223],[116.2833776,40.1481128],[116.284037,40.1482341],[116.2842314,40.1482702],[116.2848062,40.1484048],[116.2854629,40.1485792],[116.2859559,40.148722],[116.2861044,40.1487634],[116.2865902,40.148936],[116.2866652,40.1489662],[116.2873077,40.1492249],[116.2879158,40.1495077],[116.2883516,40.1497445],[116.2888385,40.1500175],[116.2893762,40.1503583],[116.2899366,40.1507316],[116.2902875,40.1509855],[116.2908427,40.1513904],[116.2911246,40.1515971],[116.2914342,40.1517916],[116.291514,40.1518335],[116.2917387,40.1519517],[116.2918257,40.1519928],[116.2921346,40.1521479],[116.2924762,40.1523026],[116.293091,40.1525519],[116.2936009,40.1527301],[116.2941658,40.1529002],[116.2945906,40.1530006],[116.2948556,40.1530583],[116.2961908,40.153284]]}},{"type":"Feature","id":"way/139502707","properties":{"alt_name":"八达岭高速","alt_name:en":"Badaling Expressway","highway":"motorway","lanes":"3","name":"京藏高速","name:en":"Beijing-Lasa Expwy","oneway":"yes","ref":"G6;G110","short_name":"京藏高速","source":"OpenStreetMap"},"geometry":{"type":"LineString","coordinates":[[116.2524593,40.1443361],[116.2552849,40.140944]]}},{"type":"Feature","id":"way/139502713","properties":{"highway":"primary","name":"G6辅路","oneway":"yes","ref":"S216","source":"OpenStreetMap"},"geometry":{"type":"LineString","coordinates":[[116.2538915,40.1420129],[116.2542167,40.14165],[116.2549038,40.1407888],[116.2549559,40.1407234],[116.2550499,40.1406082]]}},{"type":"Feature","id":"way/157838509","properties":{"highway":"primary","name":"G6辅路","oneway":"yes","ref":"S216","source":"OpenStreetMap"},"geometry":{"type":"LineString","coordinates":[[116.2549432,40.142319],[116.2545211,40.1428903],[116.2524875,40.1452599],[116.2519582,40.1457675],[116.2512095,40.1466531],[116.2511221,40.1467688],[116.2500947,40.1483387]]}},{"type":"Feature","id":"way/157838588","properties":{"highway":"footway","source":"OpenStreetMap"},"geometry":{"type":"LineString","coordinates":[[116.2520111,40.1457926],[116.2519582,40.1457675],[116.2518155,40.1456918]]}},{"type":"Feature","id":"way/217341581","properties":{"alt_name":"八达岭高速","alt_name:en":"Badaling Expressway","highway":"motorway","lanes":"3","name":"京藏高速","name:en":"Beijing-Lasa Expwy","oneway":"yes","ref":"G6;G110","short_name":"京藏高速","source":"OpenStreetMap"},"geometry":{"type":"LineString","coordinates":[[116.2526312,40.1444188],[116.2503851,40.147149],[116.2494255,40.1484561],[116.2393896,40.1634111],[116.2390896,40.1638841],[116.2388007,40.1643894],[116.2385165,40.1651586]]}},{"type":"Feature","id":"way/221302589","properties":{"amenity":"fuel","brand":"中国石化","brand:en":"Sinopec","brand:wikidata":"Q831445","brand:wikipedia":"en:Sinopec","brand:zh":"中国石化","building":"yes","layer":"1","name":"中国石化","name:en":"Sinopec","name:zh":"中国石化","source":"OpenStreetMap"},"geometry":{"type":"Polygon","coordinates":[[[116.2508092,40.1450988],[116.2507441,40.14527],[116.2511893,40.1453689],[116.2512544,40.1451978],[116.2508092,40.1450988]]]}},{"type":"Feature","id":"way/293776064","properties":{"highway":"primary","name":"高教园中街","oneway":"yes","source":"OpenStreetMap"},"geometry":{"type":"LineString","coordinates":[[116.2567496,40.1549719],[116.2565621,40.1549237],[116.2531727,40.1540767],[116.2527094,40.1539537]]}},{"type":"Feature","id":"way/293776065","properties":{"cycleway:right":"track","highway":"primary","name":"高教园中街","name:zh":"高教园中街","name:zh-Hans":"高教园中街","name:zh-Hant":"高教園中街","oneway":"yes","source":"OpenStreetMap"},"geometry":{"type":"LineString","coordinates":[[116.2568168,40.1548367],[116.2607816,40.1558499],[116.2615538,40.1560517],[116.2624357,40.1562822],[116.2626015,40.1563255],[116.2632332,40.1564906],[116.2649357,40.1569138],[116.2656181,40.15709],[116.2677233,40.1576338],[116.2677825,40.1576482],[116.2678574,40.1576663],[116.267889,40.1576726],[116.2679227,40.1576773],[116.2679849,40.1576795],[116.2680288,40.1576782],[116.2680839,40.1576734],[116.2681372,40.1576632],[116.268207,40.1576406],[116.2682256,40.1576312],[116.2682555,40.1576161],[116.2683009,40.15759],[116.2683361,40.1575614],[116.2683663,40.1575297],[116.2684066,40.1574842],[116.2684354,40.1574448],[116.2684888,40.1573649]]}},{"type":"Feature","id":"way/304469389","properties":{"bridge":"yes","highway":"residential","source":"OpenStreetMap"},"geometry":{"type":"LineString","coordinates":[[116.2503425,40.1544942],[116.2512346,40.154633]]}},{"type":"Feature","id":"way/304469391","properties":{"highway":"unclassified","name":"河堤路","name:zh":"河堤路","name:zh-Hans":"河堤路","name:zh-Hant":"河堤路","oneway":"no","source":"OpenStreetMap"},"geometry":{"type":"LineString","coordinates":[[116.2807793,40.1355142],[116.2806715,40.1355045],[116.2769393,40.1352935],[116.2757392,40.135225],[116.2728816,40.1351155],[116.2722866,40.1350593],[116.2699836,40.1346592],[116.269284,40.1345207],[116.2688061,40.134343],[116.2683905,40.1342545],[116.2678457,40.1342067],[116.2674364,40.134147],[116.2658437,40.133832],[116.2655452,40.13378],[116.2651131,40.1337539],[116.2647707,40.1337515],[116.2640338,40.1337883],[116.2636089,40.1338209],[116.263346,40.133847],[116.2630236,40.1339413],[116.2629004,40.1339965],[116.2623177,40.1346036],[116.2620794,40.1348839],[116.2613449,40.1357564],[116.2604124,40.1369107],[116.2603271,40.1370507],[116.2602091,40.1372278],[116.259403,40.1382006],[116.2591026,40.1386353],[116.2580506,40.1405423],[116.2576864,40.1412025],[116.2575538,40.1415117],[116.2574745,40.1416967],[116.2574718,40.1420227],[116.2572277,40.1426399],[116.2571782,40.1427521],[116.2569139,40.1433514],[116.256238,40.1444586],[116.2559188,40.1447066],[116.255736,40.1449731],[116.255487,40.1453361],[116.2552674,40.1455585],[116.2550578,40.1457708],[116.2546608,40.1463858],[116.2543685,40.1470483],[116.2541298,40.147616],[116.2539152,40.1481286],[116.2537811,40.1485714],[116.2537976,40.1487998],[116.2537956,40.148903]]}},{"type":"Feature","id":"way/304469393","properties":{"highway":"residential","source":"OpenStreetMap"},"geometry":{"type":"LineString","coordinates":[[116.2463779,40.1538429],[116.2469012,40.1539327],[116.2503425,40.1544942]]}},{"type":"Feature","id":"way/304469394","properties":{"highway":"residential","source":"OpenStreetMap"},"geometry":{"type":"LineString","coordinates":[[116.2535862,40.1507745],[116.2538382,40.1503476],[116.2539872,40.1500871],[116.2541848,40.149785],[116.2544225,40.1494895],[116.2544927,40.149345],[116.2546454,40.1492345],[116.2547402,40.1491283]]}},{"type":"Feature","id":"way/304469395","properties":{"highway":"unclassified","source":"OpenStreetMap"},"geometry":{"type":"LineString","coordinates":[[116.2343834,40.1901695],[116.2347702,40.1901731],[116.2374045,40.1901456],[116.2431507,40.1901208],[116.2445722,40.1901288],[116.249603,40.1901571],[116.2515069,40.1901304],[116.2514444,40.1900352],[116.2514448,40.1899399],[116.2515249,40.1897309],[116.2519388,40.1890907],[116.2524158,40.1884468],[116.2529255,40.1876313],[116.2532902,40.1870166],[116.2533305,40.1869034],[116.2533558,40.1868324],[116.2533975,40.1865863],[116.2536899,40.1853997],[116.2538106,40.1845495],[116.253942,40.1836866],[116.2541834,40.1822235],[116.254229,40.1815044],[116.2541727,40.1808423],[116.2538964,40.1804101],[116.2537328,40.1798873],[116.2534646,40.179248],[116.2531239,40.1784264],[116.2528584,40.1777725],[116.2524963,40.1769755],[116.2522817,40.1764222],[116.2521304,40.1759523],[116.2521101,40.1758893],[116.2518392,40.1751247],[116.2513322,40.1739547],[116.2511874,40.1734915],[116.2510801,40.1725282],[116.250942,40.1719597],[116.2509138,40.1718437],[116.2507451,40.1710444],[116.2507287,40.1702469],[116.2505705,40.1687735],[116.2504471,40.1677773],[116.2502835,40.1670454],[116.2501467,40.1659531],[116.2500394,40.1649939],[116.249975,40.1642437],[116.2498758,40.1636101],[116.2498248,40.1626449],[116.2496639,40.1611485],[116.2495866,40.1605188],[116.24957,40.1600557],[116.2493179,40.157891],[116.2493125,40.1574605],[116.2493675,40.1571397],[116.2503425,40.1544942]]}},{"type":"Feature","id":"way/310191095","properties":{"bicycle":"private","highway":"cycleway","oneway":"yes","source":"OpenStreetMap"},"geometry":{"type":"LineString","coordinates":[[116.296155,40.1533992],[116.2958473,40.1534563],[116.2948056,40.1532893],[116.2938292,40.1530515],[116.2933187,40.1528864],[116.2932713,40.1528711],[116.292413,40.1525431],[116.2916982,40.152194],[116.2916406,40.1521659],[116.2907553,40.151626],[116.2906966,40.1515843],[116.2900956,40.1511572],[116.2890334,40.1503945],[116.2887144,40.150203],[116.2883355,40.1499755],[116.2874456,40.1495499],[116.2865229,40.1491726],[116.2857675,40.1488891],[116.2856539,40.1488446],[116.2846668,40.148574],[116.2841626,40.1484756],[116.2833686,40.148328],[116.2818076,40.1481065],[116.2813762,40.1480363],[116.2809975,40.1479589],[116.2798925,40.1477539],[116.2785406,40.1474258],[116.2733459,40.1461427],[116.2731728,40.1460982],[116.2722643,40.1458594],[116.2704082,40.145392],[116.2701829,40.1453264],[116.2698039,40.1452164],[116.268852,40.1449401],[116.266342,40.1441864],[116.2630721,40.1431851],[116.2628275,40.1431102],[116.2626727,40.1430628],[116.2609673,40.1425486],[116.2603875,40.1423738],[116.2576972,40.1415116]]}},{"type":"Feature","id":"way/353022942","properties":{"addr:housenumber":"9","addr:postcode":"102206","addr:street":"高教园南三街","amenity":"university","internet_access":"yes","internet_access:fee":"customers","name":"北京航空航天大学（沙河校区）","name:zh":"北京航空航天大学（沙河校区）","name:zh-Hans":"北京航空航天大学（沙河校区）","name:zh-Hant":"北京航空航天大學（沙河校區）","operator":"北京航空航天大学","operator:type":"government","wheelchair":"yes","wikidata":"Q30944456","wikimedia_commons":"Category:Beihang University Shahe Campus","wikipedia":"zh:北京航空航天大学沙河校区","source":"OpenStreetMap"},"geometry":{"type":"Polygon","coordinates":[[[116.2571719,40.1545669],[116.2591205,40.1507662],[116.2594028,40.1506262],[116.2594845,40.1504544],[116.2595595,40.1502853],[116.259429,40.1500811],[116.2608456,40.1472968],[116.2611266,40.1471961],[116.265351,40.1482245],[116.2654655,40.1484055],[116.2653934,40.1485618],[116.2655847,40.1486093],[116.2658052,40.1486641],[116.2660257,40.1487189],[116.2661264,40.1487439],[116.2662035,40.1485888],[116.2664471,40.1485068],[116.2677334,40.1488469],[116.2678334,40.1489145],[116.2679921,40.1489555],[116.2680621,40.1490654],[116.2679929,40.1492242],[116.2680145,40.1492313],[116.2680822,40.1492469],[116.268153,40.1492652],[116.268168,40.1492687],[116.2682344,40.1491246],[116.268372,40.1490606],[116.2685539,40.1491169],[116.2686997,40.1491167],[116.2704882,40.1496705],[116.2706521,40.1498208],[116.2712026,40.1499767],[116.2712706,40.1501337],[116.2699756,40.1531615],[116.2697451,40.1531604],[116.2696789,40.1532921],[116.2696451,40.1533593],[116.2696094,40.1534304],[116.2695424,40.1535636],[116.2696989,40.1537063],[116.2696316,40.1539562],[116.2689483,40.155548],[116.2688899,40.155684],[116.2687402,40.1560327],[116.2681923,40.157309],[116.2678821,40.1574742],[116.2653725,40.156828],[116.2652811,40.1566799],[116.2650598,40.1566147],[116.2647628,40.1565355],[116.2645752,40.1566028],[116.2612188,40.1557443],[116.2608657,40.155657],[116.2572942,40.1547773],[116.2571719,40.1545669]]]}},{"type":"Feature","id":"way/387284606","properties":{"highway":"secondary","name":"高教园南三街","name:zh":"高教园南三街","name:zh-Hans":"高教园南三街","name:zh-Hant":"高教園南三街","oneway":"yes","source":"OpenStreetMap"},"geometry":{"type":"LineString","coordinates":[[116.2607617,40.146796],[116.2609434,40.146851],[116.2615639,40.1470166],[116.2616739,40.1470458],[116.2680484,40.1487028],[116.268327,40.1487726],[116.2715889,40.1496917],[116.2717408,40.1497332]]}},{"type":"Feature","id":"way/387284608","properties":{"amenity":"university","name":"外交学院（沙河校区）","name:zh":"外交学院（沙河校区）","name:zh-Hans":"外交学院（沙河校区）","name:zh-Hant":"外交學院（沙河校區）","operator":"外交学院","operator:type":"government","source":"OpenStreetMap"},"geometry":{"type":"Polygon","coordinates":[[[116.2705919,40.1533715],[116.2719866,40.1501241],[116.2787887,40.1520758],[116.277394,40.1551099],[116.2705919,40.1533715]]]}},{"type":"Feature","id":"way/387284613","properties":{"highway":"tertiary","source":"OpenStreetMap"},"geometry":{"type":"LineString","coordinates":[[116.2726737,40.1478067],[116.2760584,40.1487535],[116.2762087,40.1487945],[116.2802669,40.1499022]]}},{"type":"Feature","id":"way/388987267","properties":{"highway":"primary","name":"高教园中街","oneway":"yes","source":"OpenStreetMap"},"geometry":{"type":"LineString","coordinates":[[116.2756761,40.1597925],[116.273015,40.1590929],[116.2715531,40.158726],[116.2714481,40.1587],[116.2713965,40.1586932],[116.2713274,40.1586885],[116.2712011,40.158693],[116.2711133,40.1587075],[116.2710268,40.1587355],[116.2709665,40.1587667],[116.2709133,40.1587954],[116.2708514,40.1588362],[116.2707964,40.1588888],[116.2707738,40.1589184],[116.2707301,40.1589868]]}},{"type":"Feature","id":"way/439439920","properties":{"highway":"tertiary","source":"OpenStreetMap"},"geometry":{"type":"LineString","coordinates":[[116.2703106,40.153545],[116.2702542,40.1535308],[116.2701259,40.1534984]]}},{"type":"Feature","id":"way/439439945","properties":{"bicycle":"no","highway":"footway","motor_vehicle":"no","source":"OpenStreetMap"},"geometry":{"type":"LineString","coordinates":[[116.267081,40.1518842],[116.2671973,40.151984],[116.2673233,40.1520498],[116.2677681,40.1523359],[116.2680001,40.1524752]]}},{"type":"Feature","id":"way/439439946","properties":{"bicycle":"no","highway":"footway","horse":"yes","motor_vehicle":"no","source":"OpenStreetMap"},"geometry":{"type":"LineString","coordinates":[[116.2668342,40.1524953],[116.2671546,40.1524931],[116.2674234,40.1525005],[116.2676757,40.1525104],[116.2680007,40.152525]]}},{"type":"Feature","id":"way/439439948","properties":{"bicycle":"no","highway":"footway","motor_vehicle":"no","source":"OpenStreetMap"},"geometry":{"type":"LineString","coordinates":[[116.2679786,40.1527323],[116.26806,40.1525538]]}},{"type":"Feature","id":"way/439439950","properties":{"bicycle":"no","highway":"footway","motor_vehicle":"no","source":"OpenStreetMap"},"geometry":{"type":"LineString","coordinates":[[116.2680348,40.15245],[116.2680146,40.1524603],[116.2680001,40.1524752],[116.2679932,40.1524916],[116.2679934,40.1525088],[116.2680007,40.152525],[116.2680156,40.1525398],[116.2680362,40.1525498],[116.26806,40.1525538],[116.2680824,40.1525519],[116.268103,40.1525446],[116.2681196,40.1525327],[116.2681304,40.1525174],[116.2681343,40.1525003],[116.268131,40.1524831],[116.2681207,40.1524677],[116.2681045,40.1524554],[116.2680826,40.1524474],[116.2680584,40.1524456],[116.2680348,40.15245]]}},{"type":"Feature","id":"way/439439952","properties":{"bicycle":"no","highway":"footway","motor_vehicle":"no","source":"OpenStreetMap"},"geometry":{"type":"LineString","coordinates":[[116.2681045,40.1524554],[116.2681517,40.1524257],[116.2686634,40.1524274],[116.2688949,40.1525696]]}},{"type":"Feature","id":"way/439439953","properties":{"bicycle":"no","highway":"footway","motor_vehicle":"no","source":"OpenStreetMap"},"geometry":{"type":"LineString","coordinates":[[116.2680824,40.1525519],[116.2684717,40.1527695],[116.2688201,40.1529444],[116.2688965,40.1529928],[116.2689856,40.1531011]]}},{"type":"Feature","id":"way/439439954","properties":{"highway":"footway","horse":"no","motor_vehicle":"no","source":"OpenStreetMap"},"geometry":{"type":"LineString","coordinates":[[116.2684717,40.1527695],[116.2688949,40.1525696],[116.2690463,40.1524988],[116.269169,40.1524611],[116.2692547,40.1524843]]}},{"type":"Feature","id":"way/439439955","properties":{"bicycle":"no","highway":"footway","motor_vehicle":"no","source":"OpenStreetMap"},"geometry":{"type":"LineString","coordinates":[[116.270013,40.1531825],[116.2699617,40.1532948],[116.2699244,40.1533216]]}},{"type":"Feature","id":"way/439439981","properties":{"building":"university","name":"教三","name:zh":"教三","name:zh-Hans":"教三","name:zh-Hant":"教三","source":"OpenStreetMap"},"geometry":{"type":"Polygon","coordinates":[[[116.2655499,40.1513741],[116.266389,40.1515663],[116.2664984,40.1512803],[116.2662295,40.1512092],[116.2660911,40.1511726],[116.2660242,40.1511546],[116.265732,40.1510841],[116.2656824,40.151072],[116.2656535,40.151133],[116.2655499,40.1513741]]]}},{"type":"Feature","id":"way/439439982","properties":{"building":"university","name":"教四","name:zh":"教四","name:zh-Hans":"教四","name:zh-Hant":"教四","source":"OpenStreetMap"},"geometry":{"type":"Polygon","coordinates":[[[116.2661329,40.1508842],[116.2661483,40.1508456],[116.2660946,40.1508288],[116.2661731,40.1506411],[116.2662343,40.1506551],[116.2662491,40.1506205],[116.2663092,40.1506334],[116.266745,40.1507355],[116.2666277,40.1510032],[116.2663558,40.1509378],[116.2662644,40.1509158],[116.2661329,40.1508842]]]}},{"type":"Feature","id":"way/439439983","properties":{"building":"university","name":"教五","name:zh":"教五","name:zh-Hans":"教五","name:zh-Hant":"教五","source":"OpenStreetMap"},"geometry":{"type":"Polygon","coordinates":[[[116.2663493,40.1503715],[116.2663665,40.1503309],[116.2664807,40.1500621],[116.2669693,40.150186],[116.266844,40.150498],[116.2665504,40.1504229],[116.2664773,40.1504042],[116.2663493,40.1503715]]]}},{"type":"Feature","id":"way/439439984","properties":{"building":"university","name":"教一","name:zh":"教一","name:zh-Hans":"教一","name:zh-Hant":"教一","source":"OpenStreetMap"},"geometry":{"type":"Polygon","coordinates":[[[116.2655976,40.1501501],[116.2656807,40.1499586],[116.2657155,40.1498792],[116.2662067,40.1500021],[116.2661207,40.1502074],[116.2660962,40.1502657],[116.265931,40.1502279],[116.2655976,40.1501501]]]}},{"type":"Feature","id":"way/439439985","properties":{"amenity":"library","building":"university","check_date":"2024-04-14","name":"二号教学楼（原图书馆）","name:en":"Teaching Building 2","name:zh":"教二（图书馆）","name:zh-Hans":"教二（图书馆）","name:zh-Hant":"教二（圖書館）","website":"https://lib.buaa.edu.cn/","source":"OpenStreetMap"},"geometry":{"type":"Polygon","coordinates":[[[116.2653575,40.1507039],[116.2654734,40.1504364],[116.2658218,40.1505136],[116.2659716,40.1505438],[116.2658622,40.1508154],[116.2657322,40.1507867],[116.2653575,40.1507039]]]}},{"type":"Feature","id":"way/439439987","properties":{"area":"yes","highway":"pedestrian","source":"OpenStreetMap"},"geometry":{"type":"Polygon","coordinates":[[[116.2645706,40.1510919],[116.2647891,40.1511403],[116.2648133,40.1510915],[116.2648544,40.1510084],[116.2653175,40.1511375],[116.2653782,40.150997],[116.2652675,40.1509689],[116.2653511,40.1507839],[116.265369,40.1507396],[116.2653451,40.1507329],[116.2653575,40.1507039],[116.2654734,40.1504364],[116.2655976,40.1501501],[116.2656807,40.1499586],[116.2655371,40.1499201],[116.2656506,40.1496753],[116.2659923,40.1489383],[116.2660319,40.1489475],[116.2660416,40.1489266],[116.2661264,40.1487439],[116.2660257,40.1487189],[116.2658052,40.1486641],[116.2655847,40.1486093],[116.2653934,40.1485618],[116.2653432,40.1486822],[116.2653919,40.148695],[116.2653649,40.1487555],[116.265154,40.1492279],[116.2650337,40.1495024],[116.2644567,40.1508187],[116.2645478,40.1508413],[116.264514,40.1509194],[116.2646385,40.1509515],[116.2645928,40.151046],[116.2645706,40.1510919]]]}},{"type":"Feature","id":"way/439439988","properties":{"name":"南湖","name:zh":"南湖","name:zh-Hans":"南湖","name:zh-Hant":"南湖","natural":"water","water":"pond","source":"OpenStreetMap"},"geometry":{"type":"Polygon","coordinates":[[[116.2646331,40.1517579],[116.2645146,40.1516452],[116.2644367,40.1515099],[116.264365,40.1514332],[116.2643836,40.1513422],[116.2643939,40.1512595],[116.2644473,40.1511799],[116.2645853,40.151142],[116.2647411,40.1511718],[116.2649357,40.1511961],[116.2650253,40.1512225],[116.2650753,40.1512457],[116.2651116,40.1513102],[116.2650735,40.1514087],[116.2650956,40.1514837],[116.2651302,40.151485],[116.2651626,40.151498],[116.2651801,40.1515194],[116.2651893,40.1515375],[116.2651853,40.1515644],[116.2651675,40.151583],[116.2651372,40.1516042],[116.2650949,40.1516093],[116.2650644,40.1516037],[116.2650566,40.1516433],[116.2650194,40.1516627],[116.2649712,40.1516779],[116.2648676,40.1517194],[116.2647659,40.1517641],[116.2646331,40.1517579]]]}},{"type":"Feature","id":"way/439439990","properties":{"building":"yes","name":"实七","name:zh":"实七","name:zh-Hans":"实七","name:zh-Hant":"實七","source":"OpenStreetMap"},"geometry":{"type":"Polygon","coordinates":[[[116.26309,40.1511139],[116.2631212,40.1510456],[116.2631774,40.150923],[116.2636932,40.1510493],[116.2636128,40.1512396],[116.26309,40.1511139]]]}},{"type":"Feature","id":"way/439439991","properties":{"building":"yes","name":"实五","name:zh":"实五","name:zh-Hans":"实五","name:zh-Hant":"實五","source":"OpenStreetMap"},"geometry":{"type":"Polygon","coordinates":[[[116.2631746,40.1507304],[116.2632429,40.150561],[116.2632789,40.1505687],[116.2632898,40.1505345],[116.2636391,40.1506166],[116.2637589,40.1506448],[116.2638039,40.1506554],[116.2637215,40.1508606],[116.2631746,40.1507304]]]}},{"type":"Feature","id":"way/439439992","properties":{"building":"yes","name":"实四","name:zh":"实四","name:zh-Hans":"实四","name:zh-Hant":"實四","wheelchair":"yes","source":"OpenStreetMap"},"geometry":{"type":"Polygon","coordinates":[[[116.2636391,40.1506166],[116.2636772,40.1505254],[116.2636198,40.1505122],[116.2636289,40.1504815],[116.2635765,40.1504697],[116.2635869,40.1504391],[116.2634428,40.1504027],[116.2629503,40.1502869],[116.2630336,40.1500841],[116.263965,40.1503166],[116.2638692,40.150564],[116.2638003,40.1505477],[116.2637589,40.1506448],[116.2636391,40.1506166]]]}},{"type":"Feature","id":"way/439439994","properties":{"building":"yes","name":"实三","name:zh":"实三","name:zh-Hans":"实三","name:zh-Hant":"實三","source":"OpenStreetMap"},"geometry":{"type":"Polygon","coordinates":[[[116.2638859,40.15001],[116.2639492,40.1498686],[116.2639679,40.1498267],[116.2641169,40.1498642],[116.2642001,40.1496816],[116.2644443,40.1497397],[116.264377,40.149923],[116.264554,40.1499737],[116.2644797,40.1501631],[116.2638859,40.15001]]]}},{"type":"Feature","id":"way/439439995","properties":{"building":"yes","name":"实一","name:zh":"实一","name:zh-Hans":"实一","name:zh-Hant":"實一","source":"OpenStreetMap"},"geometry":{"type":"Polygon","coordinates":[[[116.2637347,40.1495313],[116.2638072,40.149365],[116.2643593,40.1495247],[116.2643442,40.1495706],[116.2644856,40.1496078],[116.2644478,40.1497113],[116.2637347,40.1495313]]]}},{"type":"Feature","id":"way/439439996","properties":{"building":"yes","name":"实二","name:zh":"实二","name:zh-Hans":"实二","name:zh-Hant":"實二","source":"OpenStreetMap"},"geometry":{"type":"Polygon","coordinates":[[[116.2632339,40.1498385],[116.263294,40.1496978],[116.2634037,40.1497221],[116.2634179,40.149668],[116.2633896,40.1496572],[116.2635064,40.1494164],[116.2635701,40.1494327],[116.2636019,40.1494327],[116.2636444,40.1493218],[116.2638072,40.149365],[116.2637347,40.1495313],[116.2636515,40.1497221],[116.2636338,40.1497789],[116.2639492,40.1498686],[116.2638859,40.15001],[116.2632339,40.1498385]]]}},{"type":"Feature","id":"way/439439997","properties":{"building":"yes","name":"实六","name:zh":"实六","name:zh-Hans":"实六","name:zh-Hant":"實六","source":"OpenStreetMap"},"geometry":{"type":"Polygon","coordinates":[[[116.2627555,40.1510273],[116.2629967,40.1504634],[116.2632574,40.1505222],[116.2632429,40.150561],[116.2631746,40.1507304],[116.2631652,40.1507573],[116.2632391,40.1507718],[116.2631774,40.150923],[116.2631212,40.1510456],[116.2630518,40.1510295],[116.2630256,40.1510933],[116.2627555,40.1510273]]]}},{"type":"Feature","id":"way/439439999","properties":{"leisure":"park","name":"蓝园","name:zh":"蓝园","name:zh-Hans":"蓝园","name:zh-Hant":"藍園","source":"OpenStreetMap"},"geometry":{"type":"Polygon","coordinates":[[[116.2652434,40.1566235],[116.2659389,40.1549647],[116.2680371,40.1554785],[116.2678926,40.1558172],[116.2676452,40.1563971],[116.268343,40.1565668],[116.2680328,40.1573066],[116.2652434,40.1566235]]]}},{"type":"Feature","id":"way/439440004","properties":{"building":"house","name":"工训中心","name:zh":"工训中心","name:zh-Hans":"工训中心","name:zh-Hant":"工訓中心","source":"OpenStreetMap"},"geometry":{"type":"Polygon","coordinates":[[[116.2621403,40.1487078],[116.2624188,40.1480399],[116.2640001,40.1484289],[116.263892,40.1486579],[116.2633931,40.1485185],[116.2632941,40.1487176],[116.2634528,40.1487753],[116.2633706,40.1488777],[116.2633423,40.1489941],[116.2632494,40.1489867],[116.2621403,40.1487078]]]}},{"type":"Feature","id":"way/439440005","properties":{"building":"house","layer":"1","name":"羽流实验室","name:zh":"羽流实验室","name:zh-Hans":"羽流实验室","name:zh-Hant":"羽流實驗室","source":"OpenStreetMap"},"geometry":{"type":"Polygon","coordinates":[[[116.2605463,40.1486307],[116.26094,40.1477719],[116.2621115,40.1480435],[116.2621787,40.1480949],[116.2619098,40.1487555],[116.261641,40.1486858],[116.2613529,40.1486307],[116.2612521,40.1488216],[116.2605463,40.1486307]]]}},{"type":"Feature","id":"way/439440006","properties":{"leisure":"pitch","lit":"yes","name":"东篮球场","name:zh-Hans":"东篮球场","name:zh-Hant":"東籃球場","sport":"basketball","source":"OpenStreetMap"},"geometry":{"type":"Polygon","coordinates":[[[116.2672727,40.1517688],[116.2676196,40.1509757],[116.2685115,40.151194],[116.2681647,40.1519782],[116.2672727,40.1517688]]]}},{"type":"Feature","id":"way/439440007","properties":{"leisure":"pitch","lit":"yes","name":"东排球场","name:zh-Hans":"东排球场","name:zh-Hant":"東排球場","sport":"volleyball","source":"OpenStreetMap"},"geometry":{"type":"Polygon","coordinates":[[[116.268188,40.1519916],[116.2683949,40.1515193],[116.2691994,40.1517287],[116.2689818,40.1521885],[116.268188,40.1519916]]]}},{"type":"Feature","id":"way/439440008","properties":{"leisure":"pitch","lit":"yes","name":"东网球场","name:zh-Hans":"东网球场","name:zh-Hant":"東網球場","sport":"tennis","source":"OpenStreetMap"},"geometry":{"type":"Polygon","coordinates":[[[116.2690109,40.152187],[116.2691916,40.1518372],[116.2701302,40.1520934],[116.2699815,40.1524454],[116.2690109,40.152187]]]}},{"type":"Feature","id":"way/439440009","properties":{"leisure":"pitch","name":"飞院训练场","name:zh":"飞院训练场","name:zh-Hans":"飞院训练场","name:zh-Hant":"飛院訓練場","sport":"gymnastics","source":"OpenStreetMap"},"geometry":{"type":"Polygon","coordinates":[[[116.2684237,40.1514957],[116.2685459,40.1512116],[116.2691899,40.1513734],[116.2690678,40.1516575],[116.2684237,40.1514957]]]}},{"type":"Feature","id":"way/439440010","properties":{"leisure":"track","name":"东区田径场","name:zh":"运动场","name:zh-Hans":"运动场","name:zh-Hant":"運動場","source":"OpenStreetMap；跑道按场地中心与轴向简化，非测绘线位","sport":"running"},"geometry":{"type":"Polygon","coordinates":[[[116.27056687812679,40.150701149301085],[116.27057560861694,40.150677818456],[116.27058240527121,40.150654114639494],[116.27058724126634,40.15063013139967],[116.27059009751684,40.150605963387456],[116.2705909627504,40.15058170598292],[116.27058983355235,40.15055745491898],[116.2705867143791,40.150533305903494],[116.27058161754063,40.1505093542416],[116.27057456315181,40.150485694459555],[116.2705655790531,40.15046241993172],[116.27055470070061,40.150439622512025],[116.27054197102626,40.150417392171455],[116.27052744026824,40.15039581664303],[116.27051116577282,40.15037498107548],[116.270493211768,40.15035496769729],[116.27047364911003,40.15033585549211],[116.27045255500377,40.15031771988709],[116.27043001269806,40.15030063245517],[116.27040611115704,40.15028466063264],[116.27038094470919,40.150269867453],[116.27035461267499,40.15025631129814],[116.27032721897494,40.150244045668046],[116.27029887171946,40.15023311896953],[116.27026968278223,40.150223574325295],[116.27023976735862,40.15021544940368],[116.27020924351116,40.15020877627005],[116.27017823170353,40.1502035812602],[116.27014685432516,40.15019988487647],[116.27011523520825,40.1501977017068],[116.27008349913898,40.15019704036716],[116.27005177136512,40.15019790346756],[116.27002017710171,40.15020028760173],[116.26998884103688,40.15020418336058],[116.26995788683975,40.15020957536934],[116.26992743667239,40.1502164423482],[116.26989761070772,40.15022475719635],[116.26986852665516,40.15023448709887],[116.26984029929622,40.15024559365628],[116.26981304003135,40.150258033036074],[116.26978685644045,40.15027175614571],[116.26976185185818,40.150286708826336],[116.26973812496618,40.15030283206656],[116.26971576940369,40.1503200622353],[116.26969487339788,40.15033833133298],[116.26967551941573,40.150357567259796],[116.2696577838386,40.15037769410034],[116.26964173666066,40.15039863242317],[116.26962744121283,40.15042029959429],[116.26961495391271,40.15044261010327],[116.26928165044468,40.151235422127485],[116.26927291995453,40.151258752972566],[116.26926612330026,40.151282456789076],[116.26926128730513,40.1513064400289],[116.26925843105462,40.151330608041114],[116.26925756582106,40.15135486544565],[116.26925869501912,40.15137911650959],[116.26926181419236,40.151403265525076],[116.26926691103084,40.15142721718697],[116.26927396541966,40.151450876969015],[116.26928294951837,40.15147415149685],[116.26929382787085,40.151496948916545],[116.2693065575452,40.151519179257114],[116.26932108830323,40.15154075478554],[116.26933736279865,40.15156159035309],[116.26935531680347,40.15158160373128],[116.26937487946144,40.15160071593646],[116.2693959735677,40.15161885154148],[116.26941851587341,40.1516359389734],[116.26944241741442,40.15165191079593],[116.26946758386228,40.15166670397557],[116.26949391589648,40.151680260130426],[116.26952130959653,40.151692525760524],[116.269549656852,40.15170345245904],[116.26957884578924,40.151712997103274],[116.26960876121285,40.15172112202489],[116.26963928506031,40.15172779515852],[116.26967029686794,40.15173299016837],[116.2697016742463,40.1517366865521],[116.26973329336322,40.15173886972177],[116.26976502943249,40.15173953106141],[116.26979675720635,40.15173866796101],[116.26982835146976,40.15173628382684],[116.26985968753459,40.15173238806799],[116.26989064173172,40.15172699605923],[116.26992109189908,40.15172012908037],[116.26995091786375,40.15171181423222],[116.26998000191631,40.1517020843297],[116.27000822927525,40.15169097777229],[116.27003548854012,40.151678538392495],[116.27006167213102,40.15166481528286],[116.27008667671329,40.151649862602234],[116.27011040360529,40.15163373936201],[116.27013275916778,40.15161650919327],[116.27015365517359,40.15159824009559],[116.27017300915574,40.151579004168774],[116.27019074473287,40.15155887732823],[116.27020679191081,40.1515379390054],[116.27022108735864,40.15151627183428],[116.27023357465876,40.1514939613253],[116.27056687812679,40.150701149301085]]]}},{"type":"Feature","id":"way/439440011","properties":{"building":"house","name":"综合体育馆","name:zh":"体育馆 / 剧场","name:zh-Hans":"体育馆 / 剧场","name:zh-Hant":"體育館 / 劇場","source":"OpenStreetMap","model":"shahe-gym","displayHeight":20},"geometry":{"type":"Polygon","coordinates":[[[116.2678299,40.1506598],[116.2681276,40.1499698],[116.2687326,40.1501203],[116.2684397,40.1508213],[116.2678299,40.1506598]]]}},{"type":"Feature","id":"way/439440012","properties":{"leisure":"swimming_pool","name":"游泳馆","name:zh":"游泳馆","name:zh-Hans":"游泳馆","name:zh-Hant":"游泳館","source":"OpenStreetMap"},"geometry":{"type":"Polygon","coordinates":[[[116.2681468,40.1499331],[116.268262,40.1496652],[116.2690975,40.149876],[116.268987,40.1501497],[116.2681468,40.1499331]]]}},{"type":"Feature","id":"way/439440013","properties":{"leisure":"pitch","name":"室内100米跑道","name:zh":"室内100米跑道","name:zh-Hans":"室内100米跑道","name:zh-Hant":"室內100米跑道","source":"OpenStreetMap"},"geometry":{"type":"Polygon","coordinates":[[[116.2682904,40.1496502],[116.2683049,40.1496123],[116.2698585,40.1500066],[116.2698352,40.1500757],[116.2691415,40.1499019],[116.269124,40.1498685],[116.2682904,40.1496502]]]}},{"type":"Feature","id":"way/439440014","properties":{"landuse":"grass","source":"OpenStreetMap"},"geometry":{"type":"Polygon","coordinates":[[[116.2639901,40.1491026],[116.2642638,40.148508],[116.2652813,40.1488051],[116.2650262,40.1493769],[116.2639901,40.1491026]]]}},{"type":"Feature","id":"way/439440015","properties":{"landuse":"grass","source":"OpenStreetMap"},"geometry":{"type":"Polygon","coordinates":[[[116.2658303,40.1495861],[116.266101,40.1489665],[116.2679167,40.14943],[116.2676329,40.1500795],[116.2658172,40.149616],[116.2658303,40.1495861]]]}},{"type":"Feature","id":"way/443771399","properties":{"landuse":"residential","name":"兆丰家园西区","name:zh":"兆丰家园西区","name:zh-Hans":"兆丰家园西区","name:zh-Hant":"兆豐家園西區","residential":"apartments","source":"OpenStreetMap"},"geometry":{"type":"Polygon","coordinates":[[[116.2723258,40.1497448],[116.2730117,40.148052],[116.2759629,40.1488317],[116.2751912,40.1505162],[116.2723258,40.1497448]]]}},{"type":"Feature","id":"way/443771401","properties":{"building":"yes","source":"OpenStreetMap"},"geometry":{"type":"Polygon","coordinates":[[[116.2738345,40.1500482],[116.2738846,40.1499428],[116.2750745,40.1502735],[116.2750243,40.1503789],[116.2738345,40.1500482]]]}},{"type":"Feature","id":"way/443771403","properties":{"building":"yes","source":"OpenStreetMap"},"geometry":{"type":"Polygon","coordinates":[[[116.2731428,40.148291],[116.2732038,40.148163],[116.2744713,40.1485161],[116.2744103,40.1486442],[116.2731428,40.148291]]]}},{"type":"Feature","id":"way/443771404","properties":{"building":"yes","source":"OpenStreetMap"},"geometry":{"type":"Polygon","coordinates":[[[116.272721,40.1497327],[116.2727692,40.149633],[116.2737264,40.1499037],[116.2736781,40.1500034],[116.272721,40.1497327]]]}},{"type":"Feature","id":"way/443771405","properties":{"building":"yes","source":"OpenStreetMap"},"geometry":{"type":"Polygon","coordinates":[[[116.2731877,40.1491028],[116.2732463,40.1489834],[116.2742615,40.1492743],[116.2742029,40.1493937],[116.2731877,40.1491028]]]}},{"type":"Feature","id":"way/443771406","properties":{"building":"yes","source":"OpenStreetMap"},"geometry":{"type":"Polygon","coordinates":[[[116.2730299,40.1484661],[116.2732378,40.1485143],[116.2726986,40.149769],[116.2725726,40.1497413],[116.2725243,40.1496993],[116.2730299,40.1484661]]]}},{"type":"Feature","id":"way/443772857","properties":{"cycleway:right":"track","highway":"primary","name":"北沙河中路","oneway":"yes","source":"OpenStreetMap"},"geometry":{"type":"LineString","coordinates":[[116.2685378,40.1572451],[116.2685733,40.1571914],[116.2685935,40.1571618],[116.2686175,40.1571264],[116.2686583,40.1570832],[116.2686907,40.1570569],[116.2687575,40.1570069],[116.2688291,40.1569607],[116.2688914,40.156929],[116.2689669,40.1568999],[116.2690435,40.1568829],[116.2691005,40.1568751],[116.2692066,40.1568681],[116.269333,40.1568712],[116.2694347,40.1568843],[116.2695754,40.1569135]]}},{"type":"Feature","id":"way/446085853","properties":{"leisure":"pitch","lit":"no","loc_name":"TD线","loc_name:en":"TD","name":"体能锻炼走廊","name:zh":"体能锻炼走廊","name:zh-Hans":"体能锻炼走廊","name:zh-Hant":"體能鍛煉走廊","sport":"running","source":"OpenStreetMap"},"geometry":{"type":"Polygon","coordinates":[[[116.2672114,40.1519702],[116.2672507,40.1518879],[116.2692716,40.1523872],[116.2692378,40.1524642],[116.2672114,40.1519702]]]}},{"type":"Feature","id":"way/446085854","properties":{"leisure":"pitch","lit":"no","name":"心理素质拓展","source":"OpenStreetMap"},"geometry":{"type":"Polygon","coordinates":[[[116.2691851,40.1518179],[116.2692469,40.1516775],[116.2694489,40.1516983],[116.2694853,40.1517359],[116.2695453,40.1517734],[116.2696108,40.1518012],[116.2697254,40.1518443],[116.26984,40.151861],[116.2700147,40.1518638],[116.2701329,40.1518332],[116.2702494,40.1517776],[116.2703167,40.1517192],[116.2703731,40.1516775],[116.2703294,40.151772],[116.2702785,40.1518833],[116.2702257,40.1520098],[116.2701857,40.1521002],[116.2691851,40.1518179]]]}},{"type":"Feature","id":"way/446085857","properties":{"highway":"service","source":"OpenStreetMap"},"geometry":{"type":"LineString","coordinates":[[116.2707971,40.1508688],[116.2705276,40.1508216],[116.2705696,40.150765],[116.2706042,40.1506723],[116.2706297,40.1505642],[116.2705716,40.1504921],[116.270522,40.1504166]]}},{"type":"Feature","id":"way/446085858","properties":{"highway":"service","source":"OpenStreetMap"},"geometry":{"type":"LineString","coordinates":[[116.270522,40.1504166],[116.2704925,40.1503665],[116.2704513,40.1502763],[116.2704458,40.1502348],[116.2704919,40.1501332]]}},{"type":"Feature","id":"way/446085861","properties":{"highway":"service","source":"OpenStreetMap"},"geometry":{"type":"LineString","coordinates":[[116.26714,40.1500576],[116.267027,40.1503511],[116.2667987,40.1508923],[116.2665577,40.1514677],[116.2664595,40.1516962],[116.266301,40.1520821],[116.2662065,40.1523104],[116.2661785,40.1523826]]}},{"type":"Feature","id":"way/446085863","properties":{"highway":"footway","source":"OpenStreetMap"},"geometry":{"type":"LineString","coordinates":[[116.2667658,40.1517671],[116.2667582,40.151654],[116.2667392,40.1515563],[116.266756,40.1515158]]}},{"type":"Feature","id":"way/446085864","properties":{"highway":"footway","source":"OpenStreetMap"},"geometry":{"type":"LineString","coordinates":[[116.2669499,40.1509223],[116.2669892,40.1508375],[116.2670198,40.1507522],[116.2671037,40.1506919],[116.267158,40.1506617],[116.2672222,40.1506089],[116.2672469,40.1505598],[116.2672328,40.1504862],[116.2671934,40.1503926]]}},{"type":"Feature","id":"way/446085865","properties":{"highway":"footway","source":"OpenStreetMap"},"geometry":{"type":"LineString","coordinates":[[116.2671934,40.1503926],[116.2672814,40.1503183],[116.26739,40.1502731],[116.2675819,40.1502129]]}},{"type":"Feature","id":"way/446085866","properties":{"highway":"footway","source":"OpenStreetMap"},"geometry":{"type":"LineString","coordinates":[[116.266756,40.1515158],[116.2667841,40.1514734],[116.2668618,40.1514201],[116.2669507,40.1513597],[116.2670247,40.1512993],[116.2670593,40.151239],[116.2671091,40.1511136],[116.2671282,40.1510683]]}},{"type":"Feature","id":"way/446085867","properties":{"area":"yes","highway":"pedestrian","noname":"yes","source":"OpenStreetMap"},"geometry":{"type":"Polygon","coordinates":[[[116.266678,40.1515371],[116.2666956,40.1515043],[116.2667225,40.1514541],[116.2667841,40.1514734],[116.2668311,40.1514881],[116.2668065,40.1515341],[116.2667866,40.1515711],[116.2667392,40.1515563],[116.266678,40.1515371]]]}},{"type":"Feature","id":"way/446085868","properties":{"area":"yes","highway":"pedestrian","noname":"yes","source":"OpenStreetMap"},"geometry":{"type":"Polygon","coordinates":[[[116.2669711,40.1510522],[116.2669606,40.1510771],[116.2671091,40.1511136],[116.2671282,40.1510683],[116.2671475,40.1510224],[116.2670716,40.1510037],[116.2671058,40.1509225],[116.2670651,40.1509125],[116.2670866,40.1508614],[116.2669892,40.1508375],[116.2669144,40.1508191],[116.2668783,40.1509048],[116.2668308,40.1510177],[116.2669711,40.1510522]]]}},{"type":"Feature","id":"way/446085869","properties":{"area":"yes","highway":"pedestrian","noname":"yes","source":"OpenStreetMap"},"geometry":{"type":"Polygon","coordinates":[[[116.267131,40.1504617],[116.2671625,40.1503851],[116.2671934,40.1503926],[116.2672644,40.1504097],[116.2672328,40.1504862],[116.267131,40.1504617]]]}},{"type":"Feature","id":"way/446085870","properties":{"highway":"footway","source":"OpenStreetMap"},"geometry":{"type":"LineString","coordinates":[[116.2665577,40.1514677],[116.266654,40.1514934],[116.2666956,40.1515043],[116.266756,40.1515158]]}},{"type":"Feature","id":"way/446085871","properties":{"highway":"footway","source":"OpenStreetMap"},"geometry":{"type":"LineString","coordinates":[[116.266756,40.1515158],[116.2668065,40.1515341],[116.2668715,40.151556],[116.2669598,40.1515891],[116.2670104,40.1516025]]}},{"type":"Feature","id":"way/446085872","properties":{"highway":"footway","source":"OpenStreetMap"},"geometry":{"type":"LineString","coordinates":[[116.2667987,40.1508923],[116.2668783,40.1509048],[116.2669499,40.1509223],[116.267057,40.150947],[116.2670193,40.1510378]]}},{"type":"Feature","id":"way/446085873","properties":{"highway":"footway","source":"OpenStreetMap"},"geometry":{"type":"LineString","coordinates":[[116.2670193,40.1510378],[116.2671282,40.1510683],[116.2672199,40.1510931]]}},{"type":"Feature","id":"way/446085874","properties":{"highway":"footway","source":"OpenStreetMap"},"geometry":{"type":"LineString","coordinates":[[116.2674633,40.1505011],[116.2673855,40.1504641],[116.2673073,40.150421],[116.2672644,40.1504097],[116.2671934,40.1503926]]}},{"type":"Feature","id":"way/446085875","properties":{"highway":"footway","source":"OpenStreetMap"},"geometry":{"type":"LineString","coordinates":[[116.267027,40.1503511],[116.2671625,40.1503851],[116.2671934,40.1503926]]}},{"type":"Feature","id":"way/446085876","properties":{"highway":"service","source":"OpenStreetMap"},"geometry":{"type":"LineString","coordinates":[[116.2675286,40.1506166],[116.267592,40.1506374],[116.2677301,40.1506806],[116.2677993,40.1506737],[116.2678684,40.1504554],[116.2679466,40.1502829],[116.2680103,40.1501397],[116.2680885,40.1499909],[116.2678756,40.1499453],[116.2678031,40.1499242]]}},{"type":"Feature","id":"way/446085877","properties":{"highway":"service","source":"OpenStreetMap"},"geometry":{"type":"LineString","coordinates":[[116.2680885,40.1499909],[116.2682414,40.1495932]]}},{"type":"Feature","id":"way/446085878","properties":{"highway":"service","source":"OpenStreetMap"},"geometry":{"type":"LineString","coordinates":[[116.2677993,40.1506737],[116.267832,40.1507641],[116.2679339,40.1508058],[116.2682887,40.1508767],[116.2685361,40.1508892],[116.2686071,40.1507585],[116.2687835,40.1503094]]}},{"type":"Feature","id":"way/446085879","properties":{"access":"no","bicycle":"yes","foot":"yes","highway":"footway","horse":"yes","source":"OpenStreetMap"},"geometry":{"type":"LineString","coordinates":[[116.264845,40.1519106],[116.2648781,40.1518739],[116.2649317,40.1518553],[116.2649771,40.1518344],[116.2650208,40.151808],[116.2650626,40.1517621],[116.2651027,40.1517079],[116.2651154,40.1516258],[116.265119,40.1515563],[116.2651354,40.1515104],[116.2651791,40.1514604],[116.2652046,40.1513992],[116.2651809,40.1513338],[116.2651736,40.1512601],[116.2651409,40.1512059],[116.2650317,40.1511544],[116.2649407,40.151121],[116.2648133,40.1510915],[116.2645928,40.151046],[116.2645132,40.151046],[116.2643713,40.1510682],[116.264284,40.1511266],[116.2642039,40.1512045],[116.2641712,40.1512754],[116.2642076,40.1513533],[116.2642749,40.1514784],[116.2643331,40.1515633],[116.2643261,40.1517041],[116.2643284,40.1517571]]}},{"type":"Feature","id":"way/446085881","properties":{"highway":"footway","source":"OpenStreetMap"},"geometry":{"type":"LineString","coordinates":[[116.266301,40.1520821],[116.2662689,40.1520753],[116.266185,40.1520478],[116.2661341,40.1520226],[116.2661521,40.1519195],[116.2661341,40.1518783],[116.2659753,40.1518302],[116.2658494,40.1517752],[116.2657235,40.1517409],[116.2656756,40.1517844],[116.2656396,40.1518554],[116.2655737,40.1518898],[116.2655197,40.1518783],[116.2654448,40.1518577],[116.2653639,40.1518165],[116.2653249,40.1517867],[116.26531,40.151718],[116.2653249,40.1516836],[116.2654119,40.1516744],[116.2654718,40.1516767],[116.2655048,40.1516676],[116.2655347,40.1516309],[116.2655347,40.1515828],[116.2655048,40.1515462],[116.2654418,40.1515233],[116.2653849,40.1515072],[116.2653519,40.1514912],[116.2653729,40.1513927],[116.2653939,40.1513515],[116.2654178,40.1512988],[116.2652407,40.1512683],[116.2652653,40.1512222],[116.2653175,40.1511375]]}},{"type":"Feature","id":"way/446085883","properties":{"highway":"footway","source":"OpenStreetMap"},"geometry":{"type":"LineString","coordinates":[[116.266301,40.1520821],[116.2664667,40.1521142]]}},{"type":"Feature","id":"way/446085884","properties":{"access":"yes","highway":"service","source":"OpenStreetMap"},"geometry":{"type":"LineString","coordinates":[[116.2660831,40.1517386],[116.2661491,40.15175],[116.266197,40.1516515],[116.2664595,40.1516962],[116.2667658,40.1517671],[116.266878,40.1517931],[116.2669277,40.1518035],[116.2670448,40.1518324]]}},{"type":"Feature","id":"way/446085885","properties":{"highway":"footway","source":"OpenStreetMap"},"geometry":{"type":"LineString","coordinates":[[116.2651409,40.1512059],[116.2652653,40.1512222]]}},{"type":"Feature","id":"way/446354607","properties":{"building":"apartments","name":"三公寓","name:zh":"三公寓","name:zh-Hans":"三公寓","name:zh-Hant":"三公寓","source":"OpenStreetMap"},"geometry":{"type":"Polygon","coordinates":[[[116.2663037,40.1545833],[116.2662862,40.1546197],[116.2666847,40.1547133],[116.2666799,40.1547316],[116.2667231,40.1547408],[116.2667327,40.1547243],[116.2671528,40.1548325],[116.2672127,40.154726],[116.2668575,40.1546252],[116.267136,40.153928],[116.2672032,40.1539408],[116.2672585,40.1538142],[116.2666956,40.1536753],[116.2666754,40.1537247],[116.2666067,40.1537016],[116.2662435,40.154564],[116.2663037,40.1545833]]]}},{"type":"Feature","id":"way/446354609","properties":{"building":"apartments","name":"二公寓","source":"OpenStreetMap"},"geometry":{"type":"Polygon","coordinates":[[[116.266705,40.1533872],[116.2667604,40.1532694],[116.2672072,40.1533691],[116.2672293,40.1533253],[116.2671756,40.1533117],[116.2672784,40.1531031],[116.2673496,40.1531092],[116.2673693,40.1530699],[116.2670214,40.1529701],[116.2670016,40.1529943],[116.2669027,40.1529701],[116.2669225,40.1528916],[116.2670135,40.1528916],[116.2670095,40.1528462],[116.2677766,40.1530518],[116.2677094,40.1531606],[116.267397,40.153088],[116.2673772,40.1531334],[116.2674484,40.1531545],[116.2674245,40.1531991],[116.2673888,40.1532858],[116.2673532,40.1533551],[116.2672977,40.1533404],[116.2672776,40.1533855],[116.2676106,40.1534705],[116.2675552,40.1535897],[116.266705,40.1533872]]]}},{"type":"Feature","id":"way/446354610","properties":{"building":"apartments","name":"一公寓","source":"OpenStreetMap"},"geometry":{"type":"Polygon","coordinates":[[[116.2677464,40.1536562],[116.267774,40.1536018],[116.267782,40.1535504],[116.2678215,40.1535625],[116.2678294,40.1535262],[116.2681299,40.1536048],[116.2681457,40.1535534],[116.2680864,40.1535323],[116.2681734,40.153354],[116.2682407,40.153363],[116.2682565,40.1533177],[116.267948,40.1532361],[116.2679757,40.1531726],[116.2679401,40.1531635],[116.2679559,40.1531273],[116.2679888,40.153137],[116.268004,40.1530986],[116.2688654,40.1533388],[116.2686282,40.1538768],[116.2677464,40.1536562]]]}},{"type":"Feature","id":"way/446354611","properties":{"amenity":"restaurant","building":"yes","fast_food":"cafeteria","name":"东区食堂","name:zh":"沙河第一食堂","name:zh-Hans":"沙河第一食堂","name:zh-Hant":"沙河第一食堂","source":"OpenStreetMap"},"geometry":{"type":"Polygon","coordinates":[[[116.2685107,40.1552317],[116.2686074,40.1552579],[116.2686279,40.1552116],[116.2687797,40.1552522],[116.2692288,40.1542283],[116.2688583,40.1541322],[116.268799,40.1542614],[116.2687459,40.1542524],[116.2686786,40.1544055],[116.2686776,40.1544327],[116.2686919,40.1544545],[116.2685354,40.154823],[116.2685052,40.1548328],[116.2684796,40.1548541],[116.2684111,40.1550088],[116.2684709,40.1550244],[116.2684083,40.1551593],[116.2685315,40.1551907],[116.2685107,40.1552317]]]}},{"type":"Feature","id":"way/446354612","properties":{"building":"yes","name":"沙河门诊部","name:zh":"沙河西区综合服务中心","name:zh-Hans":"沙河西区综合服务中心","name:zh-Hant":"沙河西區綜合服務中心","source":"OpenStreetMap"},"geometry":{"type":"Polygon","coordinates":[[[116.2693024,40.1541236],[116.2690144,40.1540476],[116.2688582,40.1540064],[116.2688874,40.1539369],[116.2689125,40.1539412],[116.2689257,40.1539074],[116.2689459,40.1538713],[116.2689807,40.1538292],[116.2690335,40.1537864],[116.2690851,40.1537673],[116.2691584,40.1537554],[116.2692076,40.1537546],[116.2692405,40.1537574],[116.2693336,40.1537765],[116.2693476,40.1537513],[116.2694582,40.1537782],[116.2694135,40.153872],[116.2693024,40.1541236]]]}},{"type":"Feature","id":"way/446354614","properties":{"highway":"footway","source":"OpenStreetMap"},"geometry":{"type":"LineString","coordinates":[[116.2690211,40.153304],[116.2691148,40.1534872],[116.2689792,40.1535667]]}},{"type":"Feature","id":"way/446354615","properties":{"access":"no","bicycle":"yes","foot":"yes","highway":"footway","horse":"yes","source":"OpenStreetMap"},"geometry":{"type":"LineString","coordinates":[[116.2691148,40.1534872],[116.2694498,40.1533848]]}},{"type":"Feature","id":"way/446354616","properties":{"highway":"footway","source":"OpenStreetMap"},"geometry":{"type":"LineString","coordinates":[[116.2690938,40.1530157],[116.2692614,40.1530307],[116.2693926,40.1530195],[116.2694728,40.1529872],[116.2695121,40.1529271],[116.2695996,40.1527622],[116.2696593,40.1526464],[116.2696491,40.1525706],[116.2695998,40.1525117],[116.2695597,40.1524861],[116.269344,40.1524345],[116.2692839,40.152417]]}},{"type":"Feature","id":"way/446354618","properties":{"building":"university","name":"教003","name:zh":"教003","name:zh-Hans":"教003","name:zh-Hant":"教003","source":"OpenStreetMap"},"geometry":{"type":"Polygon","coordinates":[[[116.2662295,40.1512092],[116.2663558,40.1509378],[116.2666277,40.1510032],[116.2664984,40.1512803],[116.2662295,40.1512092]]]}},{"type":"Feature","id":"way/446354619","properties":{"building":"university","source":"OpenStreetMap"},"geometry":{"type":"Polygon","coordinates":[[[116.2660242,40.1511546],[116.2661021,40.1509635],[116.2661133,40.1509349],[116.2661329,40.1508842],[116.2662644,40.1509158],[116.2661539,40.1511662],[116.2661022,40.1511532],[116.2660911,40.1511726],[116.2660242,40.1511546]]]}},{"type":"Feature","id":"way/446354620","properties":{"building":"university","source":"OpenStreetMap"},"geometry":{"type":"Polygon","coordinates":[[[116.2662491,40.1506205],[116.2663092,40.1506334],[116.2663168,40.1506132],[116.2663816,40.1506285],[116.2664773,40.1504042],[116.2663493,40.1503715],[116.2663665,40.1503309],[116.2660962,40.1502657],[116.265931,40.1502279],[116.2659095,40.1502894],[116.2658451,40.1502773],[116.2657837,40.1504331],[116.265847,40.1504445],[116.2658218,40.1505136],[116.2659716,40.1505438],[116.2660488,40.1503397],[116.2663344,40.1504098],[116.2662491,40.1506205]]]}},{"type":"Feature","id":"way/446354621","properties":{"building":"university","source":"OpenStreetMap"},"geometry":{"type":"Polygon","coordinates":[[[116.265732,40.1510841],[116.2658146,40.1508976],[116.2661021,40.1509635],[116.2661133,40.1509349],[116.2658416,40.1508674],[116.2658622,40.1508154],[116.2657322,40.1507867],[116.2655865,40.1511196],[116.2656535,40.151133],[116.2656824,40.151072],[116.265732,40.1510841]]]}},{"type":"Feature","id":"way/446354622","properties":{"building":"university","name":"教004","name:zh":"教004","name:zh-Hans":"教004","name:zh-Hant":"教004","source":"OpenStreetMap"},"geometry":{"type":"Polygon","coordinates":[[[116.2664746,40.150586],[116.2665504,40.1504229],[116.266844,40.150498],[116.2667768,40.1506655],[116.2664746,40.150586]]]}},{"type":"Feature","id":"way/446354623","properties":{"building":"university","name":"教001","name:zh":"教001","name:zh-Hans":"教001","name:zh-Hant":"教001","source":"OpenStreetMap"},"geometry":{"type":"Polygon","coordinates":[[[116.2661207,40.1502074],[116.266351,40.1502663],[116.2664421,40.1500594],[116.2662067,40.1500021],[116.2661207,40.1502074]]]}},{"type":"Feature","id":"way/446354624","properties":{"building":"university","name":"教002","name:zh":"教002","name:zh-Hans":"教002","name:zh-Hant":"教002","source":"OpenStreetMap"},"geometry":{"type":"Polygon","coordinates":[[[116.2652675,40.1509689],[116.2653782,40.150997],[116.2655295,40.1510354],[116.2656138,40.1508535],[116.2653511,40.1507839],[116.2652675,40.1509689]]]}},{"type":"Feature","id":"way/446354625","properties":{"landuse":"grass","source":"OpenStreetMap"},"geometry":{"type":"Polygon","coordinates":[[[116.2647508,40.1506861],[116.2649245,40.1502871],[116.2651387,40.1503453],[116.2649727,40.1507408],[116.2647508,40.1506861]]]}},{"type":"Feature","id":"way/446354626","properties":{"landuse":"grass","source":"OpenStreetMap"},"geometry":{"type":"Polygon","coordinates":[[[116.2649459,40.1502496],[116.2649763,40.1501813],[116.2650478,40.1502031],[116.2650168,40.1502713],[116.2649459,40.1502496]]]}},{"type":"Feature","id":"way/446354627","properties":{"landuse":"grass","source":"OpenStreetMap"},"geometry":{"type":"Polygon","coordinates":[[[116.2650915,40.1502836],[116.2651198,40.1502237],[116.2651859,40.1502429],[116.2651598,40.1503021],[116.2650915,40.1502836]]]}},{"type":"Feature","id":"way/446354628","properties":{"landuse":"grass","source":"OpenStreetMap"},"geometry":{"type":"Polygon","coordinates":[[[116.2649902,40.1501502],[116.2650194,40.1500888],[116.2650893,40.1501091],[116.2650603,40.1501716],[116.2649902,40.1501502]]]}},{"type":"Feature","id":"way/446354629","properties":{"landuse":"grass","source":"OpenStreetMap"},"geometry":{"type":"Polygon","coordinates":[[[116.2651374,40.1501883],[116.2651638,40.1501257],[116.2652315,40.150145],[116.265202,40.1502063],[116.2651374,40.1501883]]]}},{"type":"Feature","id":"way/446354630","properties":{"landuse":"grass","source":"OpenStreetMap"},"geometry":{"type":"Polygon","coordinates":[[[116.2651944,40.1498445],[116.2652746,40.1496495],[116.2654815,40.1496974],[116.2653999,40.1498946],[116.2651944,40.1498445]]]}},{"type":"Feature","id":"way/446354631","properties":{"landuse":"grass","source":"OpenStreetMap"},"geometry":{"type":"Polygon","coordinates":[[[116.2653795,40.149468],[116.2654524,40.1492986],[116.2656127,40.1493376],[116.2655413,40.1495081],[116.2653795,40.149468]]]}},{"type":"Feature","id":"way/446354632","properties":{"landuse":"grass","source":"OpenStreetMap"},"geometry":{"type":"Polygon","coordinates":[[[116.2655762,40.1490101],[116.2656418,40.1488474],[116.2658051,40.1488864],[116.2657366,40.149048],[116.2655762,40.1490101]]]}},{"type":"Feature","id":"way/446354634","properties":{"landuse":"grass","source":"OpenStreetMap"},"geometry":{"type":"Polygon","coordinates":[[[116.2645171,40.1502554],[116.2646002,40.1501164],[116.2648098,40.1501708],[116.2647425,40.1503249],[116.2645171,40.1502554]]]}},{"type":"Feature","id":"way/539397233","properties":{"highway":"primary","name":"北沙河西三路","oneway":"yes","source":"OpenStreetMap"},"geometry":{"type":"LineString","coordinates":[[116.2567496,40.1549719],[116.2560388,40.1566389],[116.255832,40.1571446],[116.2552921,40.1584001],[116.2548282,40.1595469],[116.2548288,40.1596615],[116.2549632,40.1608507],[116.2551216,40.1622525],[116.2552287,40.1631431],[116.2554171,40.164694],[116.2555181,40.1653954],[116.2555223,40.1654307],[116.2555391,40.165573]]}},{"type":"Feature","id":"way/539397234","properties":{"highway":"primary","name":"北沙河西三路","oneway":"yes","source":"OpenStreetMap"},"geometry":{"type":"LineString","coordinates":[[116.255333,40.165564],[116.2553161,40.1654268],[116.2553122,40.1653949],[116.2552096,40.1645593],[116.2550612,40.1633498],[116.2550004,40.1628545],[116.2549321,40.1622659],[116.2547508,40.1606264],[116.2546425,40.1596288],[116.2546514,40.1595203],[116.255358,40.1578596],[116.2555165,40.1574777],[116.2558932,40.1566055],[116.2565621,40.1549237]]}},{"type":"Feature","id":"way/539399525","properties":{"highway":"tertiary","name":"高教园北一街","oneway":"yes","source":"OpenStreetMap"},"geometry":{"type":"LineString","coordinates":[[116.2513251,40.1597712],[116.2514417,40.1597599],[116.2542338,40.1595358],[116.2546514,40.1595203],[116.2548282,40.1595469],[116.2555243,40.1597143],[116.258706,40.1605101],[116.2600326,40.1608422],[116.2610357,40.1610949],[116.2627012,40.1615144],[116.2628625,40.1615578]]}},{"type":"Feature","id":"way/539399527","properties":{"highway":"tertiary","name":"高教园北一街","oneway":"yes","source":"OpenStreetMap"},"geometry":{"type":"LineString","coordinates":[[116.2629341,40.1616927],[116.262819,40.161663],[116.2599851,40.1609354],[116.255285,40.1597579],[116.2548288,40.1596615],[116.2546425,40.1596288],[116.2542275,40.1596322],[116.2514525,40.1598529],[116.251335,40.1598606]]}},{"type":"Feature","id":"way/539399534","properties":{"highway":"tertiary","name":"北沙河西四路","oneway":"yes","source":"OpenStreetMap"},"geometry":{"type":"LineString","coordinates":[[116.2522544,40.1678717],[116.2522424,40.1677811],[116.2522036,40.1674877],[116.2520465,40.1660774],[116.2519959,40.1657017],[116.2519738,40.165504],[116.2519565,40.1653518],[116.2519321,40.1651228],[116.2518873,40.164667],[116.2518342,40.1642818],[116.2516244,40.1625263],[116.2515532,40.1618662],[116.251438,40.1607984],[116.251335,40.1598606],[116.2513251,40.1597712],[116.2512855,40.1594104],[116.2512549,40.1591659],[116.2511576,40.1583884],[116.2511489,40.1580267],[116.2511729,40.1577406],[116.2512059,40.1573946],[116.2512779,40.157084],[116.2513857,40.1567185],[116.2515063,40.1563929],[116.2517179,40.1559128],[116.2518521,40.1556006],[116.2525735,40.1539225],[116.2526497,40.1537763]]}},{"type":"Feature","id":"way/539399535","properties":{"highway":"tertiary","name":"北沙河西四路","oneway":"yes","source":"OpenStreetMap"},"geometry":{"type":"LineString","coordinates":[[116.2527094,40.1539537],[116.2518525,40.1558818],[116.2515994,40.1564518],[116.2514749,40.1568067],[116.2513904,40.1570702],[116.2513189,40.1574315],[116.25128,40.1578346],[116.2512741,40.158159],[116.2512921,40.1584659],[116.2513843,40.1592637],[116.2514417,40.1597599],[116.2514525,40.1598529],[116.2515566,40.1608265],[116.2516301,40.1614752],[116.2517481,40.1625158],[116.2518391,40.1632776],[116.2519212,40.164051],[116.2520033,40.1646934],[116.2520525,40.1651418],[116.2520618,40.165205],[116.2520804,40.1653582],[116.2520988,40.1655099],[116.2521115,40.1656296],[116.2521161,40.1657004],[116.2521611,40.1660698],[116.2523253,40.1673923],[116.2523869,40.1677868]]}},{"type":"Feature","id":"way/606446498","properties":{"highway":"primary","name":"北沙河中路","oneway":"yes","source":"OpenStreetMap"},"geometry":{"type":"LineString","coordinates":[[116.2761429,40.1370703],[116.2750141,40.1410727],[116.2749772,40.1411853],[116.2743516,40.1433992],[116.2742278,40.1438347],[116.2742002,40.1439098],[116.2734874,40.1457898],[116.2734391,40.1459115],[116.2733796,40.146061]]}},{"type":"Feature","id":"way/606446499","properties":{"highway":"primary","name":"北沙河中路","oneway":"yes","source":"OpenStreetMap"},"geometry":{"type":"LineString","coordinates":[[116.27327,40.1458671],[116.2733162,40.145747],[116.2737927,40.1445064],[116.2740314,40.1438626],[116.274061,40.1437906],[116.2748182,40.1411464],[116.2748688,40.1410336],[116.2759969,40.1370419],[116.2761429,40.1370703]]}},{"type":"Feature","id":"way/606446500","properties":{"highway":"tertiary","name":"路松街","oneway":"yes","source":"OpenStreetMap"},"geometry":{"type":"LineString","coordinates":[[116.2829011,40.1462708],[116.2806044,40.145629],[116.2805282,40.1456116],[116.277828,40.1448927],[116.2776829,40.1448561],[116.2767133,40.1445916],[116.2742002,40.1439098],[116.2740314,40.1438626],[116.2707947,40.1429812],[116.2706625,40.1429385],[116.2684824,40.1423371],[116.2684864,40.1422857],[116.2685461,40.1422451]]}},{"type":"Feature","id":"way/606446501","properties":{"highway":"tertiary","name":"路松街","oneway":"yes","source":"OpenStreetMap"},"geometry":{"type":"LineString","coordinates":[[116.2685461,40.1422451],[116.2707001,40.1428616],[116.2708525,40.1429044],[116.274061,40.1437906],[116.2742278,40.1438347],[116.2777214,40.144754],[116.2778442,40.1447892],[116.2805813,40.1455366],[116.2806536,40.1455563],[116.2829931,40.1461788],[116.2829011,40.1462708]]}},{"type":"Feature","id":"way/606446512","properties":{"highway":"secondary","name":"北沙河西一路","oneway":"yes","source":"OpenStreetMap"},"geometry":{"type":"LineString","coordinates":[[116.2719768,40.1402306],[116.2719355,40.1403397],[116.2708525,40.1429044],[116.2707947,40.1429812],[116.2703189,40.1439966],[116.2699377,40.1448791],[116.2698863,40.1449982]]}},{"type":"Feature","id":"way/606446513","properties":{"highway":"secondary","name":"北沙河西一路","oneway":"yes","source":"OpenStreetMap"},"geometry":{"type":"LineString","coordinates":[[116.2697343,40.1449596],[116.2697898,40.1448411],[116.2701202,40.1441354],[116.2706625,40.1429385],[116.2707001,40.1428616],[116.2717912,40.1402954],[116.2718304,40.140197]]}},{"type":"Feature","id":"way/607421941","properties":{"leisure":"pitch","name":"攀岩训练设施","sport":"climbing","source":"OpenStreetMap"},"geometry":{"type":"Polygon","coordinates":[[[116.2706928,40.1505742],[116.2708145,40.1505254],[116.2707187,40.1503858],[116.270597,40.1504345],[116.2706928,40.1505742]]]}},{"type":"Feature","id":"way/657921280","properties":{"highway":"tertiary","oneway":"yes","source":"OpenStreetMap"},"geometry":{"type":"LineString","coordinates":[[116.2521387,40.1485477],[116.2528776,40.1486799]]}},{"type":"Feature","id":"way/657921281","properties":{"bridge":"yes","highway":"tertiary","layer":"1","oneway":"yes","source":"OpenStreetMap"},"geometry":{"type":"LineString","coordinates":[[116.2528776,40.1486799],[116.253747,40.1488932]]}},{"type":"Feature","id":"way/657921282","properties":{"highway":"path","oneway":"no","source":"OpenStreetMap"},"geometry":{"type":"LineString","coordinates":[[116.2536228,40.1490985],[116.2534565,40.1492338],[116.2531427,40.1497605],[116.2530086,40.1501377],[116.252845,40.1505541],[116.2528182,40.1509027],[116.2527753,40.1513373],[116.2525178,40.1518375],[116.2521557,40.1525979],[116.2518874,40.1531186],[116.251689,40.1534999],[116.2515414,40.1538958],[116.2512346,40.154633],[116.2510962,40.1553595],[116.2508011,40.1561426],[116.2505517,40.1565832],[116.2504256,40.1567658],[116.2503344,40.1571225],[116.2504042,40.1578318],[116.2505225,40.1591598],[116.2505758,40.1597587],[116.2506259,40.1604588],[116.2506449,40.1605879],[116.2508092,40.1617038],[116.2509165,40.162536],[116.2509969,40.163233],[116.2510399,40.1637741],[116.2511257,40.1646145],[116.2511928,40.165453],[116.2512759,40.166037],[116.2513188,40.1666642],[116.2514744,40.1676357],[116.2515656,40.1683613],[116.2516621,40.1692672],[116.2517265,40.1698985],[116.2517158,40.1706486],[116.2517144,40.1707639],[116.2517131,40.1708722],[116.2517807,40.1711239]]}},{"type":"Feature","id":"way/657921284","properties":{"highway":"secondary","oneway":"yes","source":"OpenStreetMap"},"geometry":{"type":"LineString","coordinates":[[116.253747,40.1488932],[116.2537956,40.148903],[116.2543086,40.1490309],[116.2547402,40.1491283],[116.2555333,40.1493313],[116.2590007,40.1502253]]}},{"type":"Feature","id":"way/657921286","properties":{"highway":"secondary","oneway":"yes","source":"OpenStreetMap"},"geometry":{"type":"LineString","coordinates":[[116.2591157,40.1503609],[116.2589365,40.1503533],[116.2587545,40.1503077],[116.2569097,40.1498301],[116.2546454,40.1492345],[116.2537017,40.1489904]]}},{"type":"Feature","id":"way/657921289","properties":{"highway":"primary","name":"北沙河西三路","oneway":"yes","source":"OpenStreetMap"},"geometry":{"type":"LineString","coordinates":[[116.2566262,40.1547891],[116.2569517,40.1541828],[116.2576442,40.1528545],[116.2589365,40.1503533]]}},{"type":"Feature","id":"way/657921295","properties":{"highway":"tertiary","source":"OpenStreetMap"},"geometry":{"type":"LineString","coordinates":[[116.2521133,40.1486332],[116.2520776,40.1487416],[116.2520447,40.1488201],[116.2520016,40.1488666],[116.2519299,40.1489098],[116.2518148,40.1489392],[116.2517214,40.1489355],[116.2516211,40.1489158],[116.2502887,40.1485889]]}},{"type":"Feature","id":"way/657921297","properties":{"highway":"tertiary","oneway":"yes","source":"OpenStreetMap"},"geometry":{"type":"LineString","coordinates":[[116.2500947,40.1483387],[116.2501656,40.1484774],[116.2502887,40.1485889]]}},{"type":"Feature","id":"way/657921301","properties":{"building":"yes","name":"沙河主楼西侧楼群","name:zh":"原国家实验室二期","name:zh-Hans":"原国家实验室二期","name:zh-Hant":"原國家實驗室二期","source":"OpenStreetMap","model":"shahe-main","displayHeight":29},"geometry":{"type":"Polygon","coordinates":[[[116.2608047,40.1522989],[116.2610483,40.1517289],[116.2611597,40.1514683],[116.2621216,40.1517042],[116.2622459,40.1517369],[116.2623818,40.1517727],[116.2632429,40.1519791],[116.2631358,40.1522375],[116.2629032,40.1527988],[116.262596,40.1527248],[116.2620313,40.1525886],[116.2622799,40.1520278],[116.2621399,40.1519959],[116.2620125,40.1519668],[116.261774,40.152531],[116.2608047,40.1522989]]]}},{"type":"Feature","id":"way/683140635","properties":{"highway":"residential","oneway":"yes","source":"OpenStreetMap"},"geometry":{"type":"LineString","coordinates":[[116.2753875,40.1507808],[116.2753406,40.1508756],[116.2751262,40.1512841],[116.275024,40.1514789],[116.2748711,40.1518084],[116.2742888,40.1529914],[116.2741939,40.1531833],[116.2738942,40.1538341]]}},{"type":"Feature","id":"way/683140636","properties":{"highway":"residential","oneway":"yes","source":"OpenStreetMap"},"geometry":{"type":"LineString","coordinates":[[116.2737582,40.1538003],[116.2739724,40.1533527],[116.2741642,40.1529556],[116.274747,40.1517722],[116.2748973,40.1514407],[116.274992,40.1512533],[116.2752026,40.1508364],[116.2752395,40.1507407]]}},{"type":"Feature","id":"way/683140637","properties":{"highway":"residential","source":"OpenStreetMap"},"geometry":{"type":"LineString","coordinates":[[116.2711083,40.1531263],[116.2723152,40.153444],[116.2737582,40.1538003],[116.2738942,40.1538341],[116.2744494,40.1539773],[116.2748768,40.1541005],[116.2756354,40.154318]]}},{"type":"Feature","id":"way/683140638","properties":{"highway":"residential","source":"OpenStreetMap"},"geometry":{"type":"LineString","coordinates":[[116.2711083,40.1531263],[116.2710503,40.1530909],[116.2710143,40.1530319],[116.2712066,40.152589],[116.2717913,40.1512422]]}},{"type":"Feature","id":"way/683140639","properties":{"highway":"residential","source":"OpenStreetMap"},"geometry":{"type":"LineString","coordinates":[[116.2717913,40.1512422],[116.2727742,40.1508528]]}},{"type":"Feature","id":"way/683140640","properties":{"highway":"residential","source":"OpenStreetMap"},"geometry":{"type":"LineString","coordinates":[[116.2727742,40.1508528],[116.2734425,40.1510443],[116.2748973,40.1514407],[116.275024,40.1514789],[116.2760057,40.1517789],[116.2773033,40.1521508]]}},{"type":"Feature","id":"way/683140642","properties":{"highway":"residential","source":"OpenStreetMap"},"geometry":{"type":"LineString","coordinates":[[116.2723152,40.153444],[116.2725537,40.1529722]]}},{"type":"Feature","id":"way/683140643","properties":{"highway":"residential","source":"OpenStreetMap"},"geometry":{"type":"LineString","coordinates":[[116.272819,40.1525945],[116.2731813,40.1526938],[116.2741642,40.1529556],[116.2742888,40.1529914],[116.2748295,40.1531537],[116.2752745,40.1532814],[116.2775738,40.1539601]]}},{"type":"Feature","id":"way/683140647","properties":{"highway":"residential","source":"OpenStreetMap"},"geometry":{"type":"LineString","coordinates":[[116.2748711,40.1518084],[116.274747,40.1517722],[116.2737666,40.1515154],[116.2733695,40.1514016]]}},{"type":"Feature","id":"way/683140648","properties":{"highway":"residential","source":"OpenStreetMap"},"geometry":{"type":"LineString","coordinates":[[116.2733695,40.1514016],[116.2733121,40.1513801],[116.2732966,40.1513525]]}},{"type":"Feature","id":"way/683140649","properties":{"highway":"residential","source":"OpenStreetMap"},"geometry":{"type":"LineString","coordinates":[[116.2732966,40.1513525],[116.2734425,40.1510443]]}},{"type":"Feature","id":"way/683140793","properties":{"building":"school","source":"OpenStreetMap"},"geometry":{"type":"Polygon","coordinates":[[[116.2711661,40.153044],[116.2713289,40.1527107],[116.272459,40.1530331],[116.2722962,40.1533664],[116.2711661,40.153044]]]}},{"type":"Feature","id":"way/683140794","properties":{"building":"school","source":"OpenStreetMap"},"geometry":{"type":"Polygon","coordinates":[[[116.2728076,40.1527814],[116.2738941,40.1530968],[116.2739476,40.1529891],[116.2728612,40.1526736],[116.2728076,40.1527814]]]}},{"type":"Feature","id":"way/683140795","properties":{"building":"school","source":"OpenStreetMap"},"geometry":{"type":"Polygon","coordinates":[[[116.2724589,40.1534086],[116.2735479,40.1536628],[116.2736605,40.153425],[116.2726681,40.1530437],[116.2724589,40.1534086]]]}},{"type":"Feature","id":"way/683142068","properties":{"building":"school","source":"OpenStreetMap"},"geometry":{"type":"Polygon","coordinates":[[[116.2734163,40.1512695],[116.2746918,40.1516237],[116.2747487,40.1515039],[116.2734732,40.1511497],[116.2734163,40.1512695]]]}},{"type":"Feature","id":"way/683142069","properties":{"building":"school","source":"OpenStreetMap"},"geometry":{"type":"Polygon","coordinates":[[[116.2743159,40.1519237],[116.2741085,40.1523495],[116.2736038,40.152206],[116.2734113,40.1526012],[116.2733434,40.1525819],[116.2737595,40.1517272],[116.2739332,40.1517766],[116.2739169,40.1518102],[116.2743159,40.1519237]]]}},{"type":"Feature","id":"way/683142070","properties":{"leisure":"stadium","source":"OpenStreetMap"},"geometry":{"type":"Polygon","coordinates":[[[116.2714075,40.1524287],[116.2716167,40.1525025],[116.2716682,40.1525831],[116.2717293,40.1526419],[116.2718294,40.1527063],[116.2719131,40.1527455],[116.2720083,40.1527731],[116.272129,40.1527843],[116.2722443,40.1527731],[116.2723882,40.1527418],[116.2725131,40.152664],[116.2726547,40.1525327],[116.2730865,40.1516824],[116.2730793,40.1515169],[116.2730281,40.1514249],[116.2729579,40.151338],[116.2728344,40.151256],[116.2726559,40.1511972],[116.2724965,40.1511822],[116.2722336,40.1512314],[116.2720834,40.1512027],[116.2720458,40.1512724],[116.2718849,40.1513134],[116.2714075,40.1524287]]]}},{"type":"Feature","id":"way/683142071","properties":{"leisure":"pitch","sport":"basketball","source":"OpenStreetMap"},"geometry":{"type":"Polygon","coordinates":[[[116.272688,40.1525153],[116.2730889,40.1526332],[116.2734947,40.1518271],[116.2730938,40.1517092],[116.272688,40.1525153]]]}},{"type":"Feature","id":"way/683142072","properties":{"leisure":"pitch","sport":"tennis","source":"OpenStreetMap"},"geometry":{"type":"Polygon","coordinates":[[[116.273241,40.1514039],[116.273632,40.1515116],[116.2734936,40.1518051],[116.2731027,40.1516974],[116.273241,40.1514039]]]}},{"type":"Feature","id":"way/683142073","properties":{"highway":"residential","source":"OpenStreetMap"},"geometry":{"type":"LineString","coordinates":[[116.2731813,40.1526938],[116.2737666,40.1515154]]}},{"type":"Feature","id":"way/683142499","properties":{"highway":"residential","source":"OpenStreetMap"},"geometry":{"type":"LineString","coordinates":[[116.2725945,40.1529838],[116.272819,40.1525945]]}},{"type":"Feature","id":"way/683142501","properties":{"highway":"residential","source":"OpenStreetMap"},"geometry":{"type":"LineString","coordinates":[[116.2712066,40.152589],[116.2725537,40.1529722],[116.2725945,40.1529838],[116.2739724,40.1533527]]}},{"type":"Feature","id":"way/683349458","properties":{"amenity":"university","internet_access":"yes","internet_access:fee":"customers","name":"中国矿业大学（北京）沙河校区","name:zh":"中国矿业大学（北京）沙河校区","name:zh-Hans":"中国矿业大学（北京）沙河校区","name:zh-Hant":"中國礦業大學（北京）沙河校區","operator":"中国矿业大学（北京）","operator:type":"government","wheelchair":"yes","wikidata":"Q17014396","wikipedia":"zh:中国矿业大学（北京）","source":"OpenStreetMap"},"geometry":{"type":"Polygon","coordinates":[[[116.2526127,40.1530046],[116.2549074,40.153639],[116.2554004,40.1525288],[116.257367,40.1529818],[116.2586302,40.1505359],[116.2585761,40.1504049],[116.2570166,40.1500148],[116.2569639,40.1501092],[116.2568088,40.1500723],[116.2560607,40.1498944],[116.2561174,40.1497899],[116.2546065,40.1494119],[116.2536352,40.1508788],[116.2526127,40.1530046]]]}},{"type":"Feature","id":"way/683349459","properties":{"highway":"residential","source":"OpenStreetMap"},"geometry":{"type":"LineString","coordinates":[[116.2538757,40.151391],[116.2547642,40.1516166],[116.2549414,40.1516616],[116.2555497,40.1518161],[116.2560318,40.1519386],[116.2567808,40.1521288]]}},{"type":"Feature","id":"way/683349460","properties":{"highway":"residential","source":"OpenStreetMap"},"geometry":{"type":"LineString","coordinates":[[116.2545253,40.1522047],[116.2547642,40.1516166]]}},{"type":"Feature","id":"way/683350564","properties":{"highway":"residential","source":"OpenStreetMap"},"geometry":{"type":"LineString","coordinates":[[116.2549414,40.1516616],[116.2556894,40.1499665]]}},{"type":"Feature","id":"way/683350565","properties":{"highway":"residential","source":"OpenStreetMap"},"geometry":{"type":"LineString","coordinates":[[116.2556894,40.1499665],[116.2557463,40.1499143],[116.2558298,40.1499143]]}},{"type":"Feature","id":"way/683350566","properties":{"highway":"residential","source":"OpenStreetMap"},"geometry":{"type":"LineString","coordinates":[[116.2558298,40.1499143],[116.2567705,40.1501637],[116.257514,40.1503608]]}},{"type":"Feature","id":"way/683350567","properties":{"highway":"residential","source":"OpenStreetMap"},"geometry":{"type":"LineString","coordinates":[[116.2567705,40.1501637],[116.2568088,40.1500723],[116.2569097,40.1498301]]}},{"type":"Feature","id":"way/683350568","properties":{"highway":"residential","source":"OpenStreetMap"},"geometry":{"type":"LineString","coordinates":[[116.2567808,40.1521288],[116.2575443,40.1504159]]}},{"type":"Feature","id":"way/683350569","properties":{"highway":"residential","source":"OpenStreetMap"},"geometry":{"type":"LineString","coordinates":[[116.2575443,40.1504159],[116.257514,40.1503608]]}},{"type":"Feature","id":"way/683350570","properties":{"highway":"residential","source":"OpenStreetMap"},"geometry":{"type":"LineString","coordinates":[[116.2576442,40.1528545],[116.2574205,40.1527907],[116.2566833,40.1525759]]}},{"type":"Feature","id":"way/683350571","properties":{"highway":"residential","source":"OpenStreetMap"},"geometry":{"type":"LineString","coordinates":[[116.2566833,40.1525759],[116.2567808,40.1521288]]}},{"type":"Feature","id":"way/683350572","properties":{"building":"university","layer":"1","source":"OpenStreetMap"},"geometry":{"type":"Polygon","coordinates":[[[116.2556044,40.1509679],[116.2573846,40.1514151],[116.2574682,40.1512205],[116.255688,40.1507733],[116.2556044,40.1509679]]]}},{"type":"Feature","id":"way/683350573","properties":{"building":"university","layer":"1","source":"OpenStreetMap"},"geometry":{"type":"Polygon","coordinates":[[[116.2555102,40.1506751],[116.2557684,40.1507385],[116.2558898,40.1504496],[116.2575922,40.1508678],[116.2576542,40.1507204],[116.2556936,40.1502388],[116.2555102,40.1506751]]]}},{"type":"Feature","id":"way/683350574","properties":{"building":"university","source":"OpenStreetMap"},"geometry":{"type":"Polygon","coordinates":[[[116.2567858,40.1524364],[116.2575246,40.1526353],[116.2583259,40.1508966],[116.2577388,40.1507385],[116.257663,40.1509031],[116.2580851,40.1510167],[116.2579297,40.1513538],[116.2575238,40.1512446],[116.257444,40.1514177],[116.2577955,40.1515123],[116.257654,40.1518194],[116.257131,40.1516786],[116.2570384,40.1518796],[116.2575119,40.1520071],[116.2573743,40.1523056],[116.2569044,40.1521791],[116.2567858,40.1524364]]]}},{"type":"Feature","id":"way/683350575","properties":{"building":"university","source":"OpenStreetMap"},"geometry":{"type":"Polygon","coordinates":[[[116.253502,40.1529087],[116.2537902,40.1529881],[116.2539678,40.1526118],[116.2539373,40.1526034],[116.2539939,40.1524835],[116.2537362,40.1524125],[116.253502,40.1529087]]]}},{"type":"Feature","id":"way/683351165","properties":{"building":"university","source":"OpenStreetMap"},"geometry":{"type":"Polygon","coordinates":[[[116.2546074,40.1522393],[116.2552438,40.1523737],[116.2552985,40.1522224],[116.2549147,40.1521413],[116.2549984,40.1519098],[116.255376,40.1519896],[116.2554264,40.1518501],[116.2547962,40.1517171],[116.2546074,40.1522393]]]}},{"type":"Feature","id":"way/683351166","properties":{"building":"university","source":"OpenStreetMap"},"geometry":{"type":"Polygon","coordinates":[[[116.2554302,40.1522691],[116.2558031,40.1523616],[116.2559609,40.1519899],[116.255588,40.1518974],[116.2554302,40.1522691]]]}},{"type":"Feature","id":"way/683351167","properties":{"building":"university","source":"OpenStreetMap"},"geometry":{"type":"Polygon","coordinates":[[[116.2558157,40.1525724],[116.2564231,40.1527235],[116.2566551,40.1521786],[116.2560608,40.1520307],[116.2560014,40.1521705],[116.2564544,40.1522832],[116.2563492,40.1525304],[116.255883,40.1524145],[116.2558157,40.1525724]]]}},{"type":"Feature","id":"way/683351168","properties":{"building":"university","source":"OpenStreetMap"},"geometry":{"type":"Polygon","coordinates":[[[116.2565809,40.152732],[116.2571088,40.1528683],[116.2571675,40.1527357],[116.2566395,40.1525994],[116.2565809,40.152732]]]}},{"type":"Feature","id":"way/683351169","properties":{"leisure":"pitch","sport":"soccer","source":"OpenStreetMap"},"geometry":{"type":"Polygon","coordinates":[[[116.2539324,40.1510897],[116.2549743,40.1513635],[116.2556497,40.1498623],[116.2546078,40.1495884],[116.2539324,40.1510897]]]}},{"type":"Feature","id":"way/683351170","properties":{"leisure":"pitch","sport":"tennis","source":"OpenStreetMap"},"geometry":{"type":"Polygon","coordinates":[[[116.2538524,40.1513369],[116.25421,40.1514242],[116.2543006,40.1512076],[116.2539429,40.1511202],[116.2538524,40.1513369]]]}},{"type":"Feature","id":"way/683351171","properties":{"leisure":"pitch","sport":"volleyball","source":"OpenStreetMap"},"geometry":{"type":"Polygon","coordinates":[[[116.2542591,40.1513559],[116.2543978,40.1513891],[116.254374,40.1514471],[116.254516,40.1514811],[116.2545955,40.1512873],[116.2543148,40.15122],[116.2542591,40.1513559]]]}},{"type":"Feature","id":"way/683351257","properties":{"highway":"residential","source":"OpenStreetMap"},"geometry":{"type":"LineString","coordinates":[[116.2555497,40.1518161],[116.2553035,40.1523744]]}},{"type":"Feature","id":"way/683351259","properties":{"highway":"residential","source":"OpenStreetMap"},"geometry":{"type":"LineString","coordinates":[[116.2560318,40.1519386],[116.2557911,40.1524733]]}},{"type":"Feature","id":"way/683360754","properties":{"amenity":"university","internet_access":"yes","internet_access:fee":"customers","name":"北京师范大学（沙河西区）","name:zh":"北京师范大学（沙河西区）","name:zh-Hans":"北京师范大学（沙河西区）","name:zh-Hant":"北京師範大學（沙河西區）","operator":"北京师范大学","operator:type":"government","website":"https://cpxy.bnu.edu.cn/index.html","wheelchair":"yes","wikidata":"Q1604022","wikipedia":"zh:北京师范大学","source":"OpenStreetMap"},"geometry":{"type":"Polygon","coordinates":[[[116.2552621,40.1490788],[116.2551703,40.1489118],[116.2555603,40.1480487],[116.2557836,40.147605],[116.2560643,40.1471954],[116.2562365,40.1465517],[116.2563582,40.1464432],[116.2602364,40.1473465],[116.2595415,40.148764],[116.2588968,40.1500791],[116.2552621,40.1490788]]]}},{"type":"Feature","id":"way/683360755","properties":{"building":"university","source":"OpenStreetMap"},"geometry":{"type":"Polygon","coordinates":[[[116.2561847,40.149093],[116.2554151,40.1489123],[116.2558062,40.1479394],[116.2565842,40.1481221],[116.2564344,40.1484946],[116.2562838,40.1484592],[116.256381,40.1482174],[116.255929,40.1481112],[116.2556429,40.1488229],[116.2562372,40.1489625],[116.2561847,40.149093]]]}},{"type":"Feature","id":"way/683360756","properties":{"building":"university","source":"OpenStreetMap"},"geometry":{"type":"Polygon","coordinates":[[[116.2562421,40.1491458],[116.2567759,40.1492749],[116.2569168,40.1489348],[116.2576076,40.1491019],[116.2574674,40.1494404],[116.2580773,40.149588],[116.2581386,40.14944],[116.2577054,40.1493352],[116.2578383,40.1490142],[116.2567702,40.1487558],[116.2566456,40.1490569],[116.2563123,40.1489763],[116.2562421,40.1491458]]]}},{"type":"Feature","id":"way/683360757","properties":{"building":"university","source":"OpenStreetMap"},"geometry":{"type":"Polygon","coordinates":[[[116.2582696,40.1496727],[116.2587726,40.1497967],[116.2589229,40.1494403],[116.2584199,40.1493164],[116.2582696,40.1496727]]]}},{"type":"Feature","id":"way/683360758","properties":{"building":"university","source":"OpenStreetMap"},"geometry":{"type":"Polygon","coordinates":[[[116.2587985,40.1492146],[116.2590693,40.1492799],[116.2592715,40.1487901],[116.2584958,40.1486031],[116.2584119,40.1488064],[116.2589167,40.1489282],[116.2587985,40.1492146]]]}},{"type":"Feature","id":"way/683360759","properties":{"building":"university","source":"OpenStreetMap"},"geometry":{"type":"Polygon","coordinates":[[[116.2559241,40.1475924],[116.2561401,40.1476445],[116.2562604,40.1473596],[116.2564871,40.147402],[116.2563734,40.1476803],[116.2566778,40.1477532],[116.2567554,40.1476405],[116.2568105,40.1474658],[116.2568138,40.1472716],[116.2566578,40.1472341],[116.2565696,40.1472979],[116.2563079,40.1472433],[116.2565006,40.1467719],[116.2570457,40.1469035],[116.2570963,40.146781],[116.2563351,40.1465973],[116.2559241,40.1475924]]]}},{"type":"Feature","id":"way/683360760","properties":{"building":"university","source":"OpenStreetMap"},"geometry":{"type":"Polygon","coordinates":[[[116.2570524,40.1474438],[116.2576218,40.1475836],[116.2578738,40.1469836],[116.2573302,40.1468501],[116.2572755,40.1469803],[116.2576301,40.1470673],[116.2575098,40.147354],[116.2571294,40.1472606],[116.2570524,40.1474438]]]}},{"type":"Feature","id":"way/683360761","properties":{"building":"university","source":"OpenStreetMap"},"geometry":{"type":"Polygon","coordinates":[[[116.2586463,40.1482641],[116.259349,40.148424],[116.2597299,40.1474358],[116.2589896,40.1472718],[116.2589199,40.1474399],[116.2594778,40.1475629],[116.2593758,40.1478172],[116.2592471,40.1477844],[116.2591774,40.1476901],[116.2589681,40.1476737],[116.2588233,40.1477106],[116.258775,40.1478377],[116.2588072,40.1478869],[116.2589199,40.1479238],[116.2589413,40.1478828],[116.2593222,40.1479894],[116.2592364,40.148219],[116.258716,40.148096],[116.2586463,40.1482641]]]}},{"type":"Feature","id":"way/683360762","properties":{"building":"university","source":"OpenStreetMap"},"geometry":{"type":"Polygon","coordinates":[[[116.2580153,40.1477383],[116.2582049,40.1477826],[116.2582405,40.1476938],[116.2585891,40.1477753],[116.2586344,40.1476622],[116.2582976,40.1475834],[116.2584208,40.147276],[116.2587434,40.1473515],[116.2587944,40.1472243],[116.2583242,40.1471143],[116.2581505,40.1475479],[116.2580966,40.1475353],[116.2580153,40.1477383]]]}},{"type":"Feature","id":"way/683360763","properties":{"highway":"residential","source":"OpenStreetMap"},"geometry":{"type":"LineString","coordinates":[[116.259736,40.1488163],[116.2595415,40.148764],[116.2584207,40.1484978]]}},{"type":"Feature","id":"way/683360764","properties":{"highway":"residential","source":"OpenStreetMap"},"geometry":{"type":"LineString","coordinates":[[116.2584207,40.1484978],[116.2582335,40.148973],[116.2566188,40.1486013],[116.2570266,40.1475662],[116.2578043,40.1477452],[116.2586413,40.1479378],[116.2584207,40.1484978]]}},{"type":"Feature","id":"way/683360765","properties":{"building":"university","source":"OpenStreetMap"},"geometry":{"type":"Polygon","coordinates":[[[116.2561493,40.148749],[116.2563158,40.1487895],[116.2563807,40.1486339],[116.2562142,40.1485933],[116.2561493,40.148749]]]}},{"type":"Feature","id":"way/683360766","properties":{"highway":"residential","source":"OpenStreetMap"},"geometry":{"type":"LineString","coordinates":[[116.2578043,40.1477452],[116.2581287,40.1469685],[116.2581714,40.1468662],[116.2581957,40.146808]]}},{"type":"Feature","id":"way/683361161","properties":{"highway":"residential","source":"OpenStreetMap"},"geometry":{"type":"LineString","coordinates":[[116.25714,40.1451844],[116.2583088,40.1430538],[116.2597353,40.1434725],[116.2604071,40.1436549],[116.2608344,40.1427948]]}},{"type":"Feature","id":"way/683361162","properties":{"highway":"residential","source":"OpenStreetMap"},"geometry":{"type":"LineString","coordinates":[[116.2604717,40.147378],[116.2581957,40.146808]]}},{"type":"Feature","id":"way/683361241","properties":{"highway":"tertiary","source":"OpenStreetMap"},"geometry":{"type":"LineString","coordinates":[[116.2608344,40.1427948],[116.2609673,40.1425486],[116.2610106,40.1424684]]}},{"type":"Feature","id":"way/739536522","properties":{"highway":"primary","name":"北沙河中路","name:zh":"北沙河中路","name:zh-Hans":"北沙河中路","name:zh-Hant":"北沙河中路","oneway":"yes","source":"OpenStreetMap"},"geometry":{"type":"LineString","coordinates":[[116.2701259,40.1534984],[116.270176,40.1533756],[116.2717011,40.1498367]]}},{"type":"Feature","id":"way/739536523","properties":{"highway":"primary","name":"北沙河中路","name:zh":"北沙河中路","name:zh-Hans":"北沙河中路","name:zh-Hant":"北沙河中路","oneway":"yes","source":"OpenStreetMap"},"geometry":{"type":"LineString","coordinates":[[116.2703106,40.153545],[116.270256,40.153674],[116.2701759,40.1538596],[116.2694809,40.1554705],[116.2691097,40.1562926],[116.2690724,40.156397],[116.2690587,40.1564803],[116.2690643,40.1565506],[116.269076,40.1565957],[116.2690879,40.1566278],[116.2691053,40.1566582],[116.2691281,40.1566956],[116.2691629,40.1567315],[116.2692149,40.1567758],[116.2692586,40.1568025],[116.2693215,40.1568337],[116.2694456,40.1568769],[116.2695754,40.1569135]]}},{"type":"Feature","id":"way/739536524","properties":{"highway":"tertiary","name":"高教园南三街","oneway":"yes","source":"OpenStreetMap"},"geometry":{"type":"LineString","coordinates":[[116.2717408,40.1497332],[116.2719182,40.1497849]]}},{"type":"Feature","id":"way/739536525","properties":{"highway":"primary","name":"北沙河中路","name:zh":"北沙河中路","name:zh-Hans":"北沙河中路","name:zh-Hant":"北沙河中路","oneway":"yes","source":"OpenStreetMap"},"geometry":{"type":"LineString","coordinates":[[116.2717011,40.1498367],[116.2717408,40.1497332],[116.272525,40.1477747],[116.2731728,40.1460982],[116.273207,40.1460159],[116.27327,40.1458671]]}},{"type":"Feature","id":"way/739536526","properties":{"highway":"primary","name":"北沙河中路","name:zh":"北沙河中路","name:zh-Hans":"北沙河中路","name:zh-Hant":"北沙河中路","oneway":"yes","source":"OpenStreetMap"},"geometry":{"type":"LineString","coordinates":[[116.2718809,40.14989],[116.2703559,40.1534302],[116.2703106,40.153545]]}},{"type":"Feature","id":"way/739536527","properties":{"highway":"secondary","name":"高教园南三街","oneway":"yes","source":"OpenStreetMap"},"geometry":{"type":"LineString","coordinates":[[116.2719182,40.1497849],[116.2728143,40.150047],[116.2752395,40.1507407],[116.2753875,40.1507808],[116.2771429,40.1512911],[116.2792419,40.1519012]]}},{"type":"Feature","id":"way/739536528","properties":{"highway":"primary","name":"G6辅路","oneway":"yes","ref":"S216","source":"OpenStreetMap"},"geometry":{"type":"LineString","coordinates":[[116.2515858,40.1451411],[116.2519623,40.144666],[116.2522646,40.1442947],[116.2527663,40.1434267],[116.2533332,40.1427144],[116.2538915,40.1420129]]}},{"type":"Feature","id":"way/739536529","properties":{"highway":"primary","name":"G6辅路","oneway":"yes","ref":"S216","source":"OpenStreetMap"},"geometry":{"type":"LineString","coordinates":[[116.2500947,40.1483387],[116.2499311,40.1485824],[116.2465986,40.1535161],[116.2463779,40.1538429],[116.2461495,40.154129],[116.2457553,40.1546228],[116.2445754,40.1565694],[116.244185,40.1572829],[116.2428986,40.1591497],[116.2403425,40.162861],[116.2398278,40.16361],[116.239474,40.16422],[116.23917,40.1648573],[116.2388082,40.1661641],[116.2387059,40.1669433],[116.2388364,40.1676509],[116.2391002,40.168211],[116.2392876,40.1685647]]}},{"type":"Feature","id":"way/739536531","properties":{"highway":"primary","name":"G6辅路","oneway":"yes","ref":"S216","source":"OpenStreetMap"},"geometry":{"type":"LineString","coordinates":[[116.2561466,40.1408489],[116.256085,40.140927],[116.2559818,40.1410465],[116.2554444,40.141705],[116.2549432,40.142319]]}},{"type":"Feature","id":"way/741597018","properties":{"bicycle":"no","crossing":"marked","crossing:markings":"zebra","footway":"crossing","highway":"footway","motor_vehicle":"no","source":"OpenStreetMap"},"geometry":{"type":"LineString","coordinates":[[116.2668342,40.1524953],[116.2667826,40.15248],[116.2666562,40.1524424]]}},{"type":"Feature","id":"way/741597019","properties":{"highway":"footway","source":"OpenStreetMap"},"geometry":{"type":"LineString","coordinates":[[116.2666562,40.1524424],[116.2666256,40.1523593],[116.2665806,40.1522952],[116.2664847,40.1522585],[116.2664577,40.152199],[116.2664667,40.1521142],[116.2665267,40.152057],[116.2666555,40.1520157],[116.2667274,40.1519883],[116.2667934,40.1519264],[116.2668323,40.1518623],[116.266878,40.1517931]]}},{"type":"Feature","id":"way/741597020","properties":{"highway":"footway","source":"OpenStreetMap"},"geometry":{"type":"LineString","coordinates":[[116.2666562,40.1524424],[116.2669092,40.1518484],[116.2669277,40.1518035],[116.2670104,40.1516025],[116.2672199,40.1510931],[116.2674633,40.1505011],[116.2675819,40.1502129],[116.2675943,40.1501723],[116.2676174,40.1501264],[116.2679424,40.1493937],[116.2680145,40.1492313]]}},{"type":"Feature","id":"way/741597021","properties":{"highway":"footway","source":"OpenStreetMap"},"geometry":{"type":"LineString","coordinates":[[116.268153,40.1492652],[116.2680806,40.1494309],[116.2680508,40.1495178],[116.2678756,40.1499453],[116.267592,40.1506374],[116.2675236,40.1508043],[116.2674793,40.1509123],[116.2671223,40.1517834],[116.267081,40.1518842],[116.2668342,40.1524953]]}},{"type":"Feature","id":"way/741597022","properties":{"highway":"footway","source":"OpenStreetMap"},"geometry":{"type":"LineString","coordinates":[[116.2593705,40.1504955],[116.2608283,40.1509161],[116.2633693,40.1516493],[116.2634824,40.1516819],[116.263528,40.1516951],[116.2636938,40.1517429],[116.263988,40.1518278],[116.2646253,40.1520117],[116.2647782,40.1520558],[116.2650366,40.1521304],[116.2651064,40.1521505],[116.2665957,40.1525802]]}},{"type":"Feature","id":"way/741597023","properties":{"highway":"footway","source":"OpenStreetMap"},"geometry":{"type":"LineString","coordinates":[[116.2666562,40.1524424],[116.2662065,40.1523104],[116.264845,40.1519106],[116.2643284,40.1517571],[116.2637655,40.151596],[116.2635722,40.1515401],[116.2634403,40.151503],[116.2624764,40.1512272],[116.2618917,40.1510599],[116.2608848,40.1507719],[116.2594394,40.1503583]]}},{"type":"Feature","id":"way/741597025","properties":{"crossing":"marked","crossing:markings":"zebra","footway":"crossing","highway":"footway","source":"OpenStreetMap"},"geometry":{"type":"LineString","coordinates":[[116.2666562,40.1524424],[116.2666256,40.152512],[116.2665957,40.1525802]]}},{"type":"Feature","id":"way/741597026","properties":{"crossing":"marked","crossing:markings":"zebra","footway":"crossing","highway":"footway","source":"OpenStreetMap"},"geometry":{"type":"LineString","coordinates":[[116.2668342,40.1524953],[116.2668039,40.1525611],[116.2667723,40.1526305]]}},{"type":"Feature","id":"way/741597027","properties":{"highway":"footway","source":"OpenStreetMap"},"geometry":{"type":"LineString","coordinates":[[116.2667723,40.1526305],[116.2678315,40.152939],[116.267898,40.1529581],[116.2679445,40.1529714],[116.2679918,40.152985],[116.2689238,40.1532351]]}},{"type":"Feature","id":"way/741597028","properties":{"crossing":"marked","crossing:markings":"zebra","footway":"crossing","highway":"footway","source":"OpenStreetMap"},"geometry":{"type":"LineString","coordinates":[[116.2665957,40.1525802],[116.2667116,40.1526097],[116.2667723,40.1526305]]}},{"type":"Feature","id":"way/741597029","properties":{"bicycle":"no","highway":"footway","motor_vehicle":"no","source":"OpenStreetMap"},"geometry":{"type":"LineString","coordinates":[[116.2689856,40.1531011],[116.2680029,40.1528244],[116.2679016,40.1527959],[116.2678704,40.1527871],[116.2668342,40.1524953]]}},{"type":"Feature","id":"way/741597030","properties":{"bicycle":"no","crossing":"marked","crossing:markings":"zebra","footway":"crossing","highway":"footway","motor_vehicle":"no","source":"OpenStreetMap"},"geometry":{"type":"LineString","coordinates":[[116.2691151,40.1531369],[116.2690473,40.1531185],[116.2689856,40.1531011]]}},{"type":"Feature","id":"way/741597031","properties":{"highway":"footway","source":"OpenStreetMap"},"geometry":{"type":"LineString","coordinates":[[116.2690715,40.1532783],[116.2694498,40.1533848],[116.2696094,40.1534304],[116.2697611,40.1534767],[116.2698124,40.1535658]]}},{"type":"Feature","id":"way/741597032","properties":{"crossing":"marked","crossing:markings":"zebra","footway":"crossing","highway":"footway","source":"OpenStreetMap"},"geometry":{"type":"LineString","coordinates":[[116.2689856,40.1531011],[116.268957,40.1531618],[116.2689238,40.1532351]]}},{"type":"Feature","id":"way/741597033","properties":{"crossing":"marked","crossing:markings":"zebra","footway":"crossing","highway":"footway","source":"OpenStreetMap"},"geometry":{"type":"LineString","coordinates":[[116.2689238,40.1532351],[116.2689861,40.1532526],[116.2690715,40.1532783]]}},{"type":"Feature","id":"way/741597034","properties":{"crossing":"marked","crossing:markings":"zebra","footway":"crossing","highway":"footway","source":"OpenStreetMap"},"geometry":{"type":"LineString","coordinates":[[116.2678315,40.152939],[116.267876,40.152851],[116.2679016,40.1527959]]}},{"type":"Feature","id":"way/741597038","properties":{"building":"university","name":"沙河主楼北侧楼群","name:zh":"原国家实验室一期","name:zh-Hans":"原国家实验室一期","name:zh-Hant":"原國家實驗室一期","source":"OpenStreetMap","model":"shahe-main","displayHeight":32},"geometry":{"type":"Polygon","coordinates":[[[116.2622889,40.1534514],[116.2623885,40.1532183],[116.2634578,40.1534731],[116.2633764,40.1533659],[116.2634008,40.1533115],[116.2639639,40.1534451],[116.2639355,40.1535042],[116.2638054,40.1535539],[116.2645534,40.1537326],[116.2646449,40.1535135],[116.2654356,40.1537077],[116.2652364,40.1541536],[116.2647508,40.1540379],[116.2637007,40.1537877],[116.2633581,40.1537061],[116.2622889,40.1534514]]]}},{"type":"Feature","id":"way/741597039","properties":{"building":"university","name":"沙河主楼B区","name:zh":"沙河主楼B区","name:zh-Hans":"沙河主楼B区","name:zh-Hant":"沙河主樓B區","source":"OpenStreetMap","render":false},"geometry":{"type":"Polygon","coordinates":[[[116.2634578,40.1534731],[116.2633581,40.1537061],[116.2622889,40.1534514],[116.2623885,40.1532183],[116.2634578,40.1534731]]]}},{"type":"Feature","id":"way/741597040","properties":{"building":"university","name":"沙河主楼A区","name:en":"Block A, Main Building","name:zh":"沙河主楼A区","name:zh-Hans":"沙河主楼A区","name:zh-Hant":"沙河主樓A區","source":"OpenStreetMap","render":false},"geometry":{"type":"Polygon","coordinates":[[[116.2637007,40.1537877],[116.2638054,40.1535539],[116.2645534,40.1537326],[116.2648522,40.1538039],[116.2647508,40.1540379],[116.2637007,40.1537877]]]}},{"type":"Feature","id":"way/741597041","properties":{"building":"university","name":"沙河主楼F区","name:zh":"沙河主楼F区","name:zh-Hans":"沙河主楼F区","name:zh-Hant":"沙河主樓F區","source":"OpenStreetMap","render":false},"geometry":{"type":"Polygon","coordinates":[[[116.2611597,40.1514683],[116.2621216,40.1517042],[116.2620125,40.1519668],[116.2610483,40.1517289],[116.2611597,40.1514683]]]}},{"type":"Feature","id":"way/741597042","properties":{"building":"university","name":"沙河主楼D区","name:zh":"沙河主楼D区","name:zh-Hans":"沙河主楼D区","name:zh-Hant":"沙河主樓D區","source":"OpenStreetMap","render":false},"geometry":{"type":"Polygon","coordinates":[[[116.2622799,40.1520278],[116.2623818,40.1517727],[116.2632429,40.1519791],[116.2631358,40.1522375],[116.2628298,40.1521641],[116.2622799,40.1520278]]]}},{"type":"Feature","id":"way/741602100","properties":{"highway":"proposed","source":"OpenStreetMap"},"geometry":{"type":"LineString","coordinates":[[116.2655716,40.1536181],[116.266121,40.1523622]]}},{"type":"Feature","id":"way/741602101","properties":{"building":"university","name":"沙河新图书馆","model":"shahe-library","height":32,"source":"北航2025年竣工资料：高32m、地上6层、穹顶直径25.2m；位置参考OSM旧规划用地，实际轮廓与细节按照片估算","sourceUrl":"https://zwb.buaa.edu.cn/info/1190/5175.htm"},"geometry":{"type":"Polygon","coordinates":[[[116.26469624,40.1533184125],[116.26512869,40.1522581225],[116.26595849,40.1525007625],[116.26550858,40.15352280250001],[116.26469624,40.1533184125]]]}},{"type":"Feature","id":"way/741602102","properties":{"highway":"footway","source":"OpenStreetMap"},"geometry":{"type":"LineString","coordinates":[[116.2630182,40.1529802],[116.2630385,40.1529294],[116.2632482,40.1524058],[116.2633629,40.1521193],[116.2634286,40.1519511],[116.263528,40.1516951]]}},{"type":"Feature","id":"way/741602103","properties":{"highway":"footway","source":"OpenStreetMap"},"geometry":{"type":"LineString","coordinates":[[116.2630182,40.1529802],[116.2630761,40.1529942],[116.2645344,40.1533487]]}},{"type":"Feature","id":"way/741602104","properties":{"highway":"footway","source":"OpenStreetMap"},"geometry":{"type":"LineString","coordinates":[[116.2645344,40.1533487],[116.2645565,40.1532961],[116.2647782,40.1527683],[116.2648137,40.1526808],[116.2649606,40.152318],[116.2650366,40.1521304]]}},{"type":"Feature","id":"way/741602105","properties":{"highway":"footway","source":"OpenStreetMap"},"geometry":{"type":"LineString","coordinates":[[116.2647782,40.1527683],[116.2643515,40.1526631],[116.2642375,40.1526349],[116.2638123,40.1525336],[116.2636983,40.1525077],[116.2632482,40.1524058]]}},{"type":"Feature","id":"way/741602106","properties":{"highway":"footway","source":"OpenStreetMap"},"geometry":{"type":"LineString","coordinates":[[116.2634703,40.1530305],[116.2636983,40.1525077],[116.2637952,40.1522853],[116.2638951,40.1520562],[116.263988,40.1518278]]}},{"type":"Feature","id":"way/741602107","properties":{"highway":"footway","source":"OpenStreetMap"},"geometry":{"type":"LineString","coordinates":[[116.2641266,40.1531954],[116.2643515,40.1526631],[116.2644068,40.1525293],[116.2645391,40.1522096],[116.2646253,40.1520117]]}},{"type":"Feature","id":"way/741602108","properties":{"crossing":"marked","crossing:markings":"zebra","footway":"crossing","highway":"footway","source":"OpenStreetMap"},"geometry":{"type":"LineString","coordinates":[[116.264845,40.1519106],[116.2648152,40.1519754],[116.2647782,40.1520558]]}},{"type":"Feature","id":"way/741602109","properties":{"crossing":"marked","crossing:markings":"zebra","footway":"crossing","highway":"footway","source":"OpenStreetMap"},"geometry":{"type":"LineString","coordinates":[[116.2636938,40.1517429],[116.2637321,40.1516645],[116.2637655,40.151596]]}},{"type":"Feature","id":"way/741602110","properties":{"crossing":"marked","crossing:markings":"zebra","footway":"crossing","highway":"footway","source":"OpenStreetMap"},"geometry":{"type":"LineString","coordinates":[[116.2633693,40.1516493],[116.2634069,40.1515717],[116.2634403,40.151503]]}},{"type":"Feature","id":"way/741602111","properties":{"highway":"footway","source":"OpenStreetMap"},"geometry":{"type":"LineString","coordinates":[[116.263583,40.1530589],[116.2638123,40.1525336],[116.2639024,40.1523236],[116.2640055,40.1520833],[116.2640759,40.1519191],[116.264495,40.1520227],[116.2644282,40.1521815],[116.2643039,40.1524771],[116.2642375,40.1526349],[116.2640133,40.1531648]]}},{"type":"Feature","id":"way/741602112","properties":{"highway":"footway","source":"OpenStreetMap"},"geometry":{"type":"LineString","coordinates":[[116.2644282,40.1521815],[116.2645391,40.1522096],[116.2649606,40.152318]]}},{"type":"Feature","id":"way/741602113","properties":{"highway":"footway","source":"OpenStreetMap"},"geometry":{"type":"LineString","coordinates":[[116.2634286,40.1519511],[116.2638951,40.1520562],[116.2640055,40.1520833]]}},{"type":"Feature","id":"way/741602114","properties":{"highway":"footway","source":"OpenStreetMap"},"geometry":{"type":"LineString","coordinates":[[116.2633629,40.1521193],[116.2637952,40.1522853],[116.2639024,40.1523236]]}},{"type":"Feature","id":"way/741602115","properties":{"highway":"footway","source":"OpenStreetMap"},"geometry":{"type":"LineString","coordinates":[[116.2643039,40.1524771],[116.2644068,40.1525293],[116.2646443,40.1526254],[116.2648137,40.1526808]]}},{"type":"Feature","id":"way/741602116","properties":{"highway":"footway","source":"OpenStreetMap"},"geometry":{"type":"LineString","coordinates":[[116.2630385,40.1529294],[116.2634703,40.1530305],[116.263583,40.1530589],[116.2640133,40.1531648],[116.2641266,40.1531954],[116.2645565,40.1532961]]}},{"type":"Feature","id":"way/741602117","properties":{"crossing":"marked","crossing:markings":"yes","footway":"crossing","highway":"footway","source":"OpenStreetMap"},"geometry":{"type":"LineString","coordinates":[[116.2630629,40.1530228],[116.2630761,40.1529942]]}},{"type":"Feature","id":"way/741602118","properties":{"highway":"footway","source":"OpenStreetMap"},"geometry":{"type":"LineString","coordinates":[[116.2689856,40.1531011],[116.2692547,40.1524843],[116.2692839,40.152417],[116.2693201,40.152331]]}},{"type":"Feature","id":"way/741602119","properties":{"crossing":"marked","crossing:markings":"zebra","footway":"crossing","highway":"footway","source":"OpenStreetMap"},"geometry":{"type":"LineString","coordinates":[[116.267081,40.1518842],[116.2670242,40.1518766],[116.2669092,40.1518484]]}},{"type":"Feature","id":"way/741602120","properties":{"highway":"primary","oneway":"yes","source":"OpenStreetMap"},"geometry":{"type":"LineString","coordinates":[[116.2589365,40.1503533],[116.2590007,40.1502253]]}},{"type":"Feature","id":"way/741602121","properties":{"highway":"primary","name":"北沙河西三路","oneway":"yes","source":"OpenStreetMap"},"geometry":{"type":"LineString","coordinates":[[116.2591157,40.1503609],[116.2586981,40.1511643],[116.2572862,40.1538804],[116.2568168,40.1548367],[116.2567496,40.1549719]]}},{"type":"Feature","id":"way/741602122","properties":{"highway":"primary","oneway":"yes","source":"OpenStreetMap"},"geometry":{"type":"LineString","coordinates":[[116.2590007,40.1502253],[116.2593585,40.1495396],[116.259736,40.1488163],[116.2604717,40.147378],[116.2607107,40.1469249],[116.2607617,40.146796]]}},{"type":"Feature","id":"way/741602123","properties":{"highway":"secondary","oneway":"yes","source":"OpenStreetMap"},"geometry":{"type":"LineString","coordinates":[[116.2590007,40.1502253],[116.2591157,40.1503609]]}},{"type":"Feature","id":"way/741602126","properties":{"highway":"secondary","oneway":"yes","source":"OpenStreetMap"},"geometry":{"type":"LineString","coordinates":[[116.2831207,40.1531562],[116.2795191,40.1521157],[116.2791841,40.1520169],[116.2753406,40.1508756],[116.2752026,40.1508364],[116.2718809,40.14989]]}},{"type":"Feature","id":"way/741602128","properties":{"highway":"primary","oneway":"yes","source":"OpenStreetMap"},"geometry":{"type":"LineString","coordinates":[[116.2607617,40.146796],[116.2628275,40.1431102],[116.2628682,40.1430378],[116.2629384,40.1429131]]}},{"type":"Feature","id":"way/741602129","properties":{"highway":"tertiary","oneway":"yes","source":"OpenStreetMap"},"geometry":{"type":"LineString","coordinates":[[116.2608557,40.1469658],[116.2607107,40.1469249]]}},{"type":"Feature","id":"way/741602130","properties":{"highway":"primary","oneway":"yes","source":"OpenStreetMap"},"geometry":{"type":"LineString","coordinates":[[116.2608557,40.1469658],[116.2604929,40.1476765],[116.2591157,40.1503609]]}},{"type":"Feature","id":"way/741602131","properties":{"highway":"secondary","name":"高教园南三街","name:zh":"高教园南三街","name:zh-Hans":"高教园南三街","name:zh-Hant":"高教園南三街","oneway":"yes","source":"OpenStreetMap"},"geometry":{"type":"LineString","coordinates":[[116.2717011,40.1498367],[116.2715475,40.149793],[116.2709023,40.149616],[116.268286,40.1488662],[116.2680516,40.1488058],[116.2662013,40.1483566],[116.2660021,40.1483049],[116.2657413,40.1482372],[116.2608557,40.1469658]]}},{"type":"Feature","id":"way/742154892","properties":{"landuse":"residential","name":"顺沙路19号院二区","residential":"apartments","source":"OpenStreetMap"},"geometry":{"type":"Polygon","coordinates":[[[116.2711051,40.1427662],[116.2712502,40.1423633],[116.2723274,40.1425779],[116.2728433,40.1412962],[116.2730577,40.1408143],[116.2743022,40.1411588],[116.2736585,40.1434716],[116.2711051,40.1427662]]]}},{"type":"Feature","id":"way/742154893","properties":{"landuse":"residential","name":"顺沙路19号院一区","residential":"apartments","source":"OpenStreetMap"},"geometry":{"type":"Polygon","coordinates":[[[116.2702576,40.1447017],[116.2703434,40.1445049],[116.2703541,40.1443081],[116.2708691,40.1432829],[116.2710408,40.1431845],[116.273444,40.1438816],[116.2728539,40.145448],[116.2702576,40.1447017]]]}},{"type":"Feature","id":"way/742154894","properties":{"landuse":"residential","name":"顺沙路19号院三区","residential":"apartments","source":"OpenStreetMap"},"geometry":{"type":"Polygon","coordinates":[[[116.2696353,40.1445541],[116.2665348,40.1436028],[116.2669746,40.1426268],[116.2680582,40.1429303],[116.2682621,40.1423972],[116.270279,40.1429713],[116.2703434,40.1431763],[116.2696353,40.1445541]]]}},{"type":"Feature","id":"way/742154895","properties":{"landuse":"residential","name":"顺沙路19号院四区","residential":"apartments","source":"OpenStreetMap"},"geometry":{"type":"Polygon","coordinates":[[[116.2705687,40.1426514],[116.2685517,40.1421511],[116.2687019,40.1417329],[116.2691525,40.1417739],[116.2693778,40.1412654],[116.2698606,40.1413802],[116.2701825,40.1406913],[116.2706974,40.1407487],[116.2708369,40.140232],[116.2715343,40.1405354],[116.2705687,40.1426514]]]}},{"type":"Feature","id":"way/747007514","properties":{"landuse":"residential","name":"北街家园一区","residential":"apartments","source":"OpenStreetMap"},"geometry":{"type":"Polygon","coordinates":[[[116.2566964,40.162401],[116.2569088,40.1616125],[116.2571667,40.1615662],[116.2584413,40.1618561],[116.2585626,40.1616705],[116.258942,40.1614734],[116.2590634,40.1611023],[116.2585778,40.1609516],[116.2586992,40.1606849],[116.2625986,40.1617285],[116.2617793,40.1635606],[116.2581254,40.162727],[116.2566964,40.162401]]]}},{"type":"Feature","id":"way/747007515","properties":{"landuse":"residential","name":"北京玫瑰园","name:zh":"北京玫瑰园","name:zh-Hans":"北京玫瑰园","name:zh-Hant":"北京玫瑰園","source":"OpenStreetMap"},"geometry":{"type":"Polygon","coordinates":[[[116.2555218,40.1582173],[116.2567302,40.1553528],[116.2570728,40.1552357],[116.2620038,40.1564892],[116.2620339,40.1565063],[116.2620475,40.1565258],[116.2620641,40.156549],[116.262105,40.1566102],[116.2621281,40.1566321],[116.2621536,40.156649],[116.2621955,40.1566737],[116.2622419,40.1566891],[116.2625221,40.1567608],[116.2625636,40.1567599],[116.2626177,40.1567535],[116.2626668,40.1567422],[116.262725,40.1567271],[116.2627754,40.1567107],[116.2628055,40.1567027],[116.2628305,40.1567004],[116.2677526,40.15795],[116.2679023,40.1581546],[116.2662045,40.1622762],[116.2610734,40.1610011],[116.2597118,40.1606627],[116.2602764,40.1592985],[116.2603419,40.1587916],[116.2598789,40.1586676],[116.2589635,40.1584388],[116.2585911,40.1584761],[116.2586111,40.1583655],[116.2580316,40.1582381],[116.2580275,40.1583473],[116.2575303,40.1582968],[116.2574146,40.1581405],[116.2555218,40.1582173]]]}},{"type":"Feature","id":"way/747007516","properties":{"landuse":"residential","name":"北街家园七区","residential":"apartments","source":"OpenStreetMap"},"geometry":{"type":"Polygon","coordinates":[[[116.2518979,40.1622959],[116.2516633,40.1598827],[116.2532821,40.1597998],[116.2534173,40.1608249],[116.2534834,40.1621581],[116.2518979,40.1622959]]]}},{"type":"Feature","id":"way/747007517","properties":{"landuse":"residential","name":"北街家园六区","residential":"apartments","source":"OpenStreetMap"},"geometry":{"type":"Polygon","coordinates":[[[116.2515295,40.1596539],[116.2514412,40.158974],[116.2514157,40.158583],[116.2514398,40.1582869],[116.2515009,40.1576074],[116.2516813,40.156904],[116.2521324,40.1556629],[116.2555968,40.1566558],[116.2552817,40.1575307],[116.2550646,40.1580591],[116.2550371,40.1581493],[116.254589,40.1580268],[116.2546715,40.1577966],[116.2537659,40.157563],[116.253582,40.158341],[116.2536252,40.1589693],[116.2535521,40.1590993],[116.2533544,40.1591962],[116.2530943,40.1592912],[116.2529069,40.1593425],[116.2528043,40.1594088],[116.2527208,40.1595755],[116.2515295,40.1596539]]]}},{"type":"Feature","id":"way/747007518","properties":{"landuse":"commercial","name":"中石化科学技术研究中心","name:zh":"中石化科学技术研究中心","name:zh-Hans":"中石化科学技术研究中心","name:zh-Hant":"中石化科學技術研究中心","source":"OpenStreetMap"},"geometry":{"type":"Polygon","coordinates":[[[116.2686906,40.1485031],[116.2688125,40.1481959],[116.2687999,40.1480799],[116.2688409,40.1479817],[116.2684945,40.1479123],[116.2683613,40.1480732],[116.2682365,40.1483679],[116.2680994,40.148424],[116.268392,40.1478629],[116.2678626,40.1477072],[116.2675155,40.1483673],[116.2673424,40.1483578],[116.2656027,40.1479164],[116.2655993,40.1478729],[116.2665558,40.146042],[116.268965,40.1467754],[116.2693044,40.1468696],[116.2696388,40.1460692],[116.2697626,40.1459124],[116.2699001,40.1455801],[116.2726396,40.1462606],[116.2714022,40.149438],[116.2688791,40.1487943],[116.2686906,40.1485031]]]}},{"type":"Feature","id":"way/751510898","properties":{"highway":"footway","source":"OpenStreetMap"},"geometry":{"type":"LineString","coordinates":[[116.2678704,40.1527871],[116.2678902,40.1527532],[116.2679141,40.152739],[116.2679371,40.1527343],[116.2679609,40.1527309],[116.2679786,40.1527323],[116.2679919,40.1527404],[116.2680113,40.1527573],[116.2680166,40.1527708],[116.2680175,40.1527937],[116.2680029,40.1528244]]}},{"type":"Feature","id":"way/751510899","properties":{"highway":"footway","source":"OpenStreetMap"},"geometry":{"type":"LineString","coordinates":[[116.2690715,40.1532783],[116.2690211,40.153304],[116.2689272,40.1534891],[116.2689792,40.1535667],[116.2689712,40.1535903]]}},{"type":"Feature","id":"way/751510900","properties":{"crossing":"marked","crossing:markings":"zebra","footway":"crossing","highway":"footway","source":"OpenStreetMap"},"geometry":{"type":"LineString","coordinates":[[116.2698124,40.1535658],[116.2698761,40.1534295],[116.2699244,40.1533216]]}},{"type":"Feature","id":"way/751510901","properties":{"crossing":"marked","crossing:markings":"zebra","footway":"crossing","highway":"footway","source":"OpenStreetMap"},"geometry":{"type":"LineString","coordinates":[[116.2699244,40.1533216],[116.2700328,40.1533449],[116.270176,40.1533756],[116.2703559,40.1534302],[116.2705286,40.1534678]]}},{"type":"Feature","id":"way/751510902","properties":{"crossing":"marked","crossing:markings":"zebra","footway":"crossing","highway":"footway","source":"OpenStreetMap"},"geometry":{"type":"LineString","coordinates":[[116.2698124,40.1535658],[116.2699195,40.1535927],[116.2700685,40.1536301],[116.270256,40.153674],[116.2703839,40.1537138]]}},{"type":"Feature","id":"way/751510903","properties":{"highway":"footway","source":"OpenStreetMap"},"geometry":{"type":"LineString","coordinates":[[116.2698124,40.1535658],[116.2698241,40.153605],[116.2697705,40.1537227]]}},{"type":"Feature","id":"way/751510904","properties":{"bicycle":"no","highway":"footway","motor_vehicle":"no","source":"OpenStreetMap"},"geometry":{"type":"LineString","coordinates":[[116.2699244,40.1533216],[116.2698241,40.1533376],[116.2696789,40.1532921],[116.2691151,40.1531369]]}},{"type":"Feature","id":"way/751510905","properties":{"building":"university","name":"沙河主楼C区","name:zh":"沙河主楼C区","name:zh-Hans":"沙河主楼C区","name:zh-Hant":"沙河主樓C區","source":"OpenStreetMap","render":false},"geometry":{"type":"Polygon","coordinates":[[[116.262596,40.1527248],[116.2628298,40.1521641],[116.2631358,40.1522375],[116.2629032,40.1527988],[116.262596,40.1527248]]]}},{"type":"Feature","id":"way/751510906","properties":{"building":"university","name":"沙河主楼E区","name:zh":"沙河主楼E区","name:zh-Hans":"沙河主楼E区","name:zh-Hant":"沙河主樓E區","source":"OpenStreetMap","render":false},"geometry":{"type":"Polygon","coordinates":[[[116.2620125,40.1519668],[116.2621216,40.1517042],[116.2622459,40.1517369],[116.2623818,40.1517727],[116.2622799,40.1520278],[116.2621399,40.1519959],[116.2620125,40.1519668]]]}},{"type":"Feature","id":"way/761100634","properties":{"highway":"residential","source":"OpenStreetMap"},"geometry":{"type":"LineString","coordinates":[[116.2497271,40.1427923],[116.2496681,40.1429029],[116.2495554,40.1433536],[116.2493838,40.1438862],[116.24918,40.1447681]]}},{"type":"Feature","id":"way/761100635","properties":{"highway":"residential","source":"OpenStreetMap"},"geometry":{"type":"LineString","coordinates":[[116.2497271,40.1427923],[116.2509661,40.1430012],[116.2516472,40.143075],[116.252028,40.1426079]]}},{"type":"Feature","id":"way/761100636","properties":{"highway":"residential","source":"OpenStreetMap"},"geometry":{"type":"LineString","coordinates":[[116.2497271,40.1427923],[116.2497914,40.1425669],[116.2498558,40.1423416],[116.2498987,40.1422555],[116.2499202,40.1422433],[116.2502366,40.1422883],[116.2511323,40.1424481],[116.252028,40.1426079],[116.2520656,40.1425997],[116.2533332,40.1427144]]}},{"type":"Feature","id":"way/768393618","properties":{"landuse":"industrial","name":"新元科技园","source":"OpenStreetMap"},"geometry":{"type":"Polygon","coordinates":[[[116.2498706,40.1421597],[116.2509026,40.1423376],[116.2524581,40.1423869],[116.2531503,40.1424409],[116.2522425,40.143573],[116.2512529,40.1449679],[116.2471571,40.1443745],[116.2482691,40.1423491],[116.2498706,40.1421597]]]}},{"type":"Feature","id":"way/787899782","properties":{"highway":"tertiary","source":"OpenStreetMap"},"geometry":{"type":"LineString","coordinates":[[116.2457031,40.1442674],[116.2457881,40.1442805],[116.2462896,40.1443505],[116.24918,40.1447681],[116.2515858,40.1451411]]}},{"type":"Feature","id":"way/791195278","properties":{"highway":"proposed","name":"北沙河东一路","name:zh":"北沙河东一路","name:zh-Hans":"北沙河东一路","name:zh-Hant":"北沙河東一路","source":"OpenStreetMap"},"geometry":{"type":"LineString","coordinates":[[116.2657131,40.1720059],[116.266974,40.1692521],[116.2679051,40.1672206],[116.2679828,40.1670741],[116.268873,40.1652754],[116.269742,40.1633549],[116.2704074,40.1612155],[116.2705413,40.1595638]]}},{"type":"Feature","id":"way/791195279","properties":{"highway":"residential","source":"OpenStreetMap"},"geometry":{"type":"LineString","coordinates":[[116.2639788,40.1592674],[116.2640236,40.1591595],[116.2641724,40.1588081],[116.2643095,40.1584843],[116.2643654,40.1583524],[116.2645278,40.157969],[116.2645415,40.1579331],[116.2645866,40.157815],[116.2646844,40.1575906],[116.2647007,40.1575375],[116.2647071,40.1575004],[116.2647102,40.1574797],[116.264714,40.1574541],[116.264726,40.1574111],[116.2647444,40.1573587],[116.2647712,40.157286],[116.2648835,40.1570366],[116.2649357,40.1569138],[116.2650598,40.1566147],[116.2653635,40.1558704],[116.2658058,40.1547599],[116.2662192,40.1537827],[116.2663611,40.1534472],[116.2666985,40.1526495],[116.2667116,40.1526097],[116.2667511,40.1525468]]}},{"type":"Feature","id":"way/791195280","properties":{"construction":"tertiary","highway":"construction","name":"高教园南二街","name:zh":"高教园南二街","name:zh-Hans":"高教园南二街","name:zh-Hant":"高教園南二街","source":"OpenStreetMap"},"geometry":{"type":"LineString","coordinates":[[116.2703106,40.153545],[116.2735632,40.1544126],[116.2752217,40.1548693],[116.2778147,40.1556019]]}},{"type":"Feature","id":"way/814515203","properties":{"landuse":"construction","name":"北街家园一区","source":"OpenStreetMap"},"geometry":{"type":"Polygon","coordinates":[[[116.2566297,40.1624529],[116.2552884,40.1622031],[116.2559154,40.1606396],[116.257152,40.1608971],[116.2573479,40.1603994],[116.2586992,40.1606849],[116.2585778,40.1609516],[116.2590634,40.1611023],[116.258942,40.1614734],[116.2585626,40.1616705],[116.2584413,40.1618561],[116.2571667,40.1615662],[116.2569088,40.1616125],[116.2566964,40.162401],[116.2566297,40.1624529]]]}},{"type":"Feature","id":"way/814515205","properties":{"landuse":"construction","name":"幼儿园","source":"OpenStreetMap"},"geometry":{"type":"Polygon","coordinates":[[[116.2534173,40.1608249],[116.2532821,40.1597998],[116.2542514,40.1597309],[116.2544092,40.1598256],[116.2545445,40.1607473],[116.2534173,40.1608249]]]}},{"type":"Feature","id":"way/814515206","properties":{"landuse":"construction","name":"北街家园七区","source":"OpenStreetMap"},"geometry":{"type":"Polygon","coordinates":[[[116.2534834,40.1621581],[116.2534173,40.1608249],[116.2545445,40.1607473],[116.2546685,40.1619792],[116.2544656,40.1621428],[116.2534834,40.1621581]]]}},{"type":"Feature","id":"way/814515207","properties":{"landuse":"construction","name":"回迁房","source":"OpenStreetMap"},"geometry":{"type":"Polygon","coordinates":[[[116.2557349,40.1564619],[116.2555935,40.1564615],[116.2555296,40.1563976],[116.2534584,40.1558111],[116.2540099,40.1544715],[116.2562465,40.1550359],[116.2557349,40.1564619]]]}},{"type":"Feature","id":"way/814515208","properties":{"landuse":"construction","source":"OpenStreetMap"},"geometry":{"type":"Polygon","coordinates":[[[116.2597118,40.1606627],[116.2552382,40.159574],[116.2550925,40.1593496],[116.2555218,40.1582173],[116.2574146,40.1581405],[116.2575303,40.1582968],[116.2580275,40.1583473],[116.2580316,40.1582381],[116.2586111,40.1583655],[116.2585911,40.1584761],[116.2589635,40.1584388],[116.2598789,40.1586676],[116.2603419,40.1587916],[116.2602764,40.1592985],[116.2597118,40.1606627]]]}},{"type":"Feature","id":"way/814515209","properties":{"landuse":"construction","name":"国家清洁能源与安全应急科技产业园","source":"OpenStreetMap"},"geometry":{"type":"Polygon","coordinates":[[[116.2546608,40.1541305],[116.2549074,40.153639],[116.2554004,40.1525288],[116.257367,40.1529818],[116.2569695,40.1537622],[116.2567231,40.1541334],[116.2565272,40.1545291],[116.2563841,40.1545691],[116.2546608,40.1541305]]]}},{"type":"Feature","id":"way/814515210","properties":{"landuse":"construction","source":"OpenStreetMap"},"geometry":{"type":"Polygon","coordinates":[[[116.2546608,40.1541305],[116.2524184,40.1534822],[116.2526127,40.1530046],[116.2549074,40.153639],[116.2546608,40.1541305]]]}},{"type":"Feature","id":"way/814515215","properties":{"landuse":"residential","name":"满井东队村社区","name:zh":"满井东队村社区","name:zh-Hans":"满井东队村社区","name:zh-Hant":"滿井東隊村社區","source":"OpenStreetMap"},"geometry":{"type":"Polygon","coordinates":[[[116.2607981,40.1463051],[116.2570222,40.1452159],[116.258334,40.142819],[116.259762,40.1432634],[116.2601213,40.1425865],[116.262554,40.1433438],[116.2607981,40.1463051]]]}},{"type":"Feature","id":"way/836784977","properties":{"alt_name":"八达岭高速","alt_name:en":"Badaling Expressway","highway":"motorway","lanes":"3","name":"京藏高速","name:en":"Beijing-Lasa Expwy","oneway":"yes","ref":"G6;G110","short_name":"京藏高速","source":"OpenStreetMap"},"geometry":{"type":"LineString","coordinates":[[116.2389323,40.1637645],[116.2392173,40.1633633],[116.2492673,40.1483953],[116.2502211,40.1471032],[116.2524593,40.1443361]]}},{"type":"Feature","id":"way/839541304","properties":{"leisure":"park","source":"OpenStreetMap"},"geometry":{"type":"Polygon","coordinates":[[[116.2505103,40.1479065],[116.251675,40.1481926],[116.2531501,40.1485517],[116.2545451,40.1455676],[116.2553341,40.1441882],[116.2563286,40.1423304],[116.2568183,40.1413588],[116.2560881,40.1411634],[116.253276,40.1445925],[116.2541376,40.1449118],[116.2542451,40.1447821],[116.2545143,40.1449109],[116.2542961,40.1454933],[116.2538362,40.1453561],[116.253562,40.1457299],[116.2525107,40.1455007],[116.2514832,40.1465841],[116.2505103,40.1479065]]]}},{"type":"Feature","id":"way/839541305","properties":{"landuse":"residential","source":"OpenStreetMap"},"geometry":{"type":"Polygon","coordinates":[[[116.2613327,40.1422471],[116.2628371,40.1426245],[116.2649409,40.141735],[116.2655638,40.1401716],[116.2648116,40.1400548],[116.2649644,40.1397134],[116.2633542,40.1394349],[116.2629076,40.1403334],[116.2620261,40.1401627],[116.2618616,40.1410791],[116.2613327,40.1422471]]]}},{"type":"Feature","id":"way/856670923","properties":{"name":"东沙河","name:zh":"东沙河","name:zh-Hans":"东沙河","name:zh-Hant":"東沙河","waterway":"river","source":"OpenStreetMap"},"geometry":{"type":"LineString","coordinates":[[116.2537487,40.186845],[116.2546013,40.1826169],[116.2546709,40.1822938],[116.2547404,40.1819706],[116.254636,40.1813386],[116.2544495,40.1806364],[116.2541859,40.1797127],[116.2537071,40.178724],[116.2519532,40.1745806],[116.2516903,40.1739594],[116.2514581,40.1733214],[116.2513008,40.1720402],[116.2513051,40.1703452],[116.2498857,40.157695],[116.2498608,40.1570366],[116.250289,40.1558614],[116.2547333,40.1454922],[116.2561591,40.1435311],[116.2577275,40.140208],[116.2588681,40.1383558],[116.2631455,40.1331803]]}},{"type":"Feature","id":"way/857421263","properties":{"brand":"中国邮政","brand:en":"China Post","brand:wikidata":"Q1066476","brand:wikipedia":"en:China Post","building":"yes","disused":"yes","disused:amenity":"post_office","name":"中国邮政","name:en":"China Post","name:zh":"中国邮政","name:zh-Hans":"中国邮政","name:zh-Hant":"中國郵政","note":"已搬迁至“沙河近邻宝”北面，原建筑暂不使用","source":"OpenStreetMap"},"geometry":{"type":"Polygon","coordinates":[[[116.2689125,40.1539412],[116.2689257,40.1539074],[116.2689459,40.1538713],[116.2690766,40.1538993],[116.2690458,40.1539734],[116.2689125,40.1539412]]]}},{"type":"Feature","id":"way/857421264","properties":{"building":"yes","name":"优购超市沙河店","name:zh":"优购超市沙河店","name:zh-Hans":"优购超市沙河店","name:zh-Hant":"優購超市沙河店","operator":"优购超市","shop":"supermarket","source":"OpenStreetMap"},"geometry":{"type":"Polygon","coordinates":[[[116.2693336,40.1537765],[116.2692405,40.1537574],[116.2691351,40.1539923],[116.2692276,40.1540182],[116.2693045,40.1538427],[116.2693336,40.1537765]]]}},{"type":"Feature","id":"way/857421266","properties":{"amenity":"post_depot","building":"yes","check_date":"2024-04-14","name":"沙河近邻宝","name:en":"Delivery Service Center","name:zh":"沙河近邻宝","name:zh-Hans":"沙河近邻宝","name:zh-Hant":"沙河近鄰寶","source":"OpenStreetMap"},"geometry":{"type":"Polygon","coordinates":[[[116.2680371,40.1554785],[116.2688899,40.155684],[116.2687402,40.1560327],[116.2685888,40.1559942],[116.2678926,40.1558172],[116.2680371,40.1554785]]]}},{"type":"Feature","id":"way/857421267","properties":{"landuse":"residential","name":"校工宿舍","name:zh":"校工宿舍","name:zh-Hans":"校工宿舍","name:zh-Hant":"校工宿舍","residential":"dormitory","source":"OpenStreetMap"},"geometry":{"type":"Polygon","coordinates":[[[116.2685888,40.1559942],[116.2678926,40.1558172],[116.2676452,40.1563971],[116.268343,40.1565668],[116.2685888,40.1559942]]]}},{"type":"Feature","id":"way/857421268","properties":{"building":"apartments","name":"四公寓北","name:zh":"四公寓北","name:zh-Hans":"四公寓北","name:zh-Hant":"四公寓北","source":"OpenStreetMap"},"geometry":{"type":"Polygon","coordinates":[[[116.2673524,40.1549548],[116.2674097,40.1548214],[116.2676245,40.1548713],[116.2676647,40.1548806],[116.2679767,40.1549531],[116.2681732,40.1549987],[116.2681102,40.1551491],[116.2673524,40.1549548]]]}},{"type":"Feature","id":"way/857421269","properties":{"building":"apartments","name":"四公寓中","name:zh":"四公寓中","name:zh-Hans":"四公寓中","name:zh-Hant":"四公寓中","source":"OpenStreetMap"},"geometry":{"type":"Polygon","coordinates":[[[116.2681732,40.1549987],[116.2684522,40.1543262],[116.2682693,40.1542784],[116.2681216,40.1546192],[116.2680488,40.1545995],[116.2680733,40.1545448],[116.2678361,40.1544761],[116.2679568,40.154194],[116.2679217,40.1541846],[116.2679066,40.1542241],[116.2678326,40.1542042],[116.2675803,40.1547964],[116.2676475,40.1548121],[116.2676245,40.1548713],[116.2676647,40.1548806],[116.2677763,40.154616],[116.2680139,40.1546808],[116.2680374,40.1546291],[116.2681079,40.1546486],[116.2679767,40.1549531],[116.2681732,40.1549987]]]}},{"type":"Feature","id":"way/857421270","properties":{"building":"apartments","name":"四公寓南","name:zh":"四公寓南","name:zh-Hans":"四公寓南","name:zh-Hant":"四公寓南","source":"OpenStreetMap"},"geometry":{"type":"Polygon","coordinates":[[[116.2677769,40.1540072],[116.2685116,40.1541906],[116.2684522,40.1543262],[116.2682693,40.1542784],[116.2679568,40.154194],[116.2679217,40.1541846],[116.2677312,40.1541331],[116.2677769,40.1540072]]]}},{"type":"Feature","id":"way/879212743","properties":{"building":"residential","name":"19号楼","source":"OpenStreetMap"},"geometry":{"type":"Polygon","coordinates":[[[116.252106,40.1581965],[116.2521079,40.1580924],[116.2530502,40.1581011],[116.2530517,40.158186],[116.252106,40.1581965]]]}},{"type":"Feature","id":"way/901847837","properties":{"landuse":"forest","source":"OpenStreetMap"},"geometry":{"type":"Polygon","coordinates":[[[116.2506385,40.1539137],[116.2528354,40.1491428],[116.25224,40.1489388],[116.2518909,40.1490801],[116.2513776,40.149033],[116.2501662,40.1487034],[116.2473944,40.1526582],[116.2506385,40.1539137]]]}},{"type":"Feature","id":"way/901847838","properties":{"landuse":"forest","source":"OpenStreetMap"},"geometry":{"type":"Polygon","coordinates":[[[116.2492817,40.1479256],[116.2493917,40.1479593],[116.2458027,40.1534039],[116.2455054,40.1538078],[116.240364,40.1614058],[116.239285,40.1630802],[116.2390869,40.1630297],[116.2402539,40.1612376],[116.241608,40.1592266],[116.2437329,40.1560292],[116.2467715,40.1514937],[116.2488523,40.1483801],[116.2491716,40.1479845],[116.2492817,40.1479256]]]}},{"type":"Feature","id":"way/901847839","properties":{"landuse":"forest","source":"OpenStreetMap"},"geometry":{"type":"Polygon","coordinates":[[[116.2428301,40.1590584],[116.2440411,40.1573671],[116.2441953,40.1571063],[116.2448008,40.156046],[116.2456816,40.1545819],[116.2460669,40.1540855],[116.246232,40.1538751],[116.2463972,40.1536731],[116.2475752,40.1519565],[116.2499863,40.1483632],[116.2501074,40.1481528],[116.2498652,40.1481023],[116.2489514,40.1494151],[116.2468375,40.152596],[116.2463862,40.1532945],[116.2460449,40.1538414],[116.2445806,40.1559956],[116.2431714,40.1581244],[116.2428081,40.1586713],[116.242676,40.1589995],[116.2428301,40.1590584]]]}},{"type":"Feature","id":"way/901928480","properties":{"intermittent":"yes","natural":"water","water":"river","source":"OpenStreetMap"},"geometry":{"type":"Polygon","coordinates":[[[116.2509668,40.1662017],[116.250604,40.1661859],[116.2504476,40.1645017],[116.2502912,40.1631065],[116.2502042,40.1622162],[116.2500651,40.1609273],[116.2498912,40.1599705],[116.2498217,40.1590669],[116.2497174,40.1582962],[116.2496826,40.1579108],[116.2496826,40.1571268],[116.2500999,40.1559308],[116.2530905,40.1489669],[116.2534383,40.1481961],[116.2545965,40.1455623],[116.2547847,40.1456419],[116.2546339,40.1459479],[116.2542789,40.1468333],[116.2535596,40.1485112],[116.2532234,40.1492752],[116.2520838,40.151867],[116.2514299,40.1535162],[116.2508881,40.1547727],[116.2504491,40.1558579],[116.2501688,40.1565076],[116.2500661,40.1568788],[116.2500568,40.1571358],[116.2500661,40.1577284],[116.2501782,40.1579069],[116.2502529,40.1588635],[116.2504024,40.1608124],[116.2505425,40.1618903],[116.2509161,40.1650598],[116.2509668,40.1662017]]]}},{"type":"Feature","id":"way/901928482","properties":{"landuse":"construction","source":"OpenStreetMap"},"geometry":{"type":"Polygon","coordinates":[[[116.2474399,40.1626111],[116.2496639,40.1626111],[116.2494605,40.1606212],[116.2472365,40.1602895],[116.2473043,40.1609218],[116.2473178,40.1613052],[116.2475212,40.1613674],[116.2474399,40.1626111]]]}},{"type":"Feature","id":"way/901928489","properties":{"landuse":"construction","source":"OpenStreetMap"},"geometry":{"type":"Polygon","coordinates":[[[116.2489741,40.1574654],[116.2495944,40.1549787],[116.2489994,40.15494],[116.2482651,40.1557818],[116.2475941,40.1555593],[116.2468852,40.156701],[116.2489741,40.1574654]]]}},{"type":"Feature","id":"way/901928491","properties":{"landuse":"construction","source":"OpenStreetMap"},"geometry":{"type":"Polygon","coordinates":[[[116.2529074,40.1595668],[116.2543877,40.1594745],[116.2545066,40.1593896],[116.2550371,40.1581493],[116.254589,40.1580268],[116.2546715,40.1577966],[116.2537659,40.157563],[116.253582,40.158341],[116.2536252,40.1589693],[116.2535521,40.1590993],[116.2533544,40.1591962],[116.2530943,40.1592912],[116.2529069,40.1593425],[116.2528043,40.1594088],[116.2527208,40.1595755],[116.2529074,40.1595668]]]}},{"type":"Feature","id":"way/901928492","properties":{"natural":"scrub","source":"OpenStreetMap"},"geometry":{"type":"Polygon","coordinates":[[[116.2603217,40.1518686],[116.2603597,40.1517076],[116.2606666,40.150953],[116.2595592,40.1506572],[116.2593725,40.1508102],[116.259159,40.1508816],[116.258826,40.1515622],[116.2603217,40.1518686]]]}},{"type":"Feature","id":"way/901928493","properties":{"natural":"scrub","source":"OpenStreetMap"},"geometry":{"type":"Polygon","coordinates":[[[116.2607733,40.1506164],[116.2610268,40.1500861],[116.2612003,40.14977],[116.2614671,40.1495558],[116.261854,40.1493213],[116.262361,40.1491377],[116.2613604,40.1488114],[116.261307,40.148944],[116.2603864,40.1487094],[116.259706,40.1500148],[116.2597594,40.1502085],[116.2597193,40.1503309],[116.2607733,40.1506164]]]}},{"type":"Feature","id":"way/901928494","properties":{"leisure":"park","source":"OpenStreetMap"},"geometry":{"type":"Polygon","coordinates":[[[116.2624144,40.1510957],[116.2632416,40.1492601],[116.2629347,40.1492295],[116.2626545,40.1493213],[116.2621609,40.1494845],[116.2619074,40.1496068],[116.2615338,40.149872],[116.2612136,40.1502595],[116.2610802,40.1507082],[116.2624144,40.1510957]]]}},{"type":"Feature","id":"way/901928495","properties":{"landuse":"forest","source":"OpenStreetMap"},"geometry":{"type":"Polygon","coordinates":[[[116.2642514,40.1516115],[116.2641869,40.1515019],[116.2641224,40.1513211],[116.2641224,40.1511841],[116.2638859,40.1511129],[116.2637354,40.1514855],[116.2642514,40.1516115]]]}},{"type":"Feature","id":"way/901928496","properties":{"landuse":"forest","source":"OpenStreetMap"},"geometry":{"type":"Polygon","coordinates":[[[116.2642299,40.1510746],[116.264316,40.1510033],[116.2639361,40.1508938],[116.2639002,40.1509814],[116.2642299,40.1510746]]]}},{"type":"Feature","id":"way/901928497","properties":{"landuse":"forest","source":"OpenStreetMap"},"geometry":{"type":"Polygon","coordinates":[[[116.264359,40.1508335],[116.2646134,40.1507513],[116.2646815,40.1505377],[116.2645453,40.1504391],[116.2643661,40.1503843],[116.2640866,40.1504829],[116.2640651,40.1505705],[116.2641583,40.1507623],[116.2641869,40.150828],[116.264359,40.1508335]]]}},{"type":"Feature","id":"way/901928498","properties":{"landuse":"forest","source":"OpenStreetMap"},"geometry":{"type":"Polygon","coordinates":[[[116.2651617,40.1486147],[116.2652549,40.1483462],[116.2639217,40.1480394],[116.2638787,40.1482695],[116.2651617,40.1486147]]]}},{"type":"Feature","id":"way/901928499","properties":{"landuse":"forest","source":"OpenStreetMap"},"geometry":{"type":"Polygon","coordinates":[[[116.2634702,40.1481764],[116.2635705,40.1479134],[116.2611981,40.1473052],[116.2609687,40.1473326],[116.260811,40.1476723],[116.2620868,40.1479901],[116.2622302,40.147875],[116.2634702,40.1481764]]]}},{"type":"Feature","id":"way/901928500","properties":{"landuse":"forest","source":"OpenStreetMap"},"geometry":{"type":"Polygon","coordinates":[[[116.2677779,40.1492612],[116.2678782,40.1490365],[116.2664734,40.1486092],[116.2663372,40.1486311],[116.2662369,40.1488667],[116.2677779,40.1492612]]]}},{"type":"Feature","id":"way/901928501","properties":{"landuse":"residential","name":"科华新城","source":"OpenStreetMap"},"geometry":{"type":"Polygon","coordinates":[[[116.261415,40.1468094],[116.2613943,40.1467409],[116.2618791,40.1459155],[116.2630624,40.1462631],[116.2639946,40.1444518],[116.2629069,40.1441053],[116.2631184,40.1437562],[116.2634687,40.143647],[116.2694509,40.1454533],[116.2693044,40.1458118],[116.2692851,40.1459928],[116.2689697,40.1467562],[116.2665547,40.1460229],[116.2655799,40.1478641],[116.261415,40.1468094]]]}},{"type":"Feature","id":"way/992630359","properties":{"landuse":"brownfield","source":"OpenStreetMap"},"geometry":{"type":"Polygon","coordinates":[[[116.2686038,40.1656565],[116.270635,40.1611167],[116.2708387,40.1607156],[116.270977,40.1590534],[116.2707065,40.1594162],[116.2699308,40.159736],[116.269747,40.1596619],[116.2697368,40.1601963],[116.2681088,40.1597477],[116.2682568,40.1593382],[116.2680067,40.1593889],[116.2677771,40.1600324],[116.2679965,40.1601143],[116.2669146,40.1624896],[116.2674453,40.1635466],[116.2672412,40.1639873],[116.2661593,40.1644007],[116.2659449,40.1647361],[116.2686038,40.1656565]]]}},{"type":"Feature","id":"way/992630360","properties":{"landuse":"grass","source":"OpenStreetMap"},"geometry":{"type":"Polygon","coordinates":[[[116.2683742,40.1590807],[116.268216,40.1589559],[116.2680986,40.1587804],[116.2681037,40.1586127],[116.2687059,40.1571734],[116.2688335,40.157072],[116.2689917,40.1569901],[116.2692214,40.156955],[116.2693847,40.1569745],[116.2708392,40.1573489],[116.2709719,40.1574465],[116.2710791,40.1575557],[116.2711097,40.1576532],[116.271125,40.1578365],[116.2710995,40.1579184],[116.2705126,40.1592407],[116.2704207,40.1593499],[116.2702574,40.159424],[116.2700328,40.1594591],[116.2698083,40.1594591],[116.2683742,40.1590807]]]}},{"type":"Feature","id":"way/992630361","properties":{"landuse":"construction","source":"OpenStreetMap"},"geometry":{"type":"Polygon","coordinates":[[[116.2712271,40.1571929],[116.2693285,40.156682],[116.2692469,40.1565454],[116.2692622,40.1564596],[116.2697266,40.1554026],[116.2698899,40.1554065],[116.2699512,40.155266],[116.270385,40.1550554],[116.2704973,40.1550944],[116.2705483,40.1561008],[116.2708749,40.1562022],[116.2715588,40.1566234],[116.2715384,40.1571032],[116.271717,40.1571305],[116.2716609,40.1574972],[116.2714159,40.1580861],[116.271421,40.1573997],[116.2713802,40.1573216],[116.2712271,40.1571929]]]}},{"type":"Feature","id":"way/992687690","properties":{"leisure":"pitch","sport":"soccer","source":"OpenStreetMap"},"geometry":{"type":"Polygon","coordinates":[[[116.2717937,40.1523631],[116.2722331,40.1514825],[116.2729263,40.1516803],[116.2725016,40.1525907],[116.2717937,40.1523631]]]}},{"type":"Feature","id":"way/992687691","properties":{"leisure":"pitch","sport":"soccer","source":"OpenStreetMap"},"geometry":{"type":"Polygon","coordinates":[[[116.2702657,40.1515646],[116.2703682,40.1506243],[116.269592,40.1505459],[116.2694797,40.1515086],[116.2702657,40.1515646]]]}},{"type":"Feature","id":"way/992727743","properties":{"highway":"footway","source":"OpenStreetMap"},"geometry":{"type":"LineString","coordinates":[[116.2622595,40.1509787],[116.2622997,40.1508987]]}},{"type":"Feature","id":"way/992727744","properties":{"highway":"footway","source":"OpenStreetMap"},"geometry":{"type":"LineString","coordinates":[[116.2624231,40.150827],[116.2623909,40.1509459],[116.2623373,40.1509971],[116.2622595,40.1509787],[116.2619577,40.150903]]}},{"type":"Feature","id":"way/992727745","properties":{"highway":"footway","source":"OpenStreetMap"},"geometry":{"type":"LineString","coordinates":[[116.262458,40.1506814],[116.2626196,40.1507256],[116.2626989,40.1507473]]}},{"type":"Feature","id":"way/992727746","properties":{"highway":"footway","source":"OpenStreetMap"},"geometry":{"type":"LineString","coordinates":[[116.2617016,40.1503759],[116.2614672,40.1503348]]}},{"type":"Feature","id":"way/992727747","properties":{"highway":"footway","source":"OpenStreetMap"},"geometry":{"type":"LineString","coordinates":[[116.2616991,40.1501365],[116.2617874,40.1502283]]}},{"type":"Feature","id":"way/992727748","properties":{"highway":"footway","source":"OpenStreetMap"},"geometry":{"type":"LineString","coordinates":[[116.2616965,40.1499331],[116.2617451,40.1499652],[116.2617721,40.1500097],[116.2617727,40.1500588],[116.2617469,40.1501037],[116.2616991,40.1501365],[116.261638,40.1501514],[116.2615742,40.1501458],[116.2615191,40.1501206],[116.2614825,40.1500803],[116.2614707,40.1500335],[116.2614844,40.1499871],[116.2615212,40.1499487],[116.2615751,40.1499248],[116.2616369,40.1499193],[116.2616965,40.1499331]]}},{"type":"Feature","id":"way/992727749","properties":{"highway":"footway","source":"OpenStreetMap"},"geometry":{"type":"LineString","coordinates":[[116.2618142,40.1505276],[116.2616694,40.1504928]]}},{"type":"Feature","id":"way/992727750","properties":{"highway":"footway","source":"OpenStreetMap"},"geometry":{"type":"LineString","coordinates":[[116.2624379,40.1503448],[116.2623239,40.1503226],[116.2622756,40.1503493],[116.2622273,40.1504087],[116.262179,40.1504825],[116.2621415,40.150503],[116.2620771,40.1505092],[116.2620181,40.1504866],[116.2619618,40.1504702],[116.2619001,40.1504764],[116.2618598,40.1504989],[116.2618142,40.1505276],[116.2617955,40.1505686],[116.2618196,40.1506322],[116.2618411,40.1506937],[116.2618437,40.1507368],[116.2618013,40.1508281],[116.2617499,40.1509416]]}},{"type":"Feature","id":"way/992727751","properties":{"highway":"footway","source":"OpenStreetMap"},"geometry":{"type":"LineString","coordinates":[[116.2622541,40.1497855],[116.2622139,40.1497301],[116.2621776,40.1497163]]}},{"type":"Feature","id":"way/992727752","properties":{"highway":"footway","source":"OpenStreetMap"},"geometry":{"type":"LineString","coordinates":[[116.2623748,40.14948],[116.2625089,40.1496256],[116.2625829,40.1497205]]}},{"type":"Feature","id":"way/992727753","properties":{"highway":"footway","source":"OpenStreetMap"},"geometry":{"type":"LineString","coordinates":[[116.2622966,40.1493404],[116.2623748,40.14948],[116.2624553,40.1494575],[116.2625706,40.1494472],[116.2626779,40.1494431],[116.2627369,40.1494062],[116.2627664,40.1493877],[116.2628522,40.1493549],[116.26293,40.1493488],[116.2629998,40.1493713],[116.2630507,40.1494021],[116.2630883,40.149439],[116.2631044,40.1494769],[116.2631134,40.1495287],[116.263104,40.1495915],[116.2629571,40.1499325],[116.2626196,40.1507256],[116.2625062,40.150992],[116.2624727,40.1510289],[116.2624003,40.1510689],[116.2623373,40.1510863],[116.262285,40.1510863],[116.2619242,40.1509869],[116.2617499,40.1509416],[116.2613717,40.1508434],[116.2612349,40.1506958],[116.2612563,40.1506199],[116.2613288,40.1505584],[116.2613878,40.150503],[116.261428,40.1504354],[116.2614655,40.1503698],[116.2614672,40.1503348],[116.2614682,40.1503144],[116.2614655,40.1502468],[116.2614575,40.1501812],[116.2614575,40.150132],[116.2614825,40.1500803],[116.2615487,40.1500151],[116.2616158,40.1499659],[116.2616694,40.1499351],[116.2616965,40.1499331],[116.2618142,40.1499126],[116.2619081,40.1499413],[116.2619537,40.1498859],[116.2620208,40.1498429],[116.2621776,40.1497163],[116.2622112,40.1496891],[116.2622353,40.1495866],[116.2622622,40.1495436],[116.2623078,40.1495005],[116.2623748,40.14948]]}},{"type":"Feature","id":"way/992727754","properties":{"highway":"footway","source":"OpenStreetMap"},"geometry":{"type":"LineString","coordinates":[[116.2628791,40.1499126],[116.2628764,40.1498552],[116.2628362,40.1497937],[116.2627959,40.1497506],[116.262702,40.1497178],[116.2626296,40.1497158],[116.2625829,40.1497205],[116.2625277,40.149726],[116.2623936,40.1497547],[116.2623024,40.1497732],[116.2622541,40.1497855],[116.2622595,40.1498408],[116.2622219,40.14989],[116.2621656,40.149931],[116.26212,40.1499515],[116.2620342,40.1499597],[116.2619859,40.1499597],[116.2619081,40.1499413],[116.2619242,40.1500479],[116.2618867,40.1501361],[116.2618437,40.1501812],[116.2617874,40.1502283],[116.2617418,40.1502611],[116.2617177,40.1502878],[116.2616882,40.1503329],[116.2617016,40.1503759],[116.2617069,40.1504497],[116.2616694,40.1504928],[116.2616211,40.1505276],[116.2615675,40.1505645],[116.2615272,40.1506158],[116.2615219,40.150663],[116.2615299,40.1507183],[116.2616801,40.1507901],[116.2618013,40.1508281],[116.2618759,40.1508516],[116.2619702,40.1508718]]}},{"type":"Feature","id":"way/992727755","properties":{"highway":"footway","source":"OpenStreetMap"},"geometry":{"type":"LineString","coordinates":[[116.2628189,40.1499394],[116.2628791,40.1499126],[116.2629571,40.1499325],[116.2630641,40.1499598]]}},{"type":"Feature","id":"way/992727756","properties":{"highway":"footway","source":"OpenStreetMap"},"geometry":{"type":"LineString","coordinates":[[116.2618917,40.1510599],[116.2619242,40.1509869],[116.2619577,40.150903],[116.2619702,40.1508718],[116.262002,40.1507921],[116.2621093,40.1508167],[116.2620959,40.1508598],[116.2622997,40.1508987],[116.2623453,40.1508003],[116.2624231,40.150827],[116.262458,40.1506814],[116.2624633,40.150622],[116.2625116,40.1505297],[116.2624553,40.1504928],[116.2624285,40.1504518],[116.262415,40.1504169],[116.2624204,40.1503862],[116.2624379,40.1503448],[116.2624499,40.1503165],[116.2625304,40.1501402],[116.2625561,40.150075],[116.2625102,40.1500578],[116.2624683,40.1500294],[116.2624367,40.1499901],[116.2624238,40.1499051],[116.2624555,40.1498452],[116.2625042,40.1498071],[116.2625958,40.1497798],[116.262676,40.1497848],[116.2627604,40.1498229],[116.2628079,40.1498802],[116.2628189,40.1499394],[116.2628018,40.1499932],[116.2627718,40.1500295],[116.2627143,40.150065],[116.2626585,40.1500802],[116.2626059,40.1500827],[116.2625561,40.150075]]}},{"type":"Feature","id":"way/992727757","properties":{"highway":"residential","layer":"-1","tunnel":"building_passage","source":"OpenStreetMap"},"geometry":{"type":"LineString","coordinates":[[116.2621656,40.1520283],[116.2622783,40.1517229]]}},{"type":"Feature","id":"way/992727758","properties":{"highway":"residential","source":"OpenStreetMap"},"geometry":{"type":"LineString","coordinates":[[116.2618675,40.1527394],[116.2621656,40.1520283]]}},{"type":"Feature","id":"way/992727759","properties":{"highway":"residential","source":"OpenStreetMap"},"geometry":{"type":"LineString","coordinates":[[116.2622917,40.1516839],[116.2633784,40.1519428]]}},{"type":"Feature","id":"way/992727760","properties":{"highway":"residential","source":"OpenStreetMap"},"geometry":{"type":"LineString","coordinates":[[116.2622783,40.1517229],[116.2622917,40.1516839],[116.2611142,40.1513826],[116.2606966,40.1524618]]}},{"type":"Feature","id":"way/992727761","properties":{"highway":"residential","layer":"-1","tunnel":"building_passage","source":"OpenStreetMap"},"geometry":{"type":"LineString","coordinates":[[116.2690508,40.1541204],[116.2689905,40.1541071]]}},{"type":"Feature","id":"way/992727762","properties":{"highway":"residential","source":"OpenStreetMap"},"geometry":{"type":"LineString","coordinates":[[116.2691729,40.1541553],[116.2690508,40.1541204]]}},{"type":"Feature","id":"way/992727763","properties":{"highway":"residential","source":"OpenStreetMap"},"geometry":{"type":"LineString","coordinates":[[116.2693231,40.1541891],[116.2692399,40.1541717]]}},{"type":"Feature","id":"way/992727764","properties":{"highway":"residential","layer":"-1","tunnel":"building_passage","source":"OpenStreetMap"},"geometry":{"type":"LineString","coordinates":[[116.2692399,40.1541717],[116.2691729,40.1541553]]}},{"type":"Feature","id":"way/992727765","properties":{"highway":"residential","source":"OpenStreetMap"},"geometry":{"type":"LineString","coordinates":[[116.2688656,40.1535685],[116.2689712,40.1535903],[116.2695189,40.1537391],[116.2693231,40.1541891]]}},{"type":"Feature","id":"way/992727766","properties":{"highway":"residential","source":"OpenStreetMap"},"geometry":{"type":"LineString","coordinates":[[116.2689905,40.1541071],[116.2686861,40.1540395],[116.2688656,40.1535685],[116.2689861,40.1532526],[116.2690185,40.1531798],[116.2690473,40.1531185],[116.2690938,40.1530157],[116.269344,40.1524345],[116.2693754,40.1523441],[116.2693201,40.152331],[116.2671223,40.1517834],[116.2670718,40.1517671]]}},{"type":"Feature","id":"way/992727767","properties":{"highway":"residential","source":"OpenStreetMap"},"geometry":{"type":"LineString","coordinates":[[116.2679887,40.1528815],[116.2679445,40.1529714],[116.2676183,40.1537675]]}},{"type":"Feature","id":"way/992727768","properties":{"highway":"residential","source":"OpenStreetMap"},"geometry":{"type":"LineString","coordinates":[[116.2647624,40.1557266],[116.2653635,40.1558704]]}},{"type":"Feature","id":"way/992727769","properties":{"highway":"residential","source":"OpenStreetMap"},"geometry":{"type":"LineString","coordinates":[[116.2609079,40.1555695],[116.2641585,40.1564052],[116.2643462,40.1564216],[116.2644267,40.1564011],[116.2645072,40.156356],[116.2647624,40.1557266],[116.2651938,40.154634],[116.2653365,40.1542502],[116.2655716,40.1536181]]}},{"type":"Feature","id":"way/992727770","properties":{"highway":"residential","source":"OpenStreetMap"},"geometry":{"type":"LineString","coordinates":[[116.2687217,40.151229],[116.2687561,40.1511375],[116.2690857,40.1503554],[116.2691903,40.1500623],[116.2692574,40.1500684],[116.2697777,40.1501812],[116.2698474,40.150175],[116.2699145,40.1501033],[116.2699821,40.1499847]]}},{"type":"Feature","id":"way/992727771","properties":{"highway":"residential","source":"OpenStreetMap"},"geometry":{"type":"LineString","coordinates":[[116.2674583,40.1507916],[116.2675236,40.1508043],[116.2687561,40.1511375],[116.2690234,40.1512098]]}},{"type":"Feature","id":"way/992727772","properties":{"highway":"residential","source":"OpenStreetMap"},"geometry":{"type":"LineString","coordinates":[[116.2674159,40.1509007],[116.2674793,40.1509123],[116.2687217,40.151229],[116.2690186,40.1513046],[116.2690234,40.1512098],[116.2690803,40.1505871],[116.2692118,40.1506076],[116.2692574,40.1502816]]}},{"type":"Feature","id":"way/992727773","properties":{"highway":"residential","source":"OpenStreetMap"},"geometry":{"type":"LineString","coordinates":[[116.2671566,40.1551104],[116.2677204,40.1537935]]}},{"type":"Feature","id":"way/992727774","properties":{"highway":"residential","source":"OpenStreetMap"},"geometry":{"type":"LineString","coordinates":[[116.2681174,40.1553597],[116.2688099,40.155519],[116.2689483,40.155548],[116.2691058,40.1555803],[116.2692398,40.1556084]]}},{"type":"Feature","id":"way/992727775","properties":{"highway":"footway","source":"OpenStreetMap"},"geometry":{"type":"LineString","coordinates":[[116.2639137,40.1508145],[116.2643972,40.1509664],[116.2644213,40.1509992],[116.2643865,40.1510381],[116.2643713,40.1510682]]}},{"type":"Feature","id":"way/992727776","properties":{"highway":"footway","source":"OpenStreetMap"},"geometry":{"type":"LineString","coordinates":[[116.2642039,40.1512045],[116.2641612,40.1511201],[116.2638231,40.151017]]}},{"type":"Feature","id":"way/992727777","properties":{"highway":"residential","source":"OpenStreetMap"},"geometry":{"type":"LineString","coordinates":[[116.2620175,40.1489012],[116.2623895,40.1479784]]}},{"type":"Feature","id":"way/992727778","properties":{"highway":"residential","source":"OpenStreetMap"},"geometry":{"type":"LineString","coordinates":[[116.2612617,40.148498],[116.2611946,40.1486886],[116.2620175,40.1489012],[116.2627262,40.1490843],[116.2628076,40.1491526]]}},{"type":"Feature","id":"way/992727779","properties":{"highway":"residential","source":"OpenStreetMap"},"geometry":{"type":"LineString","coordinates":[[116.264137,40.1484262],[116.2623895,40.1479784],[116.2622809,40.1479506],[116.2614602,40.1477414]]}},{"type":"Feature","id":"way/992727780","properties":{"highway":"residential","source":"OpenStreetMap"},"geometry":{"type":"LineString","coordinates":[[116.2638013,40.1491705],[116.264137,40.1484262],[116.2653649,40.1487555],[116.265508,40.1487917],[116.2659378,40.1489004],[116.2660416,40.1489266],[116.2679424,40.1493937],[116.2680111,40.1494147],[116.2680806,40.1494309],[116.2699821,40.1499847],[116.2704919,40.1501332],[116.2708586,40.1502386],[116.2709498,40.150296],[116.270982,40.1503616],[116.2707971,40.1508688],[116.2701023,40.1524527],[116.2700164,40.152506],[116.2693754,40.1523441]]}},{"type":"Feature","id":"way/992727781","properties":{"highway":"residential","source":"OpenStreetMap"},"geometry":{"type":"LineString","coordinates":[[116.2624288,40.1512931],[116.2624764,40.1512272],[116.2626989,40.1507473],[116.2630641,40.1499598],[116.2634049,40.1491204]]}},{"type":"Feature","id":"way/992727782","properties":{"highway":"residential","source":"OpenStreetMap"},"geometry":{"type":"LineString","coordinates":[[116.2645855,40.1533841],[116.2651064,40.1521505],[116.2651458,40.1520733]]}},{"type":"Feature","id":"way/992727788","properties":{"highway":"residential","source":"OpenStreetMap"},"geometry":{"type":"LineString","coordinates":[[116.2630641,40.1499598],[116.2641638,40.150255],[116.2639137,40.1508145],[116.2638231,40.151017],[116.2636569,40.1513887],[116.2635722,40.1515401],[116.2635339,40.1516093],[116.2634824,40.1516819],[116.2633784,40.1519428],[116.2629576,40.1529978]]}},{"type":"Feature","id":"way/992727789","properties":{"highway":"residential","source":"OpenStreetMap"},"geometry":{"type":"LineString","coordinates":[[116.2662192,40.1537827],[116.2655716,40.1536181],[116.2645855,40.1533841],[116.2630629,40.1530228],[116.2629576,40.1529978],[116.2618675,40.1527394],[116.2606966,40.1524618],[116.2606582,40.1524527],[116.2604999,40.1524732]]}},{"type":"Feature","id":"way/992727790","properties":{"highway":"residential","source":"OpenStreetMap"},"geometry":{"type":"LineString","coordinates":[[116.2663611,40.1534472],[116.2676183,40.1537675],[116.2677204,40.1537935],[116.2686861,40.1540395],[116.2681174,40.1553597],[116.2671566,40.1551104],[116.2664436,40.1549254],[116.2658058,40.1547599],[116.2651938,40.154634],[116.2644428,40.1545356],[116.2641209,40.154511],[116.2638869,40.154502],[116.2634879,40.1544864],[116.2631178,40.1544536],[116.2624258,40.1542937],[116.2616667,40.1540005],[116.2614334,40.1538263],[116.2612295,40.1536393],[116.2611651,40.1535803],[116.2607789,40.1531251],[116.2605697,40.152711],[116.2604999,40.1524732],[116.2604785,40.152014],[116.2605053,40.1517967],[116.2606662,40.1513949],[116.2608283,40.1509161],[116.2608626,40.150847],[116.2608848,40.1507719],[116.2610149,40.1505256],[116.2612885,40.1500131],[116.261605,40.1496727],[116.2620878,40.1494267],[116.2622966,40.1493404],[116.2627423,40.1491561],[116.2628076,40.1491526],[116.2634049,40.1491204],[116.263504,40.1491151],[116.2638013,40.1491705],[116.2639439,40.1491971],[116.2650337,40.1495024],[116.2651984,40.1495486],[116.2655998,40.1496611],[116.2656506,40.1496753],[116.26714,40.1500576],[116.2675943,40.1501723],[116.2676964,40.1502007]]}},{"type":"Feature","id":"way/992727791","properties":{"construction":"tertiary","highway":"construction","name":"北沙河西一路","name:zh":"北沙河西一路","name:zh-Hans":"北沙河西一路","name:zh-Hant":"北沙河西一路","source":"OpenStreetMap"},"geometry":{"type":"LineString","coordinates":[[116.268327,40.1487726],[116.2698039,40.1452164],[116.2698291,40.1451385]]}},{"type":"Feature","id":"way/992727792","properties":{"highway":"residential","source":"OpenStreetMap"},"geometry":{"type":"LineString","coordinates":[[116.2607223,40.1559884],[116.2607816,40.1558499],[116.2608657,40.155657],[116.2609079,40.1555695],[116.2614146,40.1545566],[116.2614482,40.1544782],[116.2616265,40.1540805],[116.2616667,40.1540005]]}},{"type":"Feature","id":"way/992727793","properties":{"highway":"residential","source":"OpenStreetMap"},"geometry":{"type":"LineString","coordinates":[[116.2591157,40.1503609],[116.2594845,40.1504544],[116.2608626,40.150847],[116.2624288,40.1512931],[116.2634069,40.1515717],[116.2635339,40.1516093],[116.2637321,40.1516645],[116.2648152,40.1519754],[116.2651458,40.1520733],[116.266121,40.1523622],[116.2661785,40.1523826],[116.2666256,40.152512],[116.2667511,40.1525468]]}},{"type":"Feature","id":"way/992727794","properties":{"leisure":"garden","source":"OpenStreetMap"},"geometry":{"type":"Polygon","coordinates":[[[116.2668984,40.15177],[116.2665416,40.1516819],[116.267188,40.1501596],[116.2676118,40.1502652],[116.2675716,40.1503626],[116.2669855,40.151768],[116.2668984,40.15177]]]}},{"type":"Feature","id":"way/992742374","properties":{"highway":"residential","source":"OpenStreetMap"},"geometry":{"type":"LineString","coordinates":[[116.2669775,40.1519812],[116.2670242,40.1518766],[116.2670448,40.1518324],[116.2670718,40.1517671],[116.2674159,40.1509007],[116.2674583,40.1507916],[116.2675286,40.1506166],[116.2676964,40.1502007],[116.2678031,40.1499242],[116.2680111,40.1494147],[116.2680822,40.1492469],[116.268286,40.1488662],[116.268327,40.1487726]]}},{"type":"Feature","id":"way/992742375","properties":{"highway":"residential","source":"OpenStreetMap"},"geometry":{"type":"LineString","coordinates":[[116.2667511,40.1525468],[116.2667826,40.15248],[116.2669596,40.1520449]]}},{"type":"Feature","id":"way/992742376","properties":{"highway":"residential","source":"OpenStreetMap"},"geometry":{"type":"LineString","coordinates":[[116.2667511,40.1525468],[116.2668039,40.1525611],[116.267876,40.152851],[116.2679887,40.1528815],[116.268957,40.1531618],[116.2690185,40.1531798],[116.2693777,40.1532827],[116.2694194,40.1532946],[116.2696451,40.1533593],[116.2698761,40.1534295],[116.2699821,40.1534594],[116.2701259,40.1534984]]}},{"type":"Feature","id":"way/992742377","properties":{"highway":"unclassified","source":"OpenStreetMap"},"geometry":{"type":"LineString","coordinates":[[116.2662013,40.1483566],[116.2660257,40.1487189],[116.2659378,40.1489004],[116.2655998,40.1496611]]}},{"type":"Feature","id":"way/992742378","properties":{"highway":"unclassified","source":"OpenStreetMap"},"geometry":{"type":"LineString","coordinates":[[116.2651984,40.1495486],[116.265508,40.1487917],[116.2655847,40.1486093],[116.2657413,40.1482372]]}},{"type":"Feature","id":"way/992742379","properties":{"landuse":"construction","source":"OpenStreetMap"},"geometry":{"type":"Polygon","coordinates":[[[116.2604508,40.1527212],[116.2603217,40.1518686],[116.2587718,40.1515705],[116.258382,40.152559],[116.2606127,40.1531237],[116.2604508,40.1527212]]]}},{"type":"Feature","id":"way/992742380","properties":{"landuse":"construction","source":"OpenStreetMap"},"geometry":{"type":"Polygon","coordinates":[[[116.2622422,40.1534741],[116.2624565,40.152967],[116.2606907,40.1525301],[116.2607468,40.1528149],[116.2608948,40.1531308],[116.2611245,40.153439],[116.2612725,40.1534858],[116.2615379,40.1532907],[116.2622422,40.1534741]]]}},{"type":"Feature","id":"way/992742381","properties":{"highway":"unclassified","source":"OpenStreetMap"},"geometry":{"type":"LineString","coordinates":[[116.2612295,40.1536393],[116.2615481,40.1533805],[116.2653365,40.1542502]]}},{"type":"Feature","id":"way/992742382","properties":{"leisure":"park","source":"OpenStreetMap"},"geometry":{"type":"Polygon","coordinates":[[[116.2613541,40.1536496],[116.2616552,40.1534663],[116.2651358,40.1542737],[116.2652124,40.1543634],[116.2651461,40.1545468],[116.2650491,40.1545468],[116.2645387,40.1544649],[116.2642019,40.1544064],[116.2636916,40.1543907],[116.2632578,40.1543985],[116.2621248,40.154067],[116.261594,40.1538134],[116.2613541,40.1536496]]]}},{"type":"Feature","id":"way/992742383","properties":{"natural":"water","water":"lake","source":"OpenStreetMap"},"geometry":{"type":"Polygon","coordinates":[[[116.2574969,40.1483229],[116.2574536,40.148254],[116.2574861,40.1481629],[116.2575799,40.1481271],[116.2576846,40.1481436],[116.2577423,40.1482209],[116.2577171,40.1483091],[116.2576124,40.1483505],[116.2574969,40.1483229]]]}},{"type":"Feature","id":"way/992750396","properties":{"highway":"tertiary","source":"OpenStreetMap"},"geometry":{"type":"LineString","coordinates":[[116.2511781,40.1483063],[116.2519246,40.1484887],[116.2521387,40.1485477]]}},{"type":"Feature","id":"way/992750397","properties":{"highway":"tertiary","source":"OpenStreetMap"},"geometry":{"type":"LineString","coordinates":[[116.2521387,40.1485477],[116.2521133,40.1486332]]}},{"type":"Feature","id":"way/1016272090","properties":{"building":"apartments","name":"西区学生公寓5号楼","name:zh":"西区学生公寓5号楼","name:zh-Hans":"西区学生公寓5号楼","name:zh-Hant":"西區學生公寓5號樓","source":"OpenStreetMap"},"geometry":{"type":"Polygon","coordinates":[[[116.257738,40.1540529],[116.257883,40.1540856],[116.2576985,40.1545415],[116.2584433,40.1547229],[116.2584136,40.154806],[116.2575271,40.1545969],[116.257738,40.1540529]]]}},{"type":"Feature","id":"way/1016272091","properties":{"building":"apartments","name":"西区学生公寓6号楼","name:zh":"西区学生公寓6号楼","name:zh-Hans":"西区学生公寓6号楼","name:zh-Hant":"西區學生公寓6號樓","source":"OpenStreetMap"},"geometry":{"type":"Polygon","coordinates":[[[116.2580906,40.1542569],[116.2581335,40.1541486],[116.2590332,40.1543652],[116.2588157,40.1549042],[116.2586707,40.1548816],[116.2588486,40.1544357],[116.2580906,40.1542569]]]}},{"type":"Feature","id":"way/1016272092","properties":{"building":"apartments","name":"西区学生公寓7号楼","name:zh":"西区学生公寓7号楼","name:zh-Hans":"西区学生公寓7号楼","name:zh-Hant":"西區學生公寓7號樓","source":"OpenStreetMap"},"geometry":{"type":"Polygon","coordinates":[[[116.2581104,40.1531662],[116.2582488,40.1531889],[116.2580412,40.1536372],[116.258819,40.1538236],[116.258786,40.1539168],[116.2578731,40.1537128],[116.2581104,40.1531662]]]}},{"type":"Feature","id":"way/1016272093","properties":{"building":"apartments","name":"西区学生公寓8号楼","name:zh":"西区学生公寓8号楼","name:zh-Hans":"西区学生公寓8号楼","name:zh-Hant":"西區學生公寓8號樓","source":"OpenStreetMap"},"geometry":{"type":"Polygon","coordinates":[[[116.2584565,40.1533551],[116.2585059,40.1532518],[116.2594023,40.1534559],[116.2591716,40.154],[116.2590299,40.1539773],[116.2592277,40.1535188],[116.2584565,40.1533551]]]}},{"type":"Feature","id":"way/1016272094","properties":{"building":"apartments","name":"西区学生公寓9号楼","name:zh":"西区学生公寓9号楼","name:zh-Hans":"西区学生公寓9号楼","name:zh-Hant":"西區學生公寓9號樓","source":"OpenStreetMap"},"geometry":{"type":"Polygon","coordinates":[[[116.258262,40.1529672],[116.2583971,40.1526926],[116.2596067,40.1529924],[116.2595539,40.1531259],[116.2584696,40.1528614],[116.2584037,40.153005],[116.258262,40.1529672]]]}},{"type":"Feature","id":"way/1016272095","properties":{"amenity":"restaurant","building":"yes","building:levels":"4","check_date":"2024-04-14","name":"西区食堂","name:en":"West Dining Hall","name:zh":"北航沙河校区西区食堂","name:zh-Hans":"北航沙河校区西区食堂","name:zh-Hant":"北航沙河校區西區食堂","toilets":"yes","source":"OpenStreetMap"},"geometry":{"type":"Polygon","coordinates":[[[116.2597039,40.1540229],[116.2598854,40.1535623],[116.2608916,40.1538076],[116.2607304,40.1542282],[116.260305,40.154128],[116.2602905,40.1541644],[116.2597039,40.1540229]]]}},{"type":"Feature","id":"way/1019086096","properties":{"construction":"secondary","highway":"construction","name":"高教园中街","oneway":"yes","source":"OpenStreetMap"},"geometry":{"type":"LineString","coordinates":[[116.2458334,40.1520998],[116.2480079,40.1525861],[116.2506154,40.1532344],[116.2526497,40.1537763]]}},{"type":"Feature","id":"way/1019086097","properties":{"construction":"secondary","highway":"construction","name":"高教园中街","oneway":"yes","source":"OpenStreetMap"},"geometry":{"type":"LineString","coordinates":[[116.2525735,40.1539225],[116.2458021,40.1522013]]}},{"type":"Feature","id":"way/1019086120","properties":{"building":"yes","name":"北京市京能电源技术研究所","office":"research","source":"OpenStreetMap"},"geometry":{"type":"Polygon","coordinates":[[[116.2508127,40.1437063],[116.2507203,40.1440185],[116.2495162,40.1437959],[116.249605,40.1434646],[116.2508127,40.1437063]]]}},{"type":"Feature","id":"way/1035101157","properties":{"highway":"residential","source":"OpenStreetMap"},"geometry":{"type":"LineString","coordinates":[[116.2506259,40.1604588],[116.250786,40.1604076],[116.2509651,40.1603023],[116.2512386,40.1600992],[116.251335,40.1598606]]}},{"type":"Feature","id":"way/1035101158","properties":{"highway":"unclassified","source":"OpenStreetMap"},"geometry":{"type":"LineString","coordinates":[[116.2495866,40.1605188],[116.2493396,40.1604406],[116.2465931,40.1600403],[116.2454336,40.15979],[116.243654,40.1593308],[116.2429761,40.1591689],[116.2428986,40.1591497]]}},{"type":"Feature","id":"way/1043620242","properties":{"highway":"cycleway","name":"昌平42km绿道","surface":"asphalt","source":"OpenStreetMap"},"geometry":{"type":"LineString","coordinates":[[116.2518047,40.1546311],[116.2518685,40.1546504],[116.2518876,40.1546639],[116.2518992,40.1546806],[116.251907,40.1546997],[116.2519106,40.1547196],[116.2519196,40.1547713],[116.2519132,40.154821],[116.2518928,40.1548766],[116.2518338,40.1549872],[116.2517427,40.1551425],[116.2516562,40.1552852],[116.2515432,40.1554905],[116.2515271,40.1555356],[116.2514949,40.1556193],[116.2514177,40.1558472],[116.2513791,40.1559358],[116.2513372,40.1560293],[116.2512825,40.156149],[116.2512364,40.1562384],[116.2511688,40.1563917],[116.2511184,40.1565335],[116.2510468,40.1566981],[116.251021,40.1567366],[116.2509921,40.1567686],[116.2509363,40.1568079],[116.2508985,40.1568419],[116.2508682,40.1568721],[116.2508492,40.1568999],[116.2508371,40.1569312],[116.2508272,40.1569695],[116.2508204,40.1570246],[116.2508259,40.1572135],[116.2508232,40.1572404],[116.2508151,40.1572556],[116.2507962,40.1572776],[116.2507637,40.1573059],[116.2507231,40.1573459],[116.2507141,40.1573645],[116.2507023,40.1573859],[116.2506978,40.1574148],[116.2506906,40.1577272],[116.2506942,40.1577713],[116.2507023,40.1578113],[116.2507141,40.1578465],[116.2507159,40.1578658],[116.2507159,40.1578961],[116.2507249,40.1584615],[116.250724,40.1585315],[116.2507174,40.158575],[116.2507061,40.1586263],[116.2506993,40.1586746],[116.2506915,40.1587608],[116.2506918,40.1588522],[116.2506951,40.1589318],[116.2506858,40.1589752],[116.2506596,40.1590356],[116.2506322,40.1590795],[116.2505952,40.1591185],[116.2505636,40.1591417],[116.2505225,40.1591598]]}},{"type":"Feature","id":"way/1057519451","properties":{"leisure":"park","name":"东沙河滨水公园","name:zh":"东沙河滨水公园","name:zh-Hans":"东沙河滨水公园","name:zh-Hant":"東沙河濱水公園","source":"OpenStreetMap"},"geometry":{"type":"Polygon","coordinates":[[[116.2524213,40.1710009],[116.2516193,40.1709328],[116.2516274,40.1699795],[116.2507363,40.1622662],[116.2504366,40.1596227],[116.2502016,40.157041],[116.2502826,40.1566262],[116.2512142,40.1542487],[116.253369,40.1491405],[116.2548353,40.1458524],[116.255378,40.1457286],[116.2563987,40.1459577],[116.255937,40.1471838],[116.2550702,40.1489733],[116.2546966,40.1489114],[116.2545832,40.1493789],[116.2536793,40.1507314],[116.2523716,40.1535428],[116.2522501,40.1538741],[116.2522704,40.1541868],[116.2512132,40.1566509],[116.251031,40.1573134],[116.2509702,40.1577499],[116.2509783,40.1583102],[116.251116,40.1597558],[116.2519017,40.1665682],[116.2524213,40.1710009]]]}},{"type":"Feature","id":"way/1057519452","properties":{"highway":"residential","source":"OpenStreetMap"},"geometry":{"type":"LineString","coordinates":[[116.2512346,40.154633],[116.251406,40.1546593],[116.2515227,40.1546736],[116.2516582,40.1546774],[116.251757,40.1546604],[116.2518047,40.1546311],[116.251829,40.1545963],[116.2519652,40.1543058],[116.2523071,40.1535508]]}},{"type":"Feature","id":"way/1057519454","properties":{"highway":"cycleway","name":"昌平42km绿道","name:zh":"昌平42km绿道","name:zh-Hans":"昌平42km绿道","name:zh-Hant":"昌平42km綠道","source":"OpenStreetMap"},"geometry":{"type":"LineString","coordinates":[[116.2571782,40.1427521],[116.2572749,40.1428953],[116.2573609,40.1430879],[116.2573809,40.1431514],[116.257358,40.14325],[116.2572892,40.1435444],[116.2572377,40.1436254],[116.2571389,40.1437349],[116.2570744,40.1438991],[116.2569699,40.14406],[116.2569069,40.144152],[116.2568253,40.1442078],[116.2566763,40.1442483],[116.2565847,40.1442724],[116.2565374,40.1443052],[116.2565059,40.1443567],[116.2564644,40.1444541],[116.2563799,40.1445909],[116.2562696,40.1447672],[116.2560949,40.144938],[116.2559818,40.1450168],[116.255736,40.1449731]]}},{"type":"Feature","id":"way/1057519455","properties":{"highway":"cycleway","name":"昌平42km绿道","name:zh":"昌平42km绿道","name:zh-Hans":"昌平42km绿道","name:zh-Hant":"昌平42km綠道","source":"OpenStreetMap"},"geometry":{"type":"LineString","coordinates":[[116.2552674,40.1455585],[116.255314,40.1456158],[116.2553829,40.1456839],[116.255559,40.1457164],[116.2558021,40.1457597],[116.2558871,40.1458217],[116.2558912,40.1458851],[116.2558446,40.1459935],[116.2557413,40.1461065],[116.2556178,40.146204],[116.255478,40.1463604],[116.255395,40.1465013],[116.2553383,40.1466514],[116.2553262,40.1467877],[116.2553262,40.1469781],[116.2553059,40.1470818],[116.2552654,40.1472056],[116.2551824,40.1473558],[116.2550467,40.1475385],[116.2549859,40.1476128],[116.2548988,40.1477598],[116.2548502,40.1478635],[116.2547935,40.1480648],[116.254751,40.1481592],[116.2546396,40.1483868],[116.2546032,40.1484905],[116.2545323,40.1484982],[116.2544411,40.1484735],[116.2543763,40.1484812],[116.2543439,40.1485663],[116.2542811,40.1487041],[116.2542933,40.1488311],[116.2543086,40.1490309]]}},{"type":"Feature","id":"way/1057519456","properties":{"highway":"cycleway","name":"昌平42km绿道","name:zh":"昌平42km绿道","name:zh-Hans":"昌平42km绿道","name:zh-Hant":"昌平42km綠道","source":"OpenStreetMap"},"geometry":{"type":"LineString","coordinates":[[116.2546454,40.1492345],[116.2544599,40.149279],[116.2543811,40.14928],[116.2542966,40.1493381],[116.2541649,40.1493786],[116.2541262,40.1494738],[116.2540532,40.149546],[116.2540274,40.1496227],[116.2538728,40.1497091],[116.2538542,40.1498055],[116.2538226,40.1499543],[116.2537983,40.150078],[116.2537238,40.1501437],[116.2535148,40.1502871],[116.2534231,40.1503429],[116.2533501,40.1504392],[116.25332,40.1505476],[116.2533143,40.150633],[116.253267,40.1507249],[116.2532369,40.1507753],[116.2531281,40.1508957],[116.253025,40.1510609],[116.2529505,40.1512098],[116.2529377,40.1513203],[116.2529505,40.1514451],[116.2529935,40.1516564],[116.2529692,40.1518085],[116.2529362,40.151965],[116.252866,40.1521566],[116.2528245,40.1522245],[116.2527286,40.1523602],[116.2526555,40.1524291],[116.2525352,40.1525036],[116.2524422,40.1525484],[116.2523405,40.1527214],[116.2522345,40.1529129],[116.2521916,40.1530596],[116.2521286,40.1531307],[116.25213,40.1532281],[116.2521858,40.1533179],[116.252266,40.1534142],[116.2523047,40.1534985],[116.2523071,40.1535508]]}},{"type":"Feature","id":"way/1057519457","properties":{"highway":"cycleway","name":"昌平42km绿道","source":"OpenStreetMap"},"geometry":{"type":"LineString","coordinates":[[116.2506449,40.1605879],[116.2507734,40.1606625],[116.2509982,40.1608343],[116.2511344,40.160915],[116.2511719,40.1609879],[116.2511991,40.1610712],[116.2512298,40.1611623],[116.251257,40.1613679],[116.2512867,40.161456],[116.2513365,40.1616278],[116.2513832,40.1621982],[116.25139,40.1623348],[116.2514341,40.162599],[116.2514537,40.162804],[116.251446,40.1628964],[116.2513714,40.162993],[116.251317,40.163098],[116.2513241,40.1631571],[116.25138,40.1633169],[116.2514,40.1634263],[116.2514072,40.1635358],[116.2514,40.1636999],[116.2514086,40.1638137],[116.2514401,40.1639133],[116.2514731,40.1639593],[116.2515031,40.1641234],[116.251559,40.1643565],[116.2516163,40.164547],[116.2516335,40.1647013],[116.2516564,40.1648676],[116.2516506,40.1649267],[116.2515962,40.1650733],[116.2515747,40.1651642],[116.2515289,40.1652594],[116.2515132,40.1653163],[116.2515218,40.1653852],[116.2515518,40.1655023],[116.2515919,40.1656916],[116.2516406,40.1659532],[116.2516764,40.1660626],[116.2516879,40.1661666],[116.2516907,40.1662968],[116.2517108,40.1663701],[116.2517953,40.1665058],[116.2518884,40.1666481],[116.2519111,40.166722],[116.2519174,40.1667686],[116.2519743,40.1673448],[116.2520369,40.1678813],[116.2521841,40.1690616],[116.2522114,40.1693533],[116.2521942,40.1694021],[116.2521345,40.169474],[116.2520555,40.1695615],[116.2520464,40.1696071],[116.2520575,40.1697023],[116.2520859,40.1697936],[116.252092,40.1698594],[116.2520818,40.1699592],[116.252015,40.1703731],[116.2519917,40.1704652],[116.2519563,40.1705341],[116.2519056,40.1705975],[116.2518216,40.1706757],[116.2517144,40.1707639]]}},{"type":"Feature","id":"way/1062238933","properties":{"access":"no","highway":"construction","source":"OpenStreetMap"},"geometry":{"type":"LineString","coordinates":[[116.2607107,40.1469249],[116.2564768,40.145857],[116.2565222,40.1456835],[116.2607617,40.146796]]}},{"type":"Feature","id":"way/1062247325","properties":{"highway":"cycleway","oneway":"yes","source":"OpenStreetMap"},"geometry":{"type":"LineString","coordinates":[[116.2578419,40.1412319],[116.2582075,40.1413371],[116.258631,40.1414545],[116.2627938,40.1427115],[116.2649499,40.1433729],[116.269534,40.1447752],[116.2697898,40.1448411],[116.2699377,40.1448791],[116.2730581,40.1456824],[116.2733162,40.145747],[116.2734874,40.1457898],[116.2765324,40.1465515],[116.2769577,40.1466564],[116.2770934,40.1466923],[116.2789196,40.1471402],[116.2794809,40.147262],[116.2795515,40.1472773],[116.2807541,40.1475383],[116.2816646,40.1477115],[116.2825841,40.1478534],[116.2834419,40.1479916],[116.2837936,40.1480473],[116.2844821,40.1481754],[116.2853518,40.1483936],[116.2860314,40.1486108],[116.286176,40.1486566],[116.2867741,40.1488471],[116.28744,40.1491276],[116.2882327,40.1495084],[116.2887899,40.1497993],[116.2891296,40.1500139],[116.289569,40.1503152],[116.2900447,40.1506442],[116.2912314,40.1514646],[116.2919131,40.1518747],[116.2919969,40.1519251],[116.2928258,40.1523129],[116.2932063,40.1524652],[116.2936231,40.1526106],[116.2941259,40.1527595],[116.2946558,40.1528911],[116.2954123,40.1530226],[116.2956845,40.1530968],[116.2961908,40.153284]]}},{"type":"Feature","id":"way/1065404729","properties":{"highway":"residential","source":"OpenStreetMap"},"geometry":{"type":"LineString","coordinates":[[116.2629826,40.1585172],[116.2617839,40.1582118],[116.2617659,40.1582073],[116.2604165,40.1578681],[116.2599519,40.1577453],[116.2592557,40.1575629],[116.2582172,40.1572991],[116.2580938,40.1572624],[116.2580075,40.157231],[116.2579821,40.1572208],[116.2579286,40.1571849],[116.2578745,40.1571449],[116.2578171,40.1571004],[116.2577521,40.1570515],[116.2577168,40.1570177],[116.257683,40.1569727],[116.2576466,40.1569165],[116.2576128,40.1568491],[116.257593,40.1568061],[116.2575777,40.1567729],[116.2575585,40.1567057],[116.2575465,40.1566324],[116.2575414,40.1565527],[116.257546,40.1564798],[116.2575577,40.1564207],[116.2575713,40.156359],[116.2575861,40.1563041],[116.257604,40.1562665],[116.2576173,40.1562385],[116.2576371,40.1562003],[116.2576703,40.1561521],[116.2576985,40.1561204],[116.2577591,40.156067],[116.2578219,40.1560236],[116.257889,40.155986],[116.257925,40.1559688],[116.2579698,40.1559472],[116.2580297,40.1559243],[116.2580882,40.1559115],[116.2581482,40.1559017],[116.258228,40.1558964],[116.2582903,40.1558959],[116.2583511,40.155897],[116.2584207,40.1559032],[116.2584828,40.155913],[116.2585369,40.155927],[116.2585963,40.1559424],[116.2586521,40.1559644],[116.2586923,40.1559864],[116.2587394,40.1560171],[116.2588014,40.1560604],[116.2588503,40.1561125],[116.2589131,40.1561765],[116.2589411,40.1562192],[116.2589638,40.1562632],[116.2589821,40.1563273],[116.2589917,40.1563786],[116.2589978,40.1564454],[116.2590013,40.156482],[116.2589978,40.1565227],[116.258989,40.1565587],[116.2589659,40.1566031],[116.2589459,40.1566598],[116.2589368,40.1567066],[116.2589328,40.1567518],[116.2589348,40.1568031],[116.2589449,40.1568376],[116.2589699,40.1568851],[116.258997,40.1569235],[116.2590311,40.1569533],[116.2590622,40.1569848],[116.2591073,40.1570085],[116.2591564,40.157033],[116.2592146,40.1570484],[116.2594535,40.1571036],[116.2598146,40.1571891],[116.2598783,40.1572005],[116.2599516,40.1572078],[116.2600154,40.1572078],[116.2600963,40.1572059],[116.2601356,40.1572026],[116.2601906,40.1571953],[116.260236,40.1571859],[116.2602814,40.1571726],[116.2603329,40.1571492],[116.2603782,40.1571225],[116.2604175,40.1570885],[116.2604629,40.1570458],[116.2604925,40.1570121],[116.2605146,40.1569941],[116.2605397,40.1569761],[116.2605731,40.1569634],[116.2605989,40.156957],[116.2606308,40.1569529],[116.2606632,40.1569616],[116.2614289,40.157157],[116.2619751,40.1572965],[116.2620477,40.157315],[116.2620951,40.1573267],[116.2627069,40.1574814],[116.2635019,40.1576825],[116.2635282,40.1576914],[116.2635486,40.1577003],[116.2635618,40.1577114],[116.2635719,40.157726],[116.2635772,40.1577467],[116.2635798,40.1577688],[116.2635842,40.1578572],[116.2635853,40.1578947],[116.2635888,40.1579275],[116.2635945,40.157953],[116.2635993,40.1579735],[116.2636098,40.157998],[116.2636326,40.1580402],[116.2636666,40.1580908],[116.2637208,40.1581373],[116.2637683,40.1581735],[116.2638209,40.1582027],[116.2638728,40.1582217],[116.2639239,40.1582387],[116.264296,40.1583345],[116.2643654,40.1583524]]}},{"type":"Feature","id":"way/1065404730","properties":{"highway":"residential","source":"OpenStreetMap"},"geometry":{"type":"LineString","coordinates":[[116.2631264,40.1590577],[116.2639788,40.1592674],[116.2641356,40.1593059],[116.2654645,40.1596225],[116.2654964,40.1596307],[116.2655202,40.159645],[116.265534,40.1596617],[116.2655443,40.159679],[116.2655525,40.1597065],[116.2655535,40.1597361],[116.2655483,40.1597627],[116.2654031,40.1600601],[116.2653898,40.1600777],[116.2653677,40.1600896],[116.2653425,40.1600972],[116.2653147,40.1601],[116.2652931,40.1600972],[116.2652708,40.1600919],[116.263458,40.1596337],[116.2634462,40.1596318],[116.2634319,40.1596318],[116.2634059,40.1596361],[116.2633687,40.1596481],[116.2633154,40.1596685]]}},{"type":"Feature","id":"way/1065404732","properties":{"highway":"residential","oneway":"yes","source":"OpenStreetMap"},"geometry":{"type":"LineString","coordinates":[[116.2626015,40.1563255],[116.2625514,40.1564484],[116.262503,40.1565754],[116.2624405,40.1567213],[116.2624288,40.1567481],[116.2624086,40.1567711],[116.2623877,40.1567891],[116.2623625,40.1568071],[116.2623255,40.1568436],[116.2623066,40.1568705],[116.2620951,40.1573267]]}},{"type":"Feature","id":"way/1065404733","properties":{"highway":"residential","oneway":"yes","source":"OpenStreetMap"},"geometry":{"type":"LineString","coordinates":[[116.2620477,40.157315],[116.2622623,40.1568659],[116.262279,40.1568298],[116.2622886,40.1568097],[116.2622946,40.1567844],[116.2622996,40.1567562],[116.2622956,40.1566622],[116.2622965,40.1566083],[116.2623057,40.1565644],[116.2623227,40.1565226],[116.2623759,40.1564045],[116.2624357,40.1562822]]}},{"type":"Feature","id":"way/1065404734","properties":{"highway":"residential","source":"OpenStreetMap"},"geometry":{"type":"LineString","coordinates":[[116.2661796,40.1578417],[116.2647102,40.1574797],[116.2630146,40.1570482],[116.2629865,40.1570445],[116.2629549,40.1570471],[116.2629318,40.1570506],[116.2629076,40.1570607],[116.2628817,40.1570779],[116.2628668,40.1570933],[116.2628483,40.1571184],[116.2627069,40.1574814],[116.2629826,40.1585172],[116.2631264,40.1590577],[116.2632514,40.1595276],[116.2632729,40.1595902],[116.2633154,40.1596685],[116.263343,40.1597178],[116.2633639,40.1597593],[116.2633919,40.1598177],[116.2634306,40.1598848],[116.2634599,40.1599224],[116.2635237,40.1599766],[116.2635814,40.1600127],[116.263647,40.1600405],[116.2637204,40.1600567],[116.263796,40.1600686],[116.2639291,40.1600947],[116.2640046,40.1601147],[116.2640694,40.1601364],[116.2641383,40.1601601],[116.2641925,40.160187],[116.2642464,40.1602195],[116.2642915,40.1602543],[116.2643397,40.1602908],[116.2643891,40.1603358],[116.2644343,40.1603841],[116.2644586,40.1604195],[116.264486,40.1604634],[116.2644975,40.1604827],[116.2645112,40.1605128]]}},{"type":"Feature","id":"way/1065404735","properties":{"building":"yes","layer":"1","roof:material":"roof_tiles","roof:shape":"hipped","source":"OpenStreetMap"},"geometry":{"type":"Polygon","coordinates":[[[116.262193,40.1567758],[116.2622563,40.1566297],[116.2625547,40.1567053],[116.2624914,40.1568514],[116.262193,40.1567758]]]}},{"type":"Feature","id":"way/1065404736","properties":{"highway":"residential","source":"OpenStreetMap"},"geometry":{"type":"LineString","coordinates":[[116.2592557,40.1575629],[116.2594535,40.1571036],[116.2598388,40.1562542],[116.2599928,40.1559148]]}},{"type":"Feature","id":"way/1065404737","properties":{"highway":"residential","source":"OpenStreetMap"},"geometry":{"type":"LineString","coordinates":[[116.2604165,40.1578681],[116.2613063,40.1572431],[116.2614289,40.157157]]}},{"type":"Feature","id":"way/1065404738","properties":{"leisure":"park","source":"OpenStreetMap"},"geometry":{"type":"Polygon","coordinates":[[[116.2605868,40.1578907],[116.2628628,40.1584495],[116.2628885,40.1584496],[116.2629021,40.1584465],[116.2629127,40.1584399],[116.2629136,40.1584318],[116.2629107,40.1584153],[116.2626755,40.1575308],[116.2626698,40.1575215],[116.2626512,40.1575058],[116.2626299,40.1574971],[116.262587,40.157484],[116.2615043,40.1572101],[116.261483,40.1572077],[116.2614692,40.1572083],[116.2614528,40.157211],[116.2614374,40.157215],[116.2614183,40.1572224],[116.2613921,40.1572367],[116.2605515,40.1578],[116.2605508,40.1578438],[116.260551,40.1578592],[116.2605539,40.1578704],[116.2605599,40.1578778],[116.2605748,40.1578864],[116.2605868,40.1578907]]]}},{"type":"Feature","id":"way/1065404739","properties":{"natural":"water","water":"pond","source":"OpenStreetMap"},"geometry":{"type":"Polygon","coordinates":[[[116.2616403,40.1575201],[116.261681,40.1575205],[116.2617007,40.1575231],[116.2617133,40.1575255],[116.2617238,40.1575251],[116.2617338,40.1575175],[116.2617469,40.1575081],[116.2617709,40.1574994],[116.2617989,40.1574938],[116.2618224,40.1574911],[116.2618556,40.1574904],[116.2618818,40.1574971],[116.2618906,40.1575038],[116.261894,40.157511],[116.2618925,40.1575195],[116.2618841,40.1575267],[116.2618735,40.1575343],[116.2618716,40.1575421],[116.2618716,40.1575473],[116.2618769,40.1575584],[116.2618803,40.1575627],[116.2618936,40.1575703],[116.261913,40.1575738],[116.2619343,40.1575802],[116.261978,40.1575938],[116.261989,40.1576048],[116.2619962,40.1576153],[116.2619988,40.1576246],[116.2619988,40.157635],[116.2620007,40.1576507],[116.2620026,40.1576606],[116.2620099,40.1576708],[116.2620171,40.1576757],[116.262049,40.1576853],[116.2620722,40.1576876],[116.2620885,40.1576899],[116.262106,40.1576919],[116.2621288,40.1576917],[116.2621664,40.1576835],[116.2621823,40.1576854],[116.2622031,40.1576983],[116.2622138,40.1577158],[116.2622123,40.1577345],[116.2622103,40.1577518],[116.2622094,40.1577739],[116.2622134,40.1577946],[116.2622105,40.1578104],[116.2622036,40.1578197],[116.262191,40.1578214],[116.26218,40.1578276],[116.2621748,40.1578368],[116.2621719,40.1578518],[116.2621662,40.1578641],[116.2621518,40.1578699],[116.2621455,40.1578684],[116.2621433,40.157865],[116.262138,40.1578642],[116.2621315,40.1578656],[116.2621242,40.1578696],[116.2621165,40.1578767],[116.2621109,40.1578787],[116.2621082,40.1578772],[116.2621032,40.1578793],[116.2620977,40.1578835],[116.2620939,40.1579042],[116.2620974,40.1579144],[116.2621039,40.1579224],[116.2621145,40.1579286],[116.2621275,40.1579299],[116.2621425,40.1579263],[116.2621563,40.1579172],[116.2621666,40.1579127],[116.2621779,40.1579132],[116.2621889,40.1579195],[116.2622009,40.1579264],[116.2622216,40.1579351],[116.2622294,40.1579414],[116.2622301,40.1579475],[116.2622354,40.1579561],[116.2622564,40.1579611],[116.2622737,40.1579617],[116.2622843,40.1579646],[116.2622858,40.1579736],[116.2622838,40.1579827],[116.2622964,40.1580025],[116.2623085,40.1580084],[116.262327,40.1580075],[116.2623442,40.1580115],[116.2623748,40.1580183],[116.2623857,40.158013],[116.2623938,40.158004],[116.2623938,40.1579908],[116.262394,40.1579791],[116.2624105,40.1579556],[116.2624249,40.1579492],[116.2624459,40.1579494],[116.2624583,40.1579492],[116.2624669,40.1579444],[116.2624738,40.1579382],[116.2624778,40.1579287],[116.262481,40.1579199],[116.2624847,40.1579114],[116.2624925,40.1579016],[116.2625036,40.1578966],[116.26251,40.1578905],[116.2625111,40.157882],[116.2625128,40.1578711],[116.2625165,40.1578538],[116.2625223,40.1578429],[116.2625268,40.157835],[116.2625298,40.1578285],[116.2625303,40.1578082],[116.2625296,40.1578],[116.2625256,40.1577776],[116.2625232,40.1577671],[116.2625192,40.1577624],[116.2625132,40.1577576],[116.2625014,40.1577435],[116.262497,40.1577349],[116.2624932,40.1577244],[116.2624908,40.1577163],[116.2624863,40.1577108],[116.2624782,40.1577043],[116.262469,40.1576981],[116.2624566,40.1576919],[116.2624324,40.1576826],[116.2624183,40.1576744],[116.2623995,40.1576715],[116.2623811,40.1576707],[116.2623235,40.1576703],[116.2623011,40.1576729],[116.2622827,40.1576771],[116.2622703,40.1576819],[116.2622553,40.1576874],[116.26224,40.1576879],[116.2622239,40.1576846],[116.2621721,40.1576615],[116.2621632,40.1576531],[116.2621482,40.1576445],[116.2621194,40.1576225],[116.2621096,40.1576135],[116.2621018,40.157604],[116.2621021,40.1575893],[116.2621134,40.1575757],[116.262179,40.1575707],[116.2621883,40.1575648],[116.262193,40.157559],[116.2621916,40.1575518],[116.2621851,40.1575449],[116.262179,40.157538],[116.262171,40.1575315],[116.26215,40.157518],[116.2621379,40.1575108],[116.2621203,40.1575022],[116.2620964,40.157496],[116.2620719,40.1574945],[116.2620443,40.1574883],[116.2620227,40.1574826],[116.261986,40.1574697],[116.2619594,40.1574587],[116.2619358,40.1574462],[116.2619203,40.1574386],[116.2619009,40.1574322],[116.2618785,40.1574264],[116.2618564,40.1574186],[116.261818,40.1574092],[116.2617889,40.1574004],[116.2617367,40.1573986],[116.2616782,40.1573977],[116.2616524,40.1573979],[116.2616414,40.1573987],[116.2616366,40.1574014],[116.2616351,40.1574063],[116.2616456,40.1574118],[116.2616506,40.1574176],[116.2616525,40.1574265],[116.2616498,40.1574321],[116.2616422,40.1574377],[116.261625,40.1574454],[116.261613,40.1574519],[116.2616034,40.1574558],[116.2615969,40.1574619],[116.2615927,40.1574659],[116.2615908,40.157483],[116.2615932,40.1574905],[116.2615988,40.1574985],[116.2616047,40.1575055],[116.2616104,40.1575115],[116.2616185,40.157516],[116.2616269,40.1575191],[116.2616403,40.1575201]]]}},{"type":"Feature","id":"way/1065404740","properties":{"highway":"residential","source":"OpenStreetMap"},"geometry":{"type":"LineString","coordinates":[[116.2664029,40.1579126],[116.2662422,40.1582834],[116.2662211,40.1583441],[116.2662116,40.1583713],[116.266201,40.1584401],[116.2662037,40.1584977],[116.2662143,40.1585675],[116.2662249,40.158614],[116.266246,40.1586666],[116.266295,40.1587626],[116.266336,40.1588253],[116.266349,40.1588428],[116.2663704,40.1588718],[116.2664088,40.1589264],[116.2664881,40.1590114],[116.2665543,40.15907],[116.266654,40.1591627],[116.2666937,40.1592123],[116.2667211,40.1592537],[116.2667337,40.1592874],[116.266744,40.1593205],[116.2667625,40.1593872],[116.2667744,40.1594681],[116.2667824,40.1595399],[116.266789,40.1596359],[116.266785,40.159734],[116.2667742,40.1598389],[116.2667604,40.159904],[116.2667408,40.1599603],[116.2666959,40.1600545],[116.2666579,40.1601196],[116.2665783,40.1602286],[116.26652,40.1602912],[116.2664742,40.1603329],[116.2664424,40.1603627],[116.2664074,40.1603905],[116.2663472,40.1604254],[116.2663009,40.1604477],[116.2662512,40.1604669],[116.26616,40.1604995],[116.266152,40.1605023],[116.2660422,40.1605351],[116.2659483,40.1605627],[116.2658806,40.1605759],[116.2658349,40.160584],[116.2657949,40.1605872],[116.2657427,40.1605861],[116.2657006,40.1605808],[116.2656475,40.1605677],[116.2655811,40.1605446],[116.2655452,40.1605287],[116.265464,40.1605023],[116.2654212,40.1604983],[116.2653889,40.1604996],[116.2653452,40.160505],[116.265313,40.1605123],[116.2652423,40.1605283],[116.2651881,40.160535],[116.2651436,40.1605363],[116.2651017,40.1605323],[116.2650488,40.1605262],[116.2650161,40.1605192],[116.2649857,40.1605096],[116.2649355,40.1604913],[116.264891,40.1604766],[116.2648389,40.1604684],[116.2647916,40.160463],[116.2647392,40.1604605],[116.2646814,40.160464],[116.2646047,40.1604722],[116.2645659,40.1604826],[116.264537,40.1604971],[116.2645112,40.1605128],[116.2644976,40.1605287],[116.2644906,40.1605453],[116.2644775,40.1606051],[116.2644652,40.1606691],[116.2644487,40.1607105],[116.2644268,40.1607605],[116.2643902,40.1608312],[116.2643448,40.1608946],[116.2643122,40.1609297],[116.2642887,40.1609511],[116.2642545,40.1609748],[116.264182,40.1610192],[116.264121,40.1610501],[116.2640424,40.1610791],[116.2639654,40.1611016],[116.2639216,40.1611116],[116.2638865,40.1611173],[116.2638399,40.1611246],[116.2637346,40.161143],[116.2636814,40.1611514],[116.2636288,40.1611576],[116.2635381,40.1611618],[116.2634045,40.1611605],[116.2632028,40.1611577],[116.2631201,40.1611506],[116.2630489,40.1611483],[116.2629774,40.1611463],[116.262887,40.1611394],[116.2628594,40.1611346],[116.2628224,40.1611199],[116.2627937,40.1611063],[116.2627645,40.1610981],[116.2627334,40.1610908],[116.2627008,40.161088],[116.2626651,40.1610827],[116.2626065,40.1610682],[116.2624543,40.1610231],[116.262397,40.1610042],[116.2623114,40.160969],[116.2622368,40.1609375],[116.262154,40.1608955],[116.2620248,40.1608234],[116.2619341,40.1607646],[116.2617305,40.1606127],[116.261647,40.1605385],[116.2615718,40.1604572],[116.261541,40.1604242],[116.2614714,40.1603496],[116.2614194,40.1602959],[116.2613441,40.1602375],[116.2612607,40.1601853],[116.2611892,40.1601472],[116.2611157,40.1601148],[116.2610174,40.1600754],[116.2608342,40.1600147]]}},{"type":"Feature","id":"way/1065424473","properties":{"highway":"residential","source":"OpenStreetMap"},"geometry":{"type":"LineString","coordinates":[[116.2643654,40.1583524],[116.2658502,40.1587305],[116.2659303,40.1587503],[116.266033,40.158767],[116.2661137,40.1587721],[116.2662029,40.1587721],[116.266295,40.1587626]]}},{"type":"Feature","id":"way/1065424474","properties":{"highway":"residential","source":"OpenStreetMap"},"geometry":{"type":"LineString","coordinates":[[116.2598388,40.1562542],[116.2615613,40.1566722],[116.2615855,40.1566798],[116.2615986,40.1566866],[116.2616099,40.1566976],[116.2616154,40.1567091],[116.2616181,40.1567254],[116.2616187,40.1567446],[116.2616132,40.1567645],[116.2614289,40.157157]]}},{"type":"Feature","id":"way/1065424475","properties":{"highway":"residential","source":"OpenStreetMap"},"geometry":{"type":"LineString","coordinates":[[116.266484,40.1612654],[116.2645667,40.1607903],[116.2644268,40.1607605]]}},{"type":"Feature","id":"way/1065424476","properties":{"highway":"residential","source":"OpenStreetMap"},"geometry":{"type":"LineString","coordinates":[[116.2622476,40.1599266],[116.2622828,40.1599469],[116.2623071,40.1599749],[116.2623178,40.1600075],[116.2623136,40.160041],[116.262295,40.1600715],[116.2622642,40.1600955],[116.2622246,40.1601102],[116.2621809,40.160114],[116.262138,40.1601064],[116.262122,40.1600986],[116.2621009,40.1600883],[116.2620755,40.1600641],[116.2620611,40.1600351],[116.2620592,40.1600041],[116.2620699,40.1599742],[116.2620921,40.1599483],[116.2621237,40.1599288],[116.2621616,40.1599178],[116.2622056,40.1599166],[116.2622476,40.1599266]]}},{"type":"Feature","id":"way/1065424477","properties":{"highway":"residential","source":"OpenStreetMap"},"geometry":{"type":"LineString","coordinates":[[116.262122,40.1600986],[116.2620668,40.1601402],[116.261989,40.1601909],[116.2618927,40.1602486],[116.2618051,40.160295],[116.261682,40.1603539],[116.261541,40.1604242]]}},{"type":"Feature","id":"way/1065424478","properties":{"highway":"residential","source":"OpenStreetMap"},"geometry":{"type":"LineString","coordinates":[[116.2617659,40.1582073],[116.2615658,40.1586722],[116.2614085,40.1590377],[116.2613961,40.1590554],[116.2613867,40.1590641],[116.2613716,40.1590712],[116.261357,40.1590762],[116.2613352,40.159079],[116.2613042,40.1590803],[116.2608476,40.1590772],[116.2608183,40.1590744],[116.2607911,40.15907],[116.2607654,40.1590643],[116.2607394,40.1590583],[116.2604064,40.15897]]}},{"type":"Feature","id":"way/1065424479","properties":{"highway":"residential","source":"OpenStreetMap"},"geometry":{"type":"LineString","coordinates":[[116.2622828,40.1599469],[116.2623105,40.1598608],[116.2623282,40.1597978],[116.262352,40.1596803],[116.2623582,40.1596147],[116.2623582,40.15956],[116.2623493,40.1594741],[116.2623387,40.1594207],[116.2623246,40.1593733],[116.2623051,40.1593152],[116.2622883,40.1592577],[116.2622626,40.1592043],[116.2622281,40.1591299],[116.2621945,40.1590805],[116.2621635,40.1590372],[116.2621219,40.1589926],[116.2620742,40.1589432],[116.2620246,40.1589027],[116.2619518,40.1588433],[116.2618947,40.1588051],[116.2618449,40.1587742],[116.2617715,40.1587369],[116.2616873,40.1587073],[116.2616143,40.1586854],[116.2615658,40.1586722],[116.2585853,40.1579538]]}},{"type":"Feature","id":"way/1065424480","properties":{"landuse":"flowerbed","source":"OpenStreetMap"},"geometry":{"type":"Polygon","coordinates":[[[116.2621408,40.1599568],[116.2621678,40.159949],[116.2621966,40.1599483],[116.2622242,40.1599547],[116.2622476,40.1599677],[116.2622642,40.1599857],[116.2622723,40.1600069],[116.2622709,40.1600289],[116.2622604,40.1600494],[116.2622416,40.1600662],[116.2622168,40.1600774],[116.2621886,40.1600819],[116.2621597,40.1600792],[116.2621336,40.1600693],[116.2621131,40.1600535],[116.2621006,40.1600335],[116.2620972,40.1600114],[116.2621035,40.1599896],[116.2621186,40.1599708],[116.2621408,40.1599568]]]}},{"type":"Feature","id":"way/1065424481","properties":{"highway":"path","source":"OpenStreetMap"},"geometry":{"type":"LineString","coordinates":[[116.2613063,40.1572431],[116.2613671,40.1573034],[116.2613937,40.1573295],[116.2614021,40.1573392],[116.2614085,40.1573484],[116.2614145,40.1573648]]}},{"type":"Feature","id":"way/1065424482","properties":{"highway":"path","source":"OpenStreetMap"},"geometry":{"type":"LineString","coordinates":[[116.2615393,40.1574875],[116.2615137,40.1574893],[116.2614785,40.1574914],[116.2614536,40.15749],[116.2614274,40.1574849],[116.2613934,40.1574796],[116.2613724,40.1574779],[116.261321,40.1574786],[116.2612861,40.1574803],[116.2612669,40.1574821],[116.2612566,40.1574875],[116.2612472,40.1574963],[116.2612393,40.1575037],[116.2612283,40.15751],[116.261223,40.1575137],[116.2612204,40.1575189],[116.2612189,40.1575258],[116.261218,40.1575391],[116.2612144,40.1575532],[116.2612152,40.1575644],[116.2612201,40.1575752],[116.2612272,40.1575904],[116.2612355,40.1576226],[116.2612432,40.1576424],[116.261257,40.1576584],[116.2612698,40.1576679],[116.261283,40.1576729],[116.2613003,40.1576769],[116.2613099,40.1576802],[116.2613165,40.1576836],[116.2613223,40.1576884],[116.2613284,40.157696],[116.2613301,40.1577054],[116.2613308,40.157723],[116.2613287,40.1577401],[116.2613224,40.1577545],[116.2613168,40.1577684],[116.2613147,40.1577899],[116.2613172,40.1578105],[116.2613275,40.1578301],[116.2613454,40.1578513],[116.2613608,40.1578667],[116.2613776,40.1578897],[116.2613901,40.1579121],[116.261402,40.157942]]}},{"type":"Feature","id":"way/1065424483","properties":{"highway":"path","source":"OpenStreetMap"},"geometry":{"type":"LineString","coordinates":[[116.2614274,40.1574849],[116.2614293,40.1574758],[116.2614334,40.1574635],[116.2614311,40.1574515],[116.2614256,40.1574427],[116.2614219,40.1574339],[116.2614173,40.1574223],[116.2614102,40.1574124],[116.2614053,40.1574031],[116.2614042,40.1573921],[116.2614053,40.1573801],[116.2614095,40.1573705],[116.2614145,40.1573648],[116.2614255,40.1573577],[116.2614391,40.1573518],[116.2614493,40.1573502],[116.2614713,40.1573486],[116.2615193,40.1573535],[116.2615425,40.1573574],[116.2615618,40.157362],[116.2615935,40.1573725],[116.2616086,40.1573792],[116.2616266,40.157387],[116.2616463,40.1573907],[116.2616691,40.1573913],[116.2617824,40.1573918],[116.261812,40.157393],[116.2618333,40.1573967],[116.2618554,40.1574013],[116.2618742,40.1574059],[116.2619058,40.1574155],[116.2619344,40.1574279],[116.2619592,40.157442],[116.2619757,40.1574509],[116.2620078,40.1574632],[116.2620298,40.1574709],[116.2620563,40.1574758],[116.2620788,40.1574755],[116.2621301,40.1574837],[116.262153,40.1574929],[116.2621786,40.157511],[116.2622027,40.1575285],[116.2622093,40.1575401],[116.2622118,40.1575489],[116.2622109,40.1575573],[116.2622053,40.1575659],[116.2621936,40.1575717],[116.2621792,40.1575769],[116.2621672,40.1575781],[116.2621555,40.15758],[116.2621497,40.1575826],[116.2621447,40.1575867],[116.26214,40.1575922],[116.2621375,40.157599],[116.2621375,40.1576042],[116.2621391,40.1576091],[116.2621439,40.1576164],[116.2621475,40.1576213],[116.2621603,40.1576348],[116.262175,40.1576481],[116.2621814,40.1576523],[116.26219,40.1576552],[116.262199,40.157658],[116.2622086,40.1576599],[116.2622207,40.1576622],[116.2622332,40.1576643],[116.2622448,40.1576642],[116.2622564,40.1576617],[116.2622662,40.1576592],[116.2622794,40.157657],[116.2623083,40.1576569],[116.2623352,40.1576572],[116.2623641,40.1576581],[116.262391,40.1576603],[116.2624154,40.157663],[116.2624443,40.157671],[116.2624712,40.1576845],[116.2624896,40.1576949],[116.2625105,40.1577197],[116.2625261,40.157736],[116.2625334,40.1577547],[116.2625374,40.157774],[116.2625426,40.1578034],[116.2625382,40.1578292],[116.2625362,40.1578448],[116.2625285,40.1578669],[116.2625201,40.1578917],[116.2625095,40.1579089],[116.2624942,40.1579244]]}},{"type":"Feature","id":"way/1065424484","properties":{"highway":"path","source":"OpenStreetMap"},"geometry":{"type":"LineString","coordinates":[[116.2619058,40.1574155],[116.2619184,40.1573863],[116.2619247,40.1573738],[116.2619313,40.1573613],[116.2619465,40.1573376],[116.2619751,40.1572965]]}},{"type":"Feature","id":"way/1065424485","properties":{"highway":"residential","source":"OpenStreetMap"},"geometry":{"type":"LineString","coordinates":[[116.257683,40.1569727],[116.2576843,40.1570345],[116.2576806,40.157081],[116.2576732,40.1571319],[116.2576613,40.1571868],[116.2576368,40.1572462],[116.2576264,40.1572672],[116.2576133,40.1572934],[116.257578,40.1573504],[116.2575484,40.1574075],[116.2575403,40.1574384],[116.2575391,40.157475],[116.2575408,40.1575077],[116.2575356,40.1575467],[116.2574037,40.1579293],[116.2573857,40.1579546],[116.2573593,40.1579748],[116.2573285,40.1579884],[116.2572908,40.1579967],[116.2572545,40.157997],[116.2572234,40.1579942],[116.2572033,40.1579905],[116.2562906,40.1577367]]}},{"type":"Feature","id":"way/1065424486","properties":{"highway":"residential","source":"OpenStreetMap"},"geometry":{"type":"LineString","coordinates":[[116.2579821,40.1572208],[116.2579296,40.1572215],[116.2578545,40.1572221],[116.2577752,40.1572247],[116.257701,40.1572262],[116.2576752,40.1572318],[116.2576574,40.1572399],[116.2576455,40.1572491],[116.2576264,40.1572672]]}},{"type":"Feature","id":"way/1065424487","properties":{"highway":"residential","source":"OpenStreetMap"},"geometry":{"type":"LineString","coordinates":[[116.2575403,40.1574384],[116.2574924,40.1574229],[116.2574358,40.1574096],[116.2573553,40.1573926],[116.2571981,40.1573704],[116.257002,40.1573633],[116.2569942,40.1573632],[116.2569853,40.1573627],[116.2569817,40.1573611],[116.2569799,40.1573573],[116.2569792,40.1573504],[116.2569779,40.1573372],[116.2569769,40.1573162],[116.2569763,40.1573082],[116.2569713,40.1573012],[116.2569604,40.1572954],[116.2569459,40.1572938],[116.2569197,40.1572901],[116.2568823,40.1572878],[116.2565782,40.1572572],[116.256553,40.1572538],[116.256527,40.1572457],[116.2565094,40.1572395],[116.2564929,40.1572279],[116.2564814,40.157216],[116.2564692,40.1572034],[116.256454,40.1571854],[116.2564461,40.1571696],[116.2564389,40.1571465],[116.2564322,40.1571015],[116.2564261,40.1570644],[116.2564274,40.157027],[116.2564352,40.1570005],[116.2565447,40.1567764],[116.2565602,40.1567514],[116.2565721,40.1567364],[116.2565844,40.156722],[116.2566024,40.1567095],[116.256625,40.1566993],[116.2566619,40.1566884],[116.2566946,40.1566818],[116.2567293,40.1566762],[116.2567646,40.1566725],[116.2568129,40.1566712],[116.256865,40.1566744],[116.2569107,40.1566829],[116.2573809,40.156814],[116.257423,40.1568226],[116.257456,40.1568251],[116.2574842,40.1568257],[116.2575181,40.1568207],[116.2575483,40.1568151],[116.257593,40.1568061]]}},{"type":"Feature","id":"way/1066293339","properties":{"highway":"residential","source":"OpenStreetMap"},"geometry":{"type":"LineString","coordinates":[[116.257604,40.1562665],[116.2575014,40.1562606],[116.2574753,40.1562585],[116.2574489,40.1562549],[116.2574091,40.1562468],[116.2570322,40.1561513],[116.2569902,40.1561377],[116.2569573,40.1561269],[116.2569219,40.1561127],[116.2568918,40.1560958],[116.2568705,40.1560752],[116.2568548,40.1560482],[116.2568534,40.15602],[116.2568563,40.155975],[116.2568677,40.1559407],[116.2569893,40.1556776],[116.2570076,40.1556433],[116.257016,40.1556302],[116.2570283,40.1556199],[116.2570433,40.1556095],[116.2570595,40.1556045],[116.2571006,40.1555976],[116.2571649,40.1555913],[116.2572256,40.1555896],[116.2572978,40.1555952],[116.2573788,40.1556057],[116.2574304,40.1556196],[116.257848,40.1557586],[116.2578774,40.1557714],[116.2578977,40.1557841],[116.2579144,40.1558015],[116.2579215,40.1558225],[116.2579235,40.1558476],[116.257924,40.1558729],[116.257925,40.1559688]]}},{"type":"Feature","id":"way/1066293340","properties":{"highway":"residential","source":"OpenStreetMap"},"geometry":{"type":"LineString","coordinates":[[116.2667211,40.1592537],[116.2668226,40.159199],[116.26689,40.1591637],[116.2669462,40.1591317],[116.2670054,40.1590938],[116.2670576,40.159057],[116.2671024,40.1590205],[116.2671136,40.1590114],[116.2671438,40.1589806],[116.2671753,40.1589453],[116.2671927,40.1589161],[116.2672322,40.1588249],[116.2673949,40.1584368],[116.2674025,40.1584091],[116.2674083,40.1583743],[116.2674118,40.1583422],[116.2674142,40.1583021],[116.267406,40.1582646],[116.2673861,40.1582262],[116.2673692,40.1582085],[116.2673475,40.1581919],[116.267313,40.1581709],[116.2672723,40.1581546],[116.26719,40.1581266],[116.2671453,40.1581157],[116.2671121,40.1581126],[116.2670683,40.1581157],[116.2670314,40.1581213],[116.2669971,40.1581292],[116.2669621,40.1581406],[116.2669229,40.1581567],[116.2668886,40.1581767],[116.2668519,40.1582047],[116.2668261,40.1582344],[116.2668028,40.1582695],[116.2666383,40.1586279],[116.2666216,40.158656],[116.2666076,40.1586774],[116.2665871,40.1587015],[116.2665619,40.1587226],[116.2665328,40.158743],[116.2664613,40.1587839],[116.266349,40.1588428]]}},{"type":"Feature","id":"way/1066293341","properties":{"highway":"residential","source":"OpenStreetMap"},"geometry":{"type":"LineString","coordinates":[[116.2664054,40.1607599],[116.2661837,40.1605237],[116.26616,40.1604995]]}},{"type":"Feature","id":"way/1066293342","properties":{"building":"house","source":"OpenStreetMap"},"geometry":{"type":"Polygon","coordinates":[[[116.2626501,40.1570255],[116.2628218,40.1570658],[116.2628847,40.1569095],[116.2626759,40.1568604],[116.2626357,40.1569603],[116.2626728,40.156969],[116.2626501,40.1570255]]]}},{"type":"Feature","id":"way/1066293343","properties":{"building":"house","source":"OpenStreetMap"},"geometry":{"type":"Polygon","coordinates":[[[116.2629107,40.1574337],[116.263147,40.1574926],[116.2631522,40.1574804],[116.2632006,40.1574924],[116.2632458,40.1573866],[116.2629611,40.1573156],[116.2629107,40.1574337]]]}},{"type":"Feature","id":"way/1066293344","properties":{"highway":"residential","source":"OpenStreetMap"},"geometry":{"type":"LineString","coordinates":[[116.2629826,40.1585172],[116.2641724,40.1588081],[116.2658964,40.1592478],[116.2659633,40.1592661],[116.2660086,40.1592773],[116.2660599,40.1592886],[116.2661096,40.1592967],[116.2661505,40.1593001],[116.2661918,40.1593018],[116.2662365,40.1593019],[116.266338,40.1593015],[116.2664295,40.1593002],[116.266468,40.1592987],[116.2665056,40.1592952],[116.2665443,40.1592905],[116.2665825,40.1592824],[116.2667211,40.1592537]]}},{"type":"Feature","id":"way/1066293345","properties":{"highway":"residential","source":"OpenStreetMap"},"geometry":{"type":"LineString","coordinates":[[116.2645415,40.1579331],[116.2662211,40.1583441]]}},{"type":"Feature","id":"way/1066293346","properties":{"highway":"residential","source":"OpenStreetMap"},"geometry":{"type":"LineString","coordinates":[[116.261647,40.1605385],[116.2615571,40.1605641],[116.2614748,40.1605921],[116.2614036,40.1606177],[116.2613467,40.1606418],[116.261293,40.1606695],[116.2612502,40.1606962],[116.2612156,40.1607241],[116.2611902,40.1607529],[116.2611587,40.1608018],[116.2611384,40.1608461],[116.2610734,40.1610011],[116.2610357,40.1610949]]}},{"type":"Feature","id":"way/1066293347","properties":{"cycleway:right":"track","highway":"service","oneway":"no","surface":"asphalt","source":"OpenStreetMap"},"geometry":{"type":"LineString","coordinates":[[116.2634347,40.1689755],[116.2634658,40.1688975],[116.263749,40.168188],[116.2639104,40.1678148],[116.2639217,40.167789],[116.2639335,40.1677551],[116.2639411,40.1677253],[116.263947,40.167693],[116.2639581,40.1675966],[116.2639646,40.1675602],[116.263971,40.1675365],[116.2639812,40.1675105],[116.264022,40.1673983],[116.2641083,40.1671873],[116.2641233,40.1671543],[116.2641401,40.167121],[116.2641762,40.1670544],[116.2642415,40.1669332],[116.2642723,40.1668676],[116.2643147,40.1667641],[116.2643768,40.1666149],[116.2644273,40.1664865],[116.2644421,40.1664457],[116.2646563,40.1659635],[116.2646924,40.1658881],[116.2647062,40.1658576],[116.2647197,40.1658314],[116.26473,40.1658119],[116.2647545,40.165771],[116.2647977,40.1656933],[116.2648276,40.165645],[116.2648543,40.1655987],[116.2648731,40.1655665],[116.2648931,40.1655284],[116.2649089,40.1654998],[116.2649216,40.1654693],[116.2649681,40.1653557],[116.2652132,40.1647747],[116.2653134,40.1645188],[116.2653929,40.1643034],[116.2657222,40.1635646],[116.2657574,40.1634821],[116.2657794,40.1634271],[116.2658027,40.1633621],[116.2658207,40.1633034],[116.2658277,40.1632713],[116.2658358,40.1632409],[116.2658468,40.1632078],[116.2658546,40.1631753],[116.2658626,40.1631442],[116.265873,40.1631069],[116.2658982,40.1630353],[116.265917,40.1629817],[116.266095,40.1625564],[116.2661353,40.162472],[116.2661845,40.1623713],[116.2662265,40.1622884],[116.2664879,40.1616351],[116.2665114,40.1615814],[116.2665384,40.1615277],[116.266583,40.1614422],[116.2666057,40.1614058],[116.2666274,40.1613737],[116.2666478,40.1613493],[116.2666758,40.1613123],[116.2666935,40.1612781],[116.2667065,40.1612393],[116.2667112,40.1611945],[116.2667158,40.1611629],[116.2667235,40.1611353],[116.2670273,40.1604597],[116.2672485,40.1599201],[116.2674991,40.1593075],[116.2679759,40.1582081],[116.2680744,40.1579852],[116.2682256,40.1576312],[116.2683102,40.1574331],[116.268473,40.157053],[116.268903,40.1560345],[116.2691058,40.1555803],[116.2694657,40.1547319],[116.269543,40.1545532],[116.2695773,40.1544751],[116.2695951,40.1544289],[116.269609,40.1543782],[116.2696189,40.154332],[116.2696342,40.1542272],[116.2696415,40.1542019],[116.2696486,40.1541812],[116.269675,40.1541245],[116.2699011,40.1536334],[116.2699195,40.1535927],[116.2699821,40.1534594],[116.2700328,40.1533449],[116.2700837,40.153228],[116.2701365,40.1530913],[116.2701816,40.1529723],[116.2702151,40.1528949],[116.2702559,40.1527989],[116.2702957,40.1527249],[116.2703165,40.1526881],[116.2703417,40.152644],[116.270371,40.1525977],[116.2704216,40.1525171],[116.2704497,40.1524676],[116.2704708,40.1524291],[116.2704891,40.1523931],[116.2705063,40.1523572],[116.2705323,40.152288],[116.2711457,40.1508462],[116.2711708,40.1507847],[116.2711922,40.1507292],[116.2712148,40.1506671],[116.2712205,40.1506463],[116.2712234,40.1506283],[116.2712348,40.1505354],[116.2712399,40.1505117],[116.2712475,40.150488],[116.2712631,40.1504472],[116.2712945,40.1503795],[116.271483,40.1499562],[116.2715475,40.149793],[116.2715889,40.1496917],[116.2716377,40.1495659],[116.2717014,40.1493996],[116.2717721,40.1492065],[116.2718065,40.1491101],[116.2718301,40.1490585],[116.2718482,40.1490188],[116.2718696,40.1489771],[116.2718977,40.1489261],[116.2719276,40.1488776],[116.271954,40.1488325],[116.2719795,40.1487857],[116.2720063,40.1487294],[116.2720443,40.1486395],[116.2720778,40.1485472],[116.2721118,40.1484586],[116.2721752,40.1483096],[116.272551,40.1473326],[116.272844,40.1465657],[116.273009,40.1461471]]}},{"type":"Feature","id":"way/1093390855","properties":{"highway":"primary","name":"G6辅路","oneway":"yes","ref":"S216","source":"OpenStreetMap"},"geometry":{"type":"LineString","coordinates":[[116.2489284,40.1481419],[116.2491317,40.1478788],[116.2497014,40.1473744],[116.2497656,40.1473021],[116.2509099,40.145984],[116.2515858,40.1451411]]}},{"type":"Feature","id":"way/1097295104","properties":{"highway":"footway","surface":"paving_stones","source":"OpenStreetMap"},"geometry":{"type":"LineString","coordinates":[[116.2636258,40.1551117],[116.2636861,40.1549819],[116.2638869,40.154502]]}},{"type":"Feature","id":"way/1097295105","properties":{"highway":"footway","surface":"asphalt","source":"OpenStreetMap"},"geometry":{"type":"LineString","coordinates":[[116.2636861,40.1549819],[116.2633252,40.1547868],[116.2632452,40.154754],[116.2631483,40.1547427],[116.2630873,40.1547522],[116.2630217,40.1547817],[116.2629827,40.1548109],[116.2629444,40.1548513],[116.2628478,40.1551031],[116.2628109,40.1551834],[116.2628049,40.1552383],[116.2628285,40.1552926],[116.2628582,40.1553431],[116.2629379,40.1554057],[116.2629972,40.1554273],[116.2630962,40.155437],[116.263232,40.1554299],[116.263322,40.1554258],[116.2633989,40.1554292],[116.2634955,40.1554633],[116.2635735,40.1555057],[116.2636472,40.1555539],[116.2637095,40.1555981],[116.2637563,40.1556197],[116.2638013,40.1556309],[116.2638534,40.155642],[116.2640099,40.1556523],[116.264057,40.1556514],[116.2640968,40.155641],[116.2641211,40.1556229],[116.2641919,40.1554851],[116.2642997,40.1552794],[116.2643332,40.1552205],[116.2643454,40.1551848],[116.264347,40.1551612],[116.2643362,40.1551365],[116.2643001,40.1551044],[116.2642513,40.1550858],[116.2639842,40.1550487],[116.2637471,40.1549984],[116.2636861,40.1549819]]}},{"type":"Feature","id":"way/1097295106","properties":{"highway":"residential","oneway":"no","surface":"asphalt","source":"OpenStreetMap"},"geometry":{"type":"LineString","coordinates":[[116.2614482,40.1544782],[116.2593795,40.1539784]]}},{"type":"Feature","id":"way/1097295107","properties":{"highway":"residential","oneway":"no","surface":"asphalt","source":"OpenStreetMap"},"geometry":{"type":"LineString","coordinates":[[116.2589208,40.1550588],[116.2593795,40.1539784],[116.2597845,40.1529719]]}},{"type":"Feature","id":"way/1123122330","properties":{"highway":"residential","source":"OpenStreetMap"},"geometry":{"type":"LineString","coordinates":[[116.2669596,40.1520449],[116.2669775,40.1519812]]}},{"type":"Feature","id":"way/1247645449","properties":{"highway":"primary","name":"北沙河中路","name:zh":"北沙河中路","name:zh-Hans":"北沙河中路","name:zh-Hant":"北沙河中路","oneway":"yes","source":"OpenStreetMap"},"geometry":{"type":"LineString","coordinates":[[116.2707301,40.1589868],[116.2706671,40.159149],[116.2706434,40.1592141],[116.270617,40.1592632],[116.2705733,40.1593164],[116.2705222,40.1593666],[116.2704655,40.1594067],[116.2704092,40.1594357],[116.2703444,40.1594653],[116.2702714,40.1594925],[116.2701726,40.1595126],[116.2700699,40.1595242],[116.2699712,40.1595258],[116.2698717,40.1595202],[116.2697794,40.1595027],[116.2685088,40.1591721],[116.268398,40.1591441],[116.2683519,40.1591312],[116.2683086,40.1591139],[116.2682599,40.1590947],[116.2681857,40.1590548],[116.2681263,40.1590138],[116.2680672,40.1589535],[116.2680289,40.1588947],[116.2680067,40.1588453],[116.267989,40.1587955],[116.2679782,40.1587572],[116.267974,40.1587271],[116.2679733,40.1586968],[116.2679765,40.1586618],[116.2679857,40.1586273],[116.2680008,40.1585808],[116.2680375,40.1585071],[116.2680991,40.15834]]}},{"type":"Feature","id":"way/1247645450","properties":{"highway":"primary","name":"北沙河中路","name:zh":"北沙河中路","name:zh-Hans":"北沙河中路","name:zh-Hant":"北沙河中路","oneway":"yes","source":"OpenStreetMap"},"geometry":{"type":"LineString","coordinates":[[116.2711463,40.1580645],[116.2707301,40.1589868]]}},{"type":"Feature","id":"way/1247645451","properties":{"highway":"primary","name":"北沙河中路","name:zh":"北沙河中路","name:zh-Hans":"北沙河中路","name:zh-Hant":"北沙河中路","oneway":"yes","source":"OpenStreetMap"},"geometry":{"type":"LineString","coordinates":[[116.2680991,40.15834],[116.2684888,40.1573649]]}},{"type":"Feature","id":"way/1247645461","properties":{"highway":"primary","name":"北沙河中路","oneway":"yes","source":"OpenStreetMap"},"geometry":{"type":"LineString","coordinates":[[116.2685088,40.1591721],[116.2683846,40.1591471],[116.2683041,40.159141],[116.2682235,40.1591387],[116.2681479,40.1591446],[116.2680878,40.1591546],[116.2680255,40.1591706],[116.2679737,40.1591895],[116.2679215,40.1592188],[116.2678641,40.1592602],[116.2678278,40.1592944],[116.2677967,40.159343],[116.2677707,40.1594019],[116.2665799,40.1623169],[116.2665252,40.162451]]}},{"type":"Feature","id":"way/1247645462","properties":{"highway":"primary","name":"北沙河中路","oneway":"yes","source":"OpenStreetMap"},"geometry":{"type":"LineString","coordinates":[[116.2662725,40.1625055],[116.266313,40.1624025],[116.2675995,40.15944],[116.2676257,40.1593705],[116.2676426,40.159314],[116.2676889,40.1592153],[116.2677278,40.1590958],[116.2677624,40.1590141],[116.2677953,40.1589382],[116.2678476,40.1588274],[116.2678932,40.1587364],[116.2679372,40.1586594],[116.2679856,40.1585873],[116.2680375,40.1585071]]}},{"type":"Feature","id":"way/1247645464","properties":{"highway":"tertiary","source":"OpenStreetMap"},"geometry":{"type":"LineString","coordinates":[[116.253976,40.1561404],[116.2558932,40.1566055],[116.2560388,40.1566389]]}},{"type":"Feature","id":"way/1247645465","properties":{"highway":"residential","source":"OpenStreetMap"},"geometry":{"type":"LineString","coordinates":[[116.253976,40.1561404],[116.253922,40.1560944],[116.2538458,40.1560803],[116.2537844,40.1560897],[116.2537279,40.1561385],[116.2537181,40.1561986],[116.2537328,40.1562399],[116.2537992,40.1562737],[116.2538655,40.1562812],[116.2539553,40.1562361],[116.253976,40.1561404]]}},{"type":"Feature","id":"way/1247652047","properties":{"highway":"primary","name":"高教园中街","oneway":"yes","source":"OpenStreetMap"},"geometry":{"type":"LineString","coordinates":[[116.2566262,40.1547891],[116.2568168,40.1548367]]}},{"type":"Feature","id":"way/1247652048","properties":{"highway":"primary","name":"北沙河西三路","oneway":"yes","source":"OpenStreetMap"},"geometry":{"type":"LineString","coordinates":[[116.2565621,40.1549237],[116.2566262,40.1547891]]}},{"type":"Feature","id":"way/1247652049","properties":{"highway":"primary","name":"北沙河中路","name:zh":"北沙河中路","name:zh-Hans":"北沙河中路","name:zh-Hant":"北沙河中路","oneway":"yes","source":"OpenStreetMap"},"geometry":{"type":"LineString","coordinates":[[116.2684888,40.1573649],[116.2685378,40.1572451]]}},{"type":"Feature","id":"way/1247652050","properties":{"highway":"primary","name":"北沙河中路","name:zh":"北沙河中路","name:zh-Hans":"北沙河中路","name:zh-Hant":"北沙河中路","oneway":"yes","source":"OpenStreetMap"},"geometry":{"type":"LineString","coordinates":[[116.2695754,40.1569135],[116.2707762,40.1572172],[116.2708686,40.157247],[116.2709343,40.1572763],[116.2709915,40.1573103],[116.2710313,40.1573366],[116.2710801,40.1573784],[116.2711166,40.1574185],[116.271151,40.1574719],[116.2711787,40.157516],[116.2712021,40.1575684],[116.2712132,40.1576054],[116.2712243,40.1576482],[116.2712324,40.1576894],[116.2712362,40.1577406],[116.2712329,40.1577981],[116.2712211,40.1578766],[116.2711984,40.1579494],[116.2711463,40.1580645]]}},{"type":"Feature","id":"way/1278816497","properties":{"highway":"tertiary","name":"北沙河西四路","oneway":"yes","source":"OpenStreetMap"},"geometry":{"type":"LineString","coordinates":[[116.2527767,40.1538153],[116.2527094,40.1539537]]}},{"type":"Feature","id":"way/1278816498","properties":{"highway":"primary","name":"高教园中街","oneway":"yes","source":"OpenStreetMap"},"geometry":{"type":"LineString","coordinates":[[116.2527094,40.1539537],[116.2525735,40.1539225]]}},{"type":"Feature","id":"way/1278820931","properties":{"highway":"primary","name":"百沙路","name:zh":"百沙路","name:zh-Hans":"百沙路","name:zh-Hant":"百沙路","oneway":"yes","source":"OpenStreetMap"},"geometry":{"type":"LineString","coordinates":[[116.280205,40.1477199],[116.2796292,40.1476038],[116.2785509,40.1473506],[116.2779352,40.1471971],[116.2733796,40.146061]]}},{"type":"Feature","id":"way/1278820932","properties":{"highway":"tertiary","oneway":"yes","source":"OpenStreetMap"},"geometry":{"type":"LineString","coordinates":[[116.2718809,40.14989],[116.2717011,40.1498367]]}},{"type":"Feature","id":"way/1278820933","properties":{"highway":"primary","name":"北沙河中路","name:zh":"北沙河中路","name:zh-Hans":"北沙河中路","name:zh-Hant":"北沙河中路","oneway":"yes","source":"OpenStreetMap"},"geometry":{"type":"LineString","coordinates":[[116.2719182,40.1497849],[116.2718809,40.14989]]}},{"type":"Feature","id":"way/1301299106","properties":{"landuse":"brownfield","source":"OpenStreetMap"},"geometry":{"type":"Polygon","coordinates":[[[116.2718546,40.1573645],[116.2735025,40.1575405],[116.274706,40.1548946],[116.2737096,40.1545794],[116.2733633,40.1553544],[116.2712857,40.1552977],[116.2712115,40.1560791],[116.2718546,40.1573645]]]}},{"type":"Feature","id":"way/1384662823","properties":{"leisure":"park","source":"OpenStreetMap"},"geometry":{"type":"Polygon","coordinates":[[[116.2738141,40.1458179],[116.273691,40.1457031],[116.2740629,40.1447637],[116.274287,40.1448089],[116.2742254,40.1449821],[116.2751957,40.1452306],[116.2749199,40.1458819],[116.2769048,40.1463846],[116.276858,40.1465013],[116.27673,40.1465521],[116.2738141,40.1458179]]]}},{"type":"Feature","id":"way/1384662832","properties":{"landuse":"brownfield","source":"OpenStreetMap"},"geometry":{"type":"Polygon","coordinates":[[[116.271915,40.1613359],[116.2727511,40.1594531],[116.2750505,40.1599723],[116.2742741,40.1619121],[116.271915,40.1613359]]]}},{"type":"Feature","id":"way/1384662833","properties":{"highway":"proposed","name":"北沙河东二路","proposed":"tertiary","source":"OpenStreetMap"},"geometry":{"type":"LineString","coordinates":[[116.2698926,40.1669314],[116.2727997,40.1595848],[116.2747636,40.1550361]]}},{"type":"Feature","id":"way/1384662834","properties":{"landuse":"construction","name":"梧桐星宸","source":"OpenStreetMap"},"geometry":{"type":"Polygon","coordinates":[[[116.273286,40.1587573],[116.2748917,40.154959],[116.2771229,40.1555011],[116.2760833,40.1580947],[116.2759109,40.158067],[116.2757931,40.1584148],[116.2756453,40.1583809],[116.2752907,40.1592542],[116.273286,40.1587573]]]}},{"type":"Feature","id":"way/1384662835","properties":{"highway":"proposed","proposed":"tertiary","source":"OpenStreetMap"},"geometry":{"type":"LineString","coordinates":[[116.2743511,40.1620651],[116.2676209,40.1604825]]}},{"type":"Feature","id":"way/1384662836","properties":{"highway":"proposed","proposed":"tertiary","source":"OpenStreetMap"},"geometry":{"type":"LineString","coordinates":[[116.2751344,40.1605995],[116.2737681,40.1602561],[116.2727906,40.1600038]]}},{"type":"Feature","id":"way/1384662837","properties":{"highway":"proposed","proposed":"tertiary","source":"OpenStreetMap"},"geometry":{"type":"LineString","coordinates":[[116.2737681,40.1602561],[116.2722279,40.1638781]]}},{"type":"Feature","id":"way/1441850517","properties":{"leisure":"pitch","sport":"soccer","source":"OpenStreetMap"},"geometry":{"type":"Polygon","coordinates":[[[116.2543286,40.1603394],[116.2542755,40.1599428],[116.2539391,40.1599691],[116.2539922,40.1603657],[116.2543286,40.1603394]]]}},{"type":"Feature","id":"way/1441850518","properties":{"leisure":"pitch","sport":"basketball","source":"OpenStreetMap"},"geometry":{"type":"Polygon","coordinates":[[[116.2553685,40.1514012],[116.2552045,40.1513593],[116.2550991,40.1515998],[116.2552632,40.1516418],[116.2553685,40.1514012]]]}},{"type":"Feature","id":"way/1441850519","properties":{"leisure":"pitch","sport":"basketball","source":"OpenStreetMap"},"geometry":{"type":"Polygon","coordinates":[[[116.2555552,40.1514559],[116.2553911,40.1514139],[116.2552858,40.1516545],[116.2554499,40.1516965],[116.2555552,40.1514559]]]}},{"type":"Feature","id":"way/1441850520","properties":{"leisure":"pitch","sport":"basketball","source":"OpenStreetMap"},"geometry":{"type":"Polygon","coordinates":[[[116.2557457,40.1515011],[116.2555817,40.1514591],[116.2554764,40.1516997],[116.2556405,40.1517417],[116.2557457,40.1515011]]]}},{"type":"Feature","id":"way/1441850521","properties":{"leisure":"pitch","sport":"basketball","source":"OpenStreetMap"},"geometry":{"type":"Polygon","coordinates":[[[116.2558738,40.1512004],[116.2557098,40.1511584],[116.2556045,40.151399],[116.2557686,40.151441],[116.2558738,40.1512004]]]}},{"type":"Feature","id":"way/1441850522","properties":{"leisure":"pitch","sport":"basketball","source":"OpenStreetMap"},"geometry":{"type":"Polygon","coordinates":[[[116.2556874,40.1511514],[116.2555234,40.1511095],[116.2554181,40.15135],[116.2555821,40.151392],[116.2556874,40.1511514]]]}},{"type":"Feature","id":"way/1441850523","properties":{"leisure":"pitch","sport":"basketball","source":"OpenStreetMap"},"geometry":{"type":"Polygon","coordinates":[[[116.255496,40.1511006],[116.255332,40.1510586],[116.2552267,40.1512992],[116.2553908,40.1513411],[116.255496,40.1511006]]]}},{"type":"Feature","id":"way/1536586134","properties":{"construction":"primary","highway":"construction","source":"OpenStreetMap"},"geometry":{"type":"LineString","coordinates":[[116.2712606,40.1586184],[116.2682231,40.1578475]]}},{"type":"Feature","id":"way/1536586135","properties":{"construction":"tertiary","highway":"construction","source":"OpenStreetMap"},"geometry":{"type":"LineString","coordinates":[[116.2694742,40.1557076],[116.2737096,40.1567948]]}},{"type":"Feature","id":"way/1536586136","properties":{"construction":"tertiary","highway":"construction","source":"OpenStreetMap"},"geometry":{"type":"LineString","coordinates":[[116.2715218,40.1572808],[116.2735048,40.1544926]]}},{"type":"Feature","id":"way/1536586137","properties":{"landuse":"forest","source":"OpenStreetMap"},"geometry":{"type":"Polygon","coordinates":[[[116.2535291,40.142269],[116.2524972,40.1422319],[116.2539763,40.1404173],[116.2547927,40.1407428],[116.2535291,40.142269]]]}},{"type":"Feature","id":"way/1536586139","properties":{"landuse":"forest","source":"OpenStreetMap"},"geometry":{"type":"Polygon","coordinates":[[[116.2462638,40.1442419],[116.2453045,40.14412],[116.2452599,40.1441522],[116.2449081,40.144102],[116.2471129,40.1415596],[116.2476219,40.1408244],[116.2490127,40.140941],[116.2510191,40.1411107],[116.2497205,40.1421253],[116.2482136,40.1422877],[116.248136,40.142425],[116.2474785,40.1422596],[116.2462638,40.1442419]]]}},{"type":"Feature","id":"way/1538435587","properties":{"building":"industrial","height":"15","name":"配电装置楼","source":"OpenStreetMap"},"geometry":{"type":"Polygon","coordinates":[[[116.2678738,40.1483592],[116.2676678,40.1482948],[116.2677476,40.148146],[116.2678444,40.1481763],[116.2678712,40.1481262],[116.2677729,40.1480954],[116.2678056,40.1480342],[116.267904,40.148065],[116.2679323,40.1480123],[116.2678303,40.1479804],[116.2678657,40.1479143],[116.2679575,40.147943],[116.2679768,40.1479072],[116.267873,40.1478747],[116.2679099,40.147806],[116.2681328,40.1478757],[116.2678738,40.1483592]]]}},{"type":"Feature","id":"way/1548793901","properties":{"building":"residential","layer":"1","name":"6号楼","source":"OpenStreetMap"},"geometry":{"type":"Polygon","coordinates":[[[116.2540543,40.1567704],[116.2541042,40.1566708],[116.2551373,40.1569618],[116.2550863,40.1570663],[116.2540543,40.1567704]]]}},{"type":"Feature","id":"way/1548793902","properties":{"building":"residential","layer":"1","name":"5号楼","source":"OpenStreetMap"},"geometry":{"type":"Polygon","coordinates":[[[116.2542199,40.1565054],[116.2542604,40.1564023],[116.2552983,40.156679],[116.2552513,40.1567804],[116.2542199,40.1565054]]]}},{"type":"Feature","id":"way/1548793903","properties":{"building":"residential","layer":"1","name":"7号楼","source":"OpenStreetMap"},"geometry":{"type":"Polygon","coordinates":[[[116.2538901,40.1570748],[116.2539493,40.1569681],[116.254983,40.1572541],[116.254928,40.1573431],[116.2538901,40.1570748]]]}},{"type":"Feature","id":"way/1548793904","properties":{"building":"residential","layer":"1","name":"8号楼","source":"OpenStreetMap"},"geometry":{"type":"Polygon","coordinates":[[[116.2537614,40.1573864],[116.2538205,40.1572797],[116.2548503,40.1575564],[116.2547992,40.1576547],[116.2537614,40.1573864]]]}},{"type":"Feature","id":"way/1548793905","properties":{"building":"residential","layer":"1","name":"3号楼","source":"OpenStreetMap"},"geometry":{"type":"Polygon","coordinates":[[[116.2550646,40.1580591],[116.2549108,40.1580211],[116.2551185,40.1574829],[116.2552817,40.1575307],[116.2550646,40.1580591]]]}},{"type":"Feature","id":"way/1548795049","properties":{"building":"residential","layer":"1","name":"4号楼","source":"OpenStreetMap"},"geometry":{"type":"Polygon","coordinates":[[[116.2552909,40.1574074],[116.2551494,40.1573756],[116.2553774,40.156825],[116.255504,40.1568635],[116.2552909,40.1574074]]]}},{"type":"Feature","id":"way/1548795050","properties":{"building":"residential","layer":"1","name":"14号楼","source":"OpenStreetMap"},"geometry":{"type":"Polygon","coordinates":[[[116.2533309,40.1589594],[116.2532179,40.1589581],[116.253226,40.1582755],[116.2533623,40.1582784],[116.2533309,40.1589594]]]}},{"type":"Feature","id":"way/1548795051","properties":{"building":"residential","layer":"1","name":"15号楼","source":"OpenStreetMap"},"geometry":{"type":"Polygon","coordinates":[[[116.2534257,40.1579701],[116.2532772,40.1579578],[116.2534194,40.157309],[116.2535715,40.1573272],[116.2534257,40.1579701]]]}},{"type":"Feature","id":"way/1548795052","properties":{"building":"residential","layer":"1","name":"16号楼","source":"OpenStreetMap"},"geometry":{"type":"Polygon","coordinates":[[[116.2536431,40.1571133],[116.2535025,40.1570886],[116.2537408,40.1564469],[116.2538737,40.1564677],[116.2536431,40.1571133]]]}},{"type":"Feature","id":"way/1548795053","properties":{"building":"residential","layer":"1","name":"22号楼","source":"OpenStreetMap"},"geometry":{"type":"Polygon","coordinates":[[[116.2519213,40.1590414],[116.2517688,40.1590482],[116.2517303,40.1583903],[116.2518919,40.158385],[116.2519213,40.1590414]]]}},{"type":"Feature","id":"way/1548795054","properties":{"building":"residential","layer":"1","name":"23号楼","source":"OpenStreetMap"},"geometry":{"type":"Polygon","coordinates":[[[116.2519341,40.1580767],[116.2517895,40.158078],[116.2518296,40.1575366],[116.2519751,40.1575486],[116.2519341,40.1580767]]]}},{"type":"Feature","id":"way/1548795055","properties":{"building":"residential","layer":"1","name":"24号楼","source":"OpenStreetMap"},"geometry":{"type":"Polygon","coordinates":[[[116.2520351,40.1573869],[116.2518717,40.1573551],[116.2519222,40.157189],[116.252095,40.1572185],[116.2520351,40.1573869]]]}},{"type":"Feature","id":"way/1548795056","properties":{"building":"residential","layer":"1","name":"25号楼","source":"OpenStreetMap"},"geometry":{"type":"Polygon","coordinates":[[[116.2521919,40.1570148],[116.251979,40.1569697],[116.2522229,40.1564264],[116.2524235,40.1564785],[116.2521919,40.1570148]]]}},{"type":"Feature","id":"way/1548795057","properties":{"building":"residential","layer":"1","name":"17号楼","source":"OpenStreetMap"},"geometry":{"type":"Polygon","coordinates":[[[116.2524816,40.1563424],[116.2522901,40.1562973],[116.2524947,40.155889],[116.2535386,40.1561666],[116.2534839,40.1562895],[116.2526119,40.1560607],[116.2524816,40.1563424]]]}},{"type":"Feature","id":"way/1548795058","properties":{"building":"residential","name":"21号楼","source":"OpenStreetMap"},"geometry":{"type":"Polygon","coordinates":[[[116.251819,40.1595629],[116.2518101,40.1594588],[116.252562,40.1593967],[116.2525743,40.1594951],[116.251819,40.1595629]]]}},{"type":"Feature","id":"way/1548801858","properties":{"highway":"residential","source":"OpenStreetMap"},"geometry":{"type":"LineString","coordinates":[[116.2531392,40.1591263],[116.2531261,40.1582582],[116.2531596,40.1581635],[116.2531632,40.1579741],[116.253305,40.1573018],[116.2533536,40.1571628],[116.2534892,40.1567755],[116.2536384,40.1563765],[116.2537328,40.1562399]]}},{"type":"Feature","id":"way/1548801859","properties":{"highway":"residential","source":"OpenStreetMap"},"geometry":{"type":"LineString","coordinates":[[116.2520742,40.1592942],[116.2520227,40.1582539],[116.2520044,40.1581726],[116.2520864,40.1575932],[116.2521827,40.1572256],[116.2523538,40.1568722],[116.2525202,40.1564903],[116.2526865,40.1561441],[116.2536384,40.1563765]]}},{"type":"Feature","id":"way/1548801860","properties":{"highway":"residential","source":"OpenStreetMap"},"geometry":{"type":"LineString","coordinates":[[116.2527207,40.159618],[116.2527208,40.1595755],[116.2526929,40.1592749],[116.2529517,40.159226],[116.2530726,40.1591671],[116.2531392,40.1591263],[116.2534526,40.1590272],[116.2534287,40.1588796],[116.2534855,40.1581815],[116.2536538,40.1574206],[116.2548643,40.1577476],[116.2550178,40.1574374],[116.2550642,40.1573446],[116.2551528,40.1571303],[116.255256,40.156881],[116.254028,40.1565287],[116.2539993,40.1564471],[116.2539344,40.1563673],[116.2539553,40.1562361]]}},{"type":"Feature","id":"way/1548801861","properties":{"highway":"residential","source":"OpenStreetMap"},"geometry":{"type":"LineString","coordinates":[[116.2551528,40.1571303],[116.2539169,40.1567808]]}},{"type":"Feature","id":"way/1548801862","properties":{"highway":"residential","source":"OpenStreetMap"},"geometry":{"type":"LineString","coordinates":[[116.2526929,40.1592749],[116.2520742,40.1592942]]}},{"type":"Feature","id":"way/1548801863","properties":{"highway":"residential","source":"OpenStreetMap"},"geometry":{"type":"LineString","coordinates":[[116.254028,40.1565287],[116.2539169,40.1567808],[116.2537749,40.1571032],[116.2537163,40.1572568],[116.2536538,40.1574206]]}},{"type":"Feature","id":"way/1548801864","properties":{"highway":"residential","source":"OpenStreetMap"},"geometry":{"type":"LineString","coordinates":[[116.2550178,40.1574374],[116.2537749,40.1571032]]}},{"type":"Feature","id":"way/1548801865","properties":{"highway":"residential","source":"OpenStreetMap"},"geometry":{"type":"LineString","coordinates":[[116.2548643,40.1577476],[116.2547777,40.1579733]]}},{"type":"Feature","id":"way/1548801866","properties":{"highway":"residential","source":"OpenStreetMap"},"geometry":{"type":"LineString","coordinates":[[116.2531261,40.1582582],[116.2520227,40.1582539]]}},{"type":"Feature","id":"way/1548801867","properties":{"highway":"residential","source":"OpenStreetMap"},"geometry":{"type":"LineString","coordinates":[[116.2534855,40.1581815],[116.2531596,40.1581635]]}},{"type":"Feature","id":"way/1548801868","properties":{"highway":"residential","source":"OpenStreetMap"},"geometry":{"type":"LineString","coordinates":[[116.2537163,40.1572568],[116.2533536,40.1571628]]}},{"type":"Feature","id":"way/1548990966","properties":{"building":"residential","name":"20号楼","source":"OpenStreetMap"},"geometry":{"type":"Polygon","coordinates":[[[116.2522209,40.1591982],[116.252205,40.1590669],[116.252921,40.159032],[116.2529262,40.1591467],[116.2522209,40.1591982]]]}},{"type":"Feature","id":"reference/shahe/525","properties":{"building":"yes","name":"学生10公寓","source":"北航官网校区图配准描绘；轮廓、位置及未注明高度为估算","displayHeight":25},"geometry":{"type":"Polygon","coordinates":[[[116.25838096550697,40.15228899035553],[116.25950032009366,40.15258646500074],[116.25962936347332,40.15203104737089],[116.25949285681641,40.15199476997514],[116.25938962211268,40.152439104079015],[116.25854328083982,40.15221418422532],[116.25864651554355,40.15176985012145],[116.25851000888665,40.15173357272569],[116.25838096550697,40.15228899035553]]]}},{"type":"Feature","id":"reference/shahe/526","properties":{"building":"yes","name":"学生11公寓","source":"北航官网校区图配准描绘；轮廓、位置及未注明高度为估算","displayHeight":25},"geometry":{"type":"Polygon","coordinates":[[[116.25954484952159,40.15439102226188],[116.26036388946306,40.15460868663643],[116.26040518334456,40.15443095299488],[116.25958614340308,40.15421328862033],[116.25954484952159,40.15439102226188]]]}},{"type":"Feature","id":"reference/shahe/527","properties":{"building":"yes","name":"沙河唯实酒店·西楼","source":"北航官网校区图配准描绘；轮廓、位置及未注明高度为估算","displayHeight":26},"geometry":{"type":"Polygon","coordinates":[[[116.25937193139283,40.155135281885876],[116.25960399270959,40.15519695345866],[116.25974077869203,40.15460821077103],[116.25950871737528,40.15454653919824],[116.25937193139283,40.155135281885876]]]}},{"type":"Feature","id":"reference/shahe/528","properties":{"building":"yes","name":"沙河唯实酒店·北楼","source":"北航官网校区图配准描绘；轮廓、位置及未注明高度为估算","displayHeight":26},"geometry":{"type":"Polygon","coordinates":[[[116.25981133356255,40.1552402611997],[116.2609989414777,40.155555874542785],[116.26104023535919,40.155378140901234],[116.25985262744405,40.15506252755815],[116.25981133356255,40.1552402611997]]]}},{"type":"Feature","id":"reference/shahe/529","properties":{"building":"yes","name":"学术会议中心","source":"北航官网校区图配准描绘；轮廓、位置及未注明高度为估算","displayHeight":20},"geometry":{"type":"Polygon","coordinates":[[[116.26046025300951,40.15512965353913],[116.26106088229993,40.15528927408046],[116.26121573435553,40.15462277292465],[116.26105192636724,40.15457924004974],[116.26092804472276,40.15511244097439],[116.26065503140893,40.15503988618288],[116.26077891305341,40.15450668525823],[116.26061510506511,40.154463152383315],[116.26046025300951,40.15512965353913]]]}},{"type":"Feature","id":"reference/shahe/530","properties":{"building":"yes","name":"1号楼","source":"北航官网校区图配准描绘；轮廓、位置及未注明高度为估算","displayHeight":24},"geometry":{"type":"Polygon","coordinates":[[[116.2598264725048,40.15018455876959],[116.26026329380691,40.15030064643601],[116.2603458815699,40.14994517915291],[116.25990906026779,40.14982909148649],[116.2598264725048,40.15018455876959]]]}},{"type":"Feature","id":"reference/shahe/531","properties":{"building":"yes","name":"2号楼","source":"北航官网校区图配准描绘；轮廓、位置及未注明高度为估算","displayHeight":24},"geometry":{"type":"Polygon","coordinates":[[[116.25910923717049,40.14984062450916],[116.25949145580985,40.149942201217286],[116.25957146270524,40.14959784228678],[116.25918924406588,40.14949626557866],[116.25910923717049,40.14984062450916]]]}},{"type":"Feature","id":"reference/shahe/532","properties":{"building":"yes","name":"3号楼","source":"北航官网校区图配准描绘；轮廓、位置及未注明高度为估算","displayHeight":24},"geometry":{"type":"Polygon","coordinates":[[[116.25949866885155,40.14878828335043],[116.2598945381566,40.14889348779812],[116.2599693833168,40.14857134557281],[116.25957351401176,40.14846614112512],[116.25949866885155,40.14878828335043]]]}},{"type":"Feature","id":"reference/shahe/533","properties":{"building":"yes","name":"4号楼","source":"北航官网校区图配准描绘；轮廓、位置及未注明高度为估算","displayHeight":24},"geometry":{"type":"Polygon","coordinates":[[[116.26024578638484,40.1491283647374],[116.26062800502419,40.14922994144552],[116.26072091625755,40.14883004075203],[116.2603386976182,40.14872846404391],[116.26024578638484,40.1491283647374]]]}},{"type":"Feature","id":"reference/shahe/534","properties":{"building":"yes","name":"5号楼（在建）","source":"北航官网现行校区图标为在建；体量为示意","displayHeight":16,"construction":"yes"},"geometry":{"type":"Polygon","coordinates":[[[116.25955799971621,40.150903424216544],[116.26009037567816,40.15104490606],[116.26014973563281,40.15078941395027],[116.25961735967086,40.15064793210682],[116.25955799971621,40.150903424216544]]]}},{"type":"Feature","id":"reference/shahe/535","properties":{"building":"yes","name":"6号楼（在建）","source":"北航官网现行校区图标为在建；体量为示意","displayHeight":16,"construction":"yes"},"geometry":{"type":"Polygon","coordinates":[[[116.2588832715933,40.15112511540308],[116.25932009289542,40.15124120306951],[116.25937687198248,40.150996819312375],[116.25894005068035,40.150880731645955],[116.2588832715933,40.15112511540308]]]}},{"type":"Feature","id":"reference/shahe/536","properties":{"building":"yes","name":"7号楼（在建）","source":"北航官网现行校区图标为在建；体量为示意","displayHeight":16,"construction":"yes"},"geometry":{"type":"Polygon","coordinates":[[[116.2589224516094,40.15164267970008],[116.25946847823704,40.15178778928311],[116.25953041905929,40.15152118882079],[116.25898439243163,40.15137607923776],[116.2589224516094,40.15164267970008]]]}},{"type":"Feature","id":"reference/shahe/537","properties":{"building":"yes","name":"风洞实验室","source":"北航官网校区图配准描绘；轮廓、位置及未注明高度为估算","displayHeight":13,"model":"wind"},"geometry":{"type":"Polygon","coordinates":[[[116.26114247349966,40.15312902440234],[116.26207071876667,40.15337571069349],[116.26215330652965,40.15302024341039],[116.26156632790493,40.15286425060864],[116.26154826183178,40.15294200907681],[116.2619714324682,40.153054469003656],[116.26194046205708,40.15318776923482],[116.26135348343236,40.15303177643307],[116.26140768165182,40.152798501028535],[116.26120292166645,40.152744084934895],[116.26114247349966,40.15312902440234]]]}},{"type":"Feature","id":"reference/shahe/538","properties":{"name":"天空之镜","source":"北航官网校区图配准描绘；轮廓、位置及未注明高度为估算","displayHeight":0.15,"natural":"water"},"geometry":{"type":"Polygon","coordinates":[[[116.26352788768256,40.152843011231894],[116.26389645565622,40.15294096020044],[116.26412357200444,40.151963425171914],[116.26375500403077,40.15186547620337],[116.26352788768256,40.152843011231894]]]}},{"type":"Feature","id":"reference/shahe/539","properties":{"name":"中央草坪","source":"北航官网校区图配准描绘；轮廓、位置及未注明高度为估算","displayHeight":0.1,"landuse":"grass"},"geometry":{"type":"Polygon","coordinates":[[[116.26296304865402,40.15271649061449],[116.26341352062184,40.15283620602048],[116.26364837957283,40.15182534593417],[116.26319790760502,40.15170563052817],[116.26296304865402,40.15271649061449]]]}},{"type":"Feature","id":"reference/shahe/540","properties":{"name":"中央草坪","source":"北航官网校区图配准描绘；轮廓、位置及未注明高度为估算","displayHeight":0.1,"landuse":"grass"},"geometry":{"type":"Polygon","coordinates":[[[116.26400049924656,40.15299219882224],[116.26454652587421,40.15313730840526],[116.26478138482521,40.15212644831895],[116.26423535819755,40.15198133873592],[116.26400049924656,40.15299219882224]]]}},{"type":"Feature","id":"reference/shahe/541","properties":{"building":"yes","name":"南门","source":"北航官网校区图配准描绘；轮廓、位置及未注明高度为估算","displayHeight":9,"model":"gate"},"geometry":{"type":"Polygon","coordinates":[[[116.26451405842874,40.1479746004565],[116.2653740503673,40.14820314804977],[116.26539985904324,40.148092064523794],[116.26453986710469,40.14786351693053],[116.26451405842874,40.1479746004565]]]}}],"referenceMap":{"url":"https://www.buaa.edu.cn/xygk/xydt1/shxq.htm","method":"以三个已知建筑中心进行仿射配准补绘；不作为测绘数据"}}